version,1.6.0
info,balls_per_over,6
info,team,Kolkata Knight Riders
info,team,Mumbai Indians
info,gender,male
info,season,2007/08
info,date,2008/04/29
info,event,Indian Premier League
info,match_number,16
info,venue,Eden Gardens
info,city,Kolkata
info,toss_winner,Kolkata Knight Riders
info,toss_decision,bat
info,player_of_match,ST Jayasuriya
info,umpire,BF Bowden
info,umpire,AV Jayaprakash
info,reserve_umpire,SK Porel
info,tv_umpire,MR Benson
info,match_referee,S Venkataraghavan
info,winner,Mumbai Indians
info,winner_wickets,7
info,player,Kolkata Knight Riders,BB McCullum
info,player,Kolkata Knight Riders,SC Ganguly
info,player,Kolkata Knight Riders,RT Ponting
info,player,Kolkata Knight Riders,DB Das
info,player,Kolkata Knight Riders,DJ Hussey
info,player,Kolkata Knight Riders,Mohammad Hafeez
info,player,Kolkata Knight Riders,LR Shukla
info,player,Kolkata Knight Riders,AB Agarkar
info,player,Kolkata Knight Riders,M Kartik
info,player,Kolkata Knight Riders,I Sharma
info,player,Kolkata Knight Riders,AB Dinda
info,player,Mumbai Indians,AM Rahane
info,player,Mumbai Indians,ST Jayasuriya
info,player,Mumbai Indians,MK Pandey
info,player,Mumbai Indians,RV Uthappa
info,player,Mumbai Indians,DJ Bravo
info,player,Mumbai Indians,SM Pollock
info,player,Mumbai Indians,AM Nayar
info,player,Mumbai Indians,A Nehra
info,player,Mumbai Indians,DS Kulkarni
info,player,Mumbai Indians,CRD Fernando
info,player,Mumbai Indians,PR Shah
info,registry,people,A Nehra,96fd40ae
info,registry,people,AB Agarkar,fa463154
info,registry,people,AB Dinda,66b30f71
info,registry,people,AM Nayar,a45a5e8d
info,registry,people,AM Rahane,29e95537
info,registry,people,AV Jayaprakash,bde6e9ef
info,registry,people,BB McCullum,b8a55852
info,registry,people,BF Bowden,efc0a862
info,registry,people,CRD Fernando,342d8ade
info,registry,people,DB Das,7050a1e7
info,registry,people,DJ Bravo,87e562a9
info,registry,people,DJ Hussey,fd835ab3
info,registry,people,DS Kulkarni,d2a989fc
info,registry,people,I Sharma,5bb1a1c4
info,registry,people,LR Shukla,b1451597
info,registry,people,M Kartik,abfeb126
info,registry,people,MK Pandey,93b4fc78
info,registry,people,MR Benson,790e14d3
info,registry,people,Mohammad Hafeez,9ab63e7b
info,registry,people,PR Shah,0aadc906
info,registry,people,RT Ponting,7d415ea5
info,registry,people,RV Uthappa,1c17e270
info,registry,people,S Venkataraghavan,12453319
info,registry,people,SC Ganguly,725529bc
info,registry,people,SK Porel,350a07a7
info,registry,people,SM Pollock,88fccd6c
info,registry,people,ST Jayasuriya,f233bbb4
ball,1,0.1,Kolkata Knight Riders,BB McCullum,SC Ganguly,SM Pollock,1,0,,,,,,"",""
ball,1,0.2,Kolkata Knight Riders,SC Ganguly,BB McCullum,SM Pollock,4,0,,,,,,"",""
ball,1,0.3,Kolkata Knight Riders,SC Ganguly,BB McCullum,SM Pollock,0,0,,,,,,caught,SC Ganguly
ball,1,0.4,Kolkata Knight Riders,RT Ponting,BB McCullum,SM Pollock,1,0,,,,,,"",""
ball,1,0.5,Kolkata Knight Riders,BB McCullum,RT Ponting,SM Pollock,0,0,,,,,,lbw,BB McCullum
ball,1,0.6,Kolkata Knight Riders,DB Das,RT Ponting,SM Pollock,0,0,,,,,,"",""
ball,1,1.1,Kolkata Knight Riders,RT Ponting,DB Das,A Nehra,0,0,,,,,,"",""
ball,1,1.2,Kolkata Knight Riders,RT Ponting,DB Das,A Nehra,1,0,,,,,,"",""
ball,1,1.3,Kolkata Knight Riders,DB Das,RT Ponting,A Nehra,4,0,,,,,,"",""
ball,1,1.4,Kolkata Knight Riders,DB Das,RT Ponting,A Nehra,4,0,,,,,,"",""
ball,1,1.5,Kolkata Knight Riders,DB Das,RT Ponting,A Nehra,0,0,,,,,,"",""
ball,1,1.6,Kolkata Knight Riders,DB Das,RT Ponting,A Nehra,0,0,,,,,,"",""
ball,1,2.1,Kolkata Knight Riders,RT Ponting,DB Das,SM Pollock,0,0,,,,,,"",""
ball,1,2.2,Kolkata Knight Riders,RT Ponting,DB Das,SM Pollock,0,0,,,,,,"",""
ball,1,2.3,Kolkata Knight Riders,RT Ponting,DB Das,SM Pollock,1,0,,,,,,"",""
ball,1,2.4,Kolkata Knight Riders,DB Das,RT Ponting,SM Pollock,0,0,,,,,,"",""
ball,1,2.5,Kolkata Knight Riders,DB Das,RT Ponting,SM Pollock,6,0,,,,,,"",""
ball,1,2.6,Kolkata Knight Riders,DB Das,RT Ponting,SM Pollock,0,0,,,,,,"",""
ball,1,3.1,Kolkata Knight Riders,RT Ponting,DB Das,CRD Fernando,0,0,,,,,,"",""
ball,1,3.2,Kolkata Knight Riders,RT Ponting,DB Das,CRD Fernando,1,0,,,,,,"",""
ball,1,3.3,Kolkata Knight Riders,DB Das,RT Ponting,CRD Fernando,0,1,1,,,,,"",""
ball,1,3.4,Kolkata Knight Riders,DB Das,RT Ponting,CRD Fernando,4,0,,,,,,"",""
ball,1,3.5,Kolkata Knight Riders,DB Das,RT Ponting,CRD Fernando,0,0,,,,,,"",""
ball,1,3.6,Kolkata Knight Riders,DB Das,RT Ponting,CRD Fernando,4,0,,,,,,"",""
ball,1,3.7,Kolkata Knight Riders,DB Das,RT Ponting,CRD Fernando,1,0,,,,,,"",""
ball,1,4.1,Kolkata Knight Riders,DB Das,RT Ponting,DS Kulkarni,0,0,,,,,,"",""
ball,1,4.2,Kolkata Knight Riders,DB Das,RT Ponting,DS Kulkarni,0,0,,,,,,"",""
ball,1,4.3,Kolkata Knight Riders,DB Das,RT Ponting,DS Kulkarni,4,0,,,,,,"",""
ball,1,4.4,Kolkata Knight Riders,DB Das,RT Ponting,DS Kulkarni,0,0,,,,,,"",""
ball,1,4.5,Kolkata Knight Riders,DB Das,RT Ponting,DS Kulkarni,0,0,,,,,,"",""
ball,1,4.6,Kolkata Knight Riders,DB Das,RT Ponting,DS Kulkarni,1,0,,,,,,"",""
ball,1,5.1,Kolkata Knight Riders,DB Das,RT Ponting,DJ Bravo,1,0,,,,,,"",""
ball,1,5.2,Kolkata Knight Riders,RT Ponting,DB Das,DJ Bravo,1,0,,,,,,"",""
ball,1,5.3,Kolkata Knight Riders,DB Das,RT Ponting,DJ Bravo,0,0,,,,,,caught,DB Das
ball,1,5.4,Kolkata Knight Riders,DJ Hussey,RT Ponting,DJ Bravo,0,0,,,,,,"",""
ball,1,5.5,Kolkata Knight Riders,DJ Hussey,RT Ponting,DJ Bravo,0,0,,,,,,"",""
ball,1,5.6,Kolkata Knight Riders,DJ Hussey,RT Ponting,DJ Bravo,0,0,,,,,,"",""
ball,1,6.1,Kolkata Knight Riders,RT Ponting,DJ Hussey,DS Kulkarni,0,4,,,,4,,"",""
ball,1,6.2,Kolkata Knight Riders,RT Ponting,DJ Hussey,DS Kulkarni,1,0,,,,,,"",""
ball,1,6.3,Kolkata Knight Riders,DJ Hussey,RT Ponting,DS Kulkarni,1,0,,,,,,"",""
ball,1,6.4,Kolkata Knight Riders,RT Ponting,DJ Hussey,DS Kulkarni,0,0,,,,,,"",""
ball,1,6.5,Kolkata Knight Riders,RT Ponting,DJ Hussey,DS Kulkarni,0,0,,,,,,"",""
ball,1,6.6,Kolkata Knight Riders,RT Ponting,DJ Hussey,DS Kulkarni,1,0,,,,,,"",""
ball,1,7.1,Kolkata Knight Riders,RT Ponting,DJ Hussey,DJ Bravo,0,0,,,,,,"",""
ball,1,7.2,Kolkata Knight Riders,RT Ponting,DJ Hussey,DJ Bravo,0,0,,,,,,"",""
ball,1,7.3,Kolkata Knight Riders,RT Ponting,DJ Hussey,DJ Bravo,0,0,,,,,,"",""
ball,1,7.4,Kolkata Knight Riders,RT Ponting,DJ Hussey,DJ Bravo,1,0,,,,,,"",""
ball,1,7.5,Kolkata Knight Riders,DJ Hussey,RT Ponting,DJ Bravo,1,0,,,,,,"",""
ball,1,7.6,Kolkata Knight Riders,RT Ponting,DJ Hussey,DJ Bravo,0,0,,,,,,"",""
ball,1,8.1,Kolkata Knight Riders,DJ Hussey,RT Ponting,CRD Fernando,1,0,,,,,,"",""
ball,1,8.2,Kolkata Knight Riders,RT Ponting,DJ Hussey,CRD Fernando,4,0,,,,,,"",""
ball,1,8.3,Kolkata Knight Riders,RT Ponting,DJ Hussey,CRD Fernando,1,0,,,,,,"",""
ball,1,8.4,Kolkata Knight Riders,DJ Hussey,RT Ponting,CRD Fernando,0,0,,,,,,"",""
ball,1,8.5,Kolkata Knight Riders,DJ Hussey,RT Ponting,CRD Fernando,0,0,,,,,,"",""
ball,1,8.6,Kolkata Knight Riders,DJ Hussey,RT Ponting,CRD Fernando,0,0,,,,,,"",""
ball,1,9.1,Kolkata Knight Riders,RT Ponting,DJ Hussey,ST Jayasuriya,0,0,,,,,,"",""
ball,1,9.2,Kolkata Knight Riders,RT Ponting,DJ Hussey,ST Jayasuriya,1,0,,,,,,"",""
ball,1,9.3,Kolkata Knight Riders,DJ Hussey,RT Ponting,ST Jayasuriya,0,0,,,,,,"",""
ball,1,9.4,Kolkata Knight Riders,DJ Hussey,RT Ponting,ST Jayasuriya,0,0,,,,,,"",""
ball,1,9.5,Kolkata Knight Riders,DJ Hussey,RT Ponting,ST Jayasuriya,0,0,,,,,,"",""
ball,1,9.6,Kolkata Knight Riders,DJ Hussey,RT Ponting,ST Jayasuriya,4,0,,,,,,"",""
ball,1,10.1,Kolkata Knight Riders,RT Ponting,DJ Hussey,SM Pollock,1,0,,,,,,"",""
ball,1,10.2,Kolkata Knight Riders,DJ Hussey,RT Ponting,SM Pollock,4,0,,,,,,"",""
ball,1,10.3,Kolkata Knight Riders,DJ Hussey,RT Ponting,SM Pollock,1,0,,,,,,"",""
ball,1,10.4,Kolkata Knight Riders,RT Ponting,DJ Hussey,SM Pollock,1,0,,,,,,"",""
ball,1,10.5,Kolkata Knight Riders,DJ Hussey,RT Ponting,SM Pollock,0,0,,,,,,"",""
ball,1,10.6,Kolkata Knight Riders,DJ Hussey,RT Ponting,SM Pollock,4,0,,,,,,"",""
ball,1,11.1,Kolkata Knight Riders,RT Ponting,DJ Hussey,ST Jayasuriya,1,0,,,,,,"",""
ball,1,11.2,Kolkata Knight Riders,DJ Hussey,RT Ponting,ST Jayasuriya,1,0,,,,,,"",""
ball,1,11.3,Kolkata Knight Riders,RT Ponting,DJ Hussey,ST Jayasuriya,0,0,,,,,,"",""
ball,1,11.4,Kolkata Knight Riders,RT Ponting,DJ Hussey,ST Jayasuriya,1,0,,,,,,"",""
ball,1,11.5,Kolkata Knight Riders,DJ Hussey,RT Ponting,ST Jayasuriya,0,0,,,,,,"",""
ball,1,11.6,Kolkata Knight Riders,DJ Hussey,RT Ponting,ST Jayasuriya,0,0,,,,,,caught,DJ Hussey
ball,1,12.1,Kolkata Knight Riders,Mohammad Hafeez,RT Ponting,SM Pollock,0,0,,,,,,"",""
ball,1,12.2,Kolkata Knight Riders,Mohammad Hafeez,RT Ponting,SM Pollock,1,0,,,,,,"",""
ball,1,12.3,Kolkata Knight Riders,RT Ponting,Mohammad Hafeez,SM Pollock,0,0,,,,,,"",""
ball,1,12.4,Kolkata Knight Riders,RT Ponting,Mohammad Hafeez,SM Pollock,1,0,,,,,,"",""
ball,1,12.5,Kolkata Knight Riders,Mohammad Hafeez,RT Ponting,SM Pollock,1,0,,,,,,"",""
ball,1,12.6,Kolkata Knight Riders,RT Ponting,Mohammad Hafeez,SM Pollock,0,0,,,,,,"",""
ball,1,13.1,Kolkata Knight Riders,Mohammad Hafeez,RT Ponting,ST Jayasuriya,0,0,,,,,,run out,RT Ponting
ball,1,13.2,Kolkata Knight Riders,Mohammad Hafeez,LR Shukla,ST Jayasuriya,0,0,,,,,,"",""
ball,1,13.3,Kolkata Knight Riders,Mohammad Hafeez,LR Shukla,ST Jayasuriya,0,0,,,,,,caught,Mohammad Hafeez
ball,1,13.4,Kolkata Knight Riders,AB Agarkar,LR Shukla,ST Jayasuriya,0,0,,,,,,"",""
ball,1,13.5,Kolkata Knight Riders,AB Agarkar,LR Shukla,ST Jayasuriya,0,0,,,,,,"",""
ball,1,13.6,Kolkata Knight Riders,AB Agarkar,LR Shukla,ST Jayasuriya,0,0,,,,,,"",""
ball,1,14.1,Kolkata Knight Riders,LR Shukla,AB Agarkar,DJ Bravo,4,0,,,,,,"",""
ball,1,14.2,Kolkata Knight Riders,LR Shukla,AB Agarkar,DJ Bravo,1,0,,,,,,"",""
ball,1,14.3,Kolkata Knight Riders,AB Agarkar,LR Shukla,DJ Bravo,1,0,,,,,,"",""
ball,1,14.4,Kolkata Knight Riders,LR Shukla,AB Agarkar,DJ Bravo,4,0,,,,,,"",""
ball,1,14.5,Kolkata Knight Riders,LR Shukla,AB Agarkar,DJ Bravo,0,0,,,,,,"",""
ball,1,14.6,Kolkata Knight Riders,LR Shukla,AB Agarkar,DJ Bravo,0,0,,,,,,"",""
ball,1,15.1,Kolkata Knight Riders,AB Agarkar,LR Shukla,ST Jayasuriya,1,0,,,,,,"",""
ball,1,15.2,Kolkata Knight Riders,LR Shukla,AB Agarkar,ST Jayasuriya,1,0,,,,,,"",""
ball,1,15.3,Kolkata Knight Riders,AB Agarkar,LR Shukla,ST Jayasuriya,0,1,1,,,,,"",""
ball,1,15.4,Kolkata Knight Riders,AB Agarkar,LR Shukla,ST Jayasuriya,0,0,,,,,,caught,AB Agarkar
ball,1,15.5,Kolkata Knight Riders,LR Shukla,M Kartik,ST Jayasuriya,1,0,,,,,,"",""
ball,1,15.6,Kolkata Knight Riders,M Kartik,LR Shukla,ST Jayasuriya,1,0,,,,,,"",""
ball,1,15.7,Kolkata Knight Riders,LR Shukla,M Kartik,ST Jayasuriya,1,0,,,,,,"",""
ball,1,16.1,Kolkata Knight Riders,LR Shukla,M Kartik,DJ Bravo,1,0,,,,,,"",""
ball,1,16.2,Kolkata Knight Riders,M Kartik,LR Shukla,DJ Bravo,0,0,,,,,,"",""
ball,1,16.3,Kolkata Knight Riders,M Kartik,LR Shukla,DJ Bravo,1,0,,,,,,"",""
ball,1,16.4,Kolkata Knight Riders,LR Shukla,M Kartik,DJ Bravo,0,1,1,,,,,"",""
ball,1,16.5,Kolkata Knight Riders,LR Shukla,M Kartik,DJ Bravo,1,0,,,,,,"",""
ball,1,16.6,Kolkata Knight Riders,M Kartik,LR Shukla,DJ Bravo,1,0,,,,,,"",""
ball,1,16.7,Kolkata Knight Riders,LR Shukla,M Kartik,DJ Bravo,6,0,,,,,,"",""
ball,1,17.1,Kolkata Knight Riders,M Kartik,LR Shukla,CRD Fernando,4,0,,,,,,"",""
ball,1,17.2,Kolkata Knight Riders,M Kartik,LR Shukla,CRD Fernando,1,0,,,,,,"",""
ball,1,17.3,Kolkata Knight Riders,LR Shukla,M Kartik,CRD Fernando,6,0,,,,,,"",""
ball,1,17.4,Kolkata Knight Riders,LR Shukla,M Kartik,CRD Fernando,1,0,,,,,,"",""
ball,1,17.5,Kolkata Knight Riders,M Kartik,LR Shukla,CRD Fernando,1,0,,,,,,"",""
ball,1,17.6,Kolkata Knight Riders,LR Shukla,M Kartik,CRD Fernando,1,0,,,,,,"",""
ball,1,18.1,Kolkata Knight Riders,LR Shukla,M Kartik,DS Kulkarni,1,0,,,,,,"",""
ball,1,18.2,Kolkata Knight Riders,M Kartik,LR Shukla,DS Kulkarni,0,1,,,,1,,"",""
ball,1,18.3,Kolkata Knight Riders,LR Shukla,M Kartik,DS Kulkarni,1,0,,,,,,"",""
ball,1,18.4,Kolkata Knight Riders,M Kartik,LR Shukla,DS Kulkarni,0,3,3,,,,,"",""
ball,1,18.5,Kolkata Knight Riders,M Kartik,LR Shukla,DS Kulkarni,0,0,,,,,,"",""
ball,1,18.6,Kolkata Knight Riders,M Kartik,LR Shukla,DS Kulkarni,1,0,,,,,,"",""
ball,1,18.7,Kolkata Knight Riders,LR Shukla,M Kartik,DS Kulkarni,1,0,,,,,,"",""
ball,1,19.1,Kolkata Knight Riders,LR Shukla,M Kartik,CRD Fernando,4,0,,,,,,"",""
ball,1,19.2,Kolkata Knight Riders,LR Shukla,M Kartik,CRD Fernando,1,0,,,,,,"",""
ball,1,19.3,Kolkata Knight Riders,M Kartik,LR Shukla,CRD Fernando,0,0,,,,,,caught,M Kartik
ball,1,19.4,Kolkata Knight Riders,LR Shukla,I Sharma,CRD Fernando,4,0,,,,,,"",""
ball,1,19.5,Kolkata Knight Riders,LR Shukla,I Sharma,CRD Fernando,0,0,,,,,,"",""
ball,1,19.6,Kolkata Knight Riders,LR Shukla,I Sharma,CRD Fernando,0,1,1,,,,,"",""
ball,1,19.7,Kolkata Knight Riders,LR Shukla,I Sharma,CRD Fernando,0,1,,,1,,,"",""
ball,2,0.1,Mumbai Indians,AM Rahane,ST Jayasuriya,AB Agarkar,0,0,,,,,,"",""
ball,2,0.2,Mumbai Indians,AM Rahane,ST Jayasuriya,AB Agarkar,0,1,1,,,,,"",""
ball,2,0.3,Mumbai Indians,AM Rahane,ST Jayasuriya,AB Agarkar,0,0,,,,,,"",""
ball,2,0.4,Mumbai Indians,AM Rahane,ST Jayasuriya,AB Agarkar,0,1,1,,,,,"",""
ball,2,0.5,Mumbai Indians,AM Rahane,ST Jayasuriya,AB Agarkar,0,0,,,,,,"",""
ball,2,0.6,Mumbai Indians,AM Rahane,ST Jayasuriya,AB Agarkar,0,0,,,,,,"",""
ball,2,0.7,Mumbai Indians,AM Rahane,ST Jayasuriya,AB Agarkar,4,0,,,,,,"",""
ball,2,0.8,Mumbai Indians,AM Rahane,ST Jayasuriya,AB Agarkar,0,0,,,,,,"",""
ball,2,1.1,Mumbai Indians,ST Jayasuriya,AM Rahane,I Sharma,4,0,,,,,,"",""
ball,2,1.2,Mumbai Indians,ST Jayasuriya,AM Rahane,I Sharma,0,0,,,,,,"",""
ball,2,1.3,Mumbai Indians,ST Jayasuriya,AM Rahane,I Sharma,6,0,,,,,,"",""
ball,2,1.4,Mumbai Indians,ST Jayasuriya,AM Rahane,I Sharma,0,0,,,,,,"",""
ball,2,1.5,Mumbai Indians,ST Jayasuriya,AM Rahane,I Sharma,0,0,,,,,,"",""
ball,2,1.6,Mumbai Indians,ST Jayasuriya,AM Rahane,I Sharma,0,0,,,,,,"",""
ball,2,2.1,Mumbai Indians,AM Rahane,ST Jayasuriya,AB Agarkar,0,0,,,,,,"",""
ball,2,2.2,Mumbai Indians,AM Rahane,ST Jayasuriya,AB Agarkar,0,0,,,,,,"",""
ball,2,2.3,Mumbai Indians,AM Rahane,ST Jayasuriya,AB Agarkar,0,0,,,,,,"",""
ball,2,2.4,Mumbai Indians,AM Rahane,ST Jayasuriya,AB Agarkar,0,0,,,,,,caught,AM Rahane
ball,2,2.5,Mumbai Indians,MK Pandey,ST Jayasuriya,AB Agarkar,0,0,,,,,,"",""
ball,2,2.6,Mumbai Indians,MK Pandey,ST Jayasuriya,AB Agarkar,0,1,1,,,,,"",""
ball,2,2.7,Mumbai Indians,MK Pandey,ST Jayasuriya,AB Agarkar,0,0,,,,,,"",""
ball,2,3.1,Mumbai Indians,ST Jayasuriya,MK Pandey,I Sharma,0,0,,,,,,"",""
ball,2,3.2,Mumbai Indians,ST Jayasuriya,MK Pandey,I Sharma,4,0,,,,,,"",""
ball,2,3.3,Mumbai Indians,ST Jayasuriya,MK Pandey,I Sharma,4,0,,,,,,"",""
ball,2,3.4,Mumbai Indians,ST Jayasuriya,MK Pandey,I Sharma,0,0,,,,,,bowled,ST Jayasuriya
ball,2,3.5,Mumbai Indians,RV Uthappa,MK Pandey,I Sharma,0,0,,,,,,"",""
ball,2,3.6,Mumbai Indians,RV Uthappa,MK Pandey,I Sharma,0,0,,,,,,"",""
ball,2,4.1,Mumbai Indians,MK Pandey,RV Uthappa,AB Dinda,0,0,,,,,,bowled,MK Pandey
ball,2,4.2,Mumbai Indians,DJ Bravo,RV Uthappa,AB Dinda,4,0,,,,,,"",""
ball,2,4.3,Mumbai Indians,DJ Bravo,RV Uthappa,AB Dinda,0,0,,,,,,"",""
ball,2,4.4,Mumbai Indians,DJ Bravo,RV Uthappa,AB Dinda,0,0,,,,,,"",""
ball,2,4.5,Mumbai Indians,DJ Bravo,RV Uthappa,AB Dinda,0,0,,,,,,"",""
ball,2,4.6,Mumbai Indians,DJ Bravo,RV Uthappa,AB Dinda,0,0,,,,,,"",""
ball,2,5.1,Mumbai Indians,RV Uthappa,DJ Bravo,I Sharma,4,0,,,,,,"",""
ball,2,5.2,Mumbai Indians,RV Uthappa,DJ Bravo,I Sharma,0,0,,,,,,"",""
ball,2,5.3,Mumbai Indians,RV Uthappa,DJ Bravo,I Sharma,1,0,,,,,,"",""
ball,2,5.4,Mumbai Indians,DJ Bravo,RV Uthappa,I Sharma,0,0,,,,,,"",""
ball,2,5.5,Mumbai Indians,DJ Bravo,RV Uthappa,I Sharma,4,0,,,,,,"",""
ball,2,5.6,Mumbai Indians,DJ Bravo,RV Uthappa,I Sharma,0,0,,,,,,"",""
ball,2,6.1,Mumbai Indians,RV Uthappa,DJ Bravo,AB Dinda,0,0,,,,,,"",""
ball,2,6.2,Mumbai Indians,RV Uthappa,DJ Bravo,AB Dinda,0,0,,,,,,"",""
ball,2,6.3,Mumbai Indians,RV Uthappa,DJ Bravo,AB Dinda,1,0,,,,,,"",""
ball,2,6.4,Mumbai Indians,DJ Bravo,RV Uthappa,AB Dinda,0,0,,,,,,"",""
ball,2,6.5,Mumbai Indians,DJ Bravo,RV Uthappa,AB Dinda,0,0,,,,,,"",""
ball,2,6.6,Mumbai Indians,DJ Bravo,RV Uthappa,AB Dinda,0,4,,,,4,,"",""
ball,2,7.1,Mumbai Indians,RV Uthappa,DJ Bravo,M Kartik,1,0,,,,,,"",""
ball,2,7.2,Mumbai Indians,DJ Bravo,RV Uthappa,M Kartik,0,0,,,,,,"",""
ball,2,7.3,Mumbai Indians,DJ Bravo,RV Uthappa,M Kartik,0,0,,,,,,"",""
ball,2,7.4,Mumbai Indians,DJ Bravo,RV Uthappa,M Kartik,0,1,,,,1,,"",""
ball,2,7.5,Mumbai Indians,RV Uthappa,DJ Bravo,M Kartik,1,0,,,,,,"",""
ball,2,7.6,Mumbai Indians,DJ Bravo,RV Uthappa,M Kartik,1,0,,,,,,"",""
ball,2,8.1,Mumbai Indians,DJ Bravo,RV Uthappa,Mohammad Hafeez,4,0,,,,,,"",""
ball,2,8.2,Mumbai Indians,DJ Bravo,RV Uthappa,Mohammad Hafeez,1,0,,,,,,"",""
ball,2,8.3,Mumbai Indians,RV Uthappa,DJ Bravo,Mohammad Hafeez,1,0,,,,,,"",""
ball,2,8.4,Mumbai Indians,DJ Bravo,RV Uthappa,Mohammad Hafeez,1,0,,,,,,"",""
ball,2,8.5,Mumbai Indians,RV Uthappa,DJ Bravo,Mohammad Hafeez,0,5,5,,,,,"",""
ball,2,8.6,Mumbai Indians,RV Uthappa,DJ Bravo,Mohammad Hafeez,4,0,,,,,,"",""
ball,2,8.7,Mumbai Indians,RV Uthappa,DJ Bravo,Mohammad Hafeez,0,0,,,,,,"",""
ball,2,9.1,Mumbai Indians,DJ Bravo,RV Uthappa,M Kartik,1,0,,,,,,"",""
ball,2,9.2,Mumbai Indians,RV Uthappa,DJ Bravo,M Kartik,0,0,,,,,,"",""
ball,2,9.3,Mumbai Indians,RV Uthappa,DJ Bravo,M Kartik,4,0,,,,,,"",""
ball,2,9.4,Mumbai Indians,RV Uthappa,DJ Bravo,M Kartik,0,0,,,,,,"",""
ball,2,9.5,Mumbai Indians,RV Uthappa,DJ Bravo,M Kartik,0,0,,,,,,"",""
ball,2,9.6,Mumbai Indians,RV Uthappa,DJ Bravo,M Kartik,0,1,1,,,,,"",""
ball,2,9.7,Mumbai Indians,RV Uthappa,DJ Bravo,M Kartik,0,0,,,,,,"",""
ball,2,10.1,Mumbai Indians,DJ Bravo,RV Uthappa,SC Ganguly,1,0,,,,,,"",""
ball,2,10.2,Mumbai Indians,RV Uthappa,DJ Bravo,SC Ganguly,1,0,,,,,,"",""
ball,2,10.3,Mumbai Indians,DJ Bravo,RV Uthappa,SC Ganguly,1,0,,,,,,"",""
ball,2,10.4,Mumbai Indians,RV Uthappa,DJ Bravo,SC Ganguly,1,0,,,,,,"",""
ball,2,10.5,Mumbai Indians,DJ Bravo,RV Uthappa,SC Ganguly,1,0,,,,,,"",""
ball,2,10.6,Mumbai Indians,RV Uthappa,DJ Bravo,SC Ganguly,1,0,,,,,,"",""
ball,2,11.1,Mumbai Indians,RV Uthappa,DJ Bravo,M Kartik,1,0,,,,,,"",""
ball,2,11.2,Mumbai Indians,DJ Bravo,RV Uthappa,M Kartik,4,0,,,,,,"",""
ball,2,11.3,Mumbai Indians,DJ Bravo,RV Uthappa,M Kartik,0,0,,,,,,"",""
ball,2,11.4,Mumbai Indians,DJ Bravo,RV Uthappa,M Kartik,6,0,,,,,,"",""
ball,2,11.5,Mumbai Indians,DJ Bravo,RV Uthappa,M Kartik,0,0,,,,,,"",""
ball,2,11.6,Mumbai Indians,DJ Bravo,RV Uthappa,M Kartik,4,0,,,,,,"",""
ball,2,12.1,Mumbai Indians,RV Uthappa,DJ Bravo,SC Ganguly,1,0,,,,,,"",""
ball,2,12.2,Mumbai Indians,DJ Bravo,RV Uthappa,SC Ganguly,4,0,,,,,,"",""
ball,2,12.3,Mumbai Indians,DJ Bravo,RV Uthappa,SC Ganguly,1,0,,,,,,"",""
ball,2,12.4,Mumbai Indians,RV Uthappa,DJ Bravo,SC Ganguly,0,0,,,,,,"",""
ball,2,12.5,Mumbai Indians,RV Uthappa,DJ Bravo,SC Ganguly,1,0,,,,,,"",""
ball,2,12.6,Mumbai Indians,DJ Bravo,RV Uthappa,SC Ganguly,1,0,,,,,,"",""
ball,2,13.1,Mumbai Indians,DJ Bravo,RV Uthappa,AB Dinda,2,0,,,,,,"",""
ball,2,13.2,Mumbai Indians,DJ Bravo,RV Uthappa,AB Dinda,0,0,,,,,,"",""
ball,2,13.3,Mumbai Indians,DJ Bravo,RV Uthappa,AB Dinda,1,0,,,,,,"",""
ball,2,13.4,Mumbai Indians,RV Uthappa,DJ Bravo,AB Dinda,1,0,,,,,,"",""
ball,2,13.5,Mumbai Indians,DJ Bravo,RV Uthappa,AB Dinda,0,0,,,,,,"",""
ball,2,13.6,Mumbai Indians,DJ Bravo,RV Uthappa,AB Dinda,0,0,,,,,,"",""
ball,2,14.1,Mumbai Indians,RV Uthappa,DJ Bravo,AB Agarkar,1,0,,,,,,"",""
ball,2,14.2,Mumbai Indians,DJ Bravo,RV Uthappa,AB Agarkar,0,0,,,,,,"",""
ball,2,14.3,Mumbai Indians,DJ Bravo,RV Uthappa,AB Agarkar,1,0,,,,,,"",""
ball,2,14.4,Mumbai Indians,RV Uthappa,DJ Bravo,AB Agarkar,4,0,,,,,,"",""
ball,2,14.5,Mumbai Indians,RV Uthappa,DJ Bravo,AB Agarkar,1,0,,,,,,"",""
ball,2,14.6,Mumbai Indians,DJ Bravo,RV Uthappa,AB Agarkar,1,0,,,,,,"",""
ball,2,15.1,Mumbai Indians,DJ Bravo,RV Uthappa,LR Shukla,0,0,,,,,,"",""
ball,2,15.2,Mumbai Indians,DJ Bravo,RV Uthappa,LR Shukla,4,0,,,,,,"",""
ball,2,15.3,Mumbai Indians,DJ Bravo,RV Uthappa,LR Shukla,1,0,,,,,,"",""
ball,2,15.4,Mumbai Indians,RV Uthappa,DJ Bravo,LR Shukla,4,0,,,,,,"",""
ball,2,15.5,Mumbai Indians,RV Uthappa,DJ Bravo,LR Shukla,1,0,,,,,,"",""
ball,2,15.6,Mumbai Indians,DJ Bravo,RV Uthappa,LR Shukla,1,0,,,,,,"",""
ball,2,16.1,Mumbai Indians,DJ Bravo,RV Uthappa,AB Agarkar,2,0,,,,,,"",""
ball,2,16.2,Mumbai Indians,DJ Bravo,RV Uthappa,AB Agarkar,0,1,,1,,,,"",""
ball,2,16.3,Mumbai Indians,DJ Bravo,RV Uthappa,AB Agarkar,1,0,,,,,,"",""
ball,2,16.4,Mumbai Indians,RV Uthappa,DJ Bravo,AB Agarkar,0,0,,,,,,"",""
ball,2,16.5,Mumbai Indians,RV Uthappa,DJ Bravo,AB Agarkar,1,0,,,,,,"",""
ball,2,16.6,Mumbai Indians,DJ Bravo,RV Uthappa,AB Agarkar,2,0,,,,,,"",""
ball,2,16.7,Mumbai Indians,DJ Bravo,RV Uthappa,AB Agarkar,1,0,,,,,,"",""
ball,2,17.1,Mumbai Indians,DJ Bravo,RV Uthappa,AB Dinda,1,0,,,,,,"",""
ball,2,17.2,Mumbai Indians,RV Uthappa,DJ Bravo,AB Dinda,1,0,,,,,,"",""
ball,2,17.3,Mumbai Indians,DJ Bravo,RV Uthappa,AB Dinda,1,0,,,,,,"",""
ball,2,17.4,Mumbai Indians,RV Uthappa,DJ Bravo,AB Dinda,0,0,,,,,,"",""
ball,2,17.5,Mumbai Indians,RV Uthappa,DJ Bravo,AB Dinda,0,0,,,,,,"",""
ball,2,17.6,Mumbai Indians,RV Uthappa,DJ Bravo,AB Dinda,0,0,,,,,,"",""
ball,2,18.1,Mumbai Indians,DJ Bravo,RV Uthappa,I Sharma,0,0,,,,,,"",""
ball,2,18.2,Mumbai Indians,DJ Bravo,RV Uthappa,I Sharma,0,0,,,,,,"",""
ball,2,18.3,Mumbai Indians,DJ Bravo,RV Uthappa,I Sharma,4,0,,,,,,"",""
ball,2,18.4,Mumbai Indians,DJ Bravo,RV Uthappa,I Sharma,2,0,,,,,,"",""
