version,1.6.0
info,balls_per_over,6
info,team,Royal Challengers Bangalore
info,team,Chennai Super Kings
info,gender,male
info,season,2007/08
info,date,2008/04/28
info,event,Indian Premier League
info,match_number,15
info,venue,M Chinnaswamy Stadium
info,city,Bangalore
info,toss_winner,Chennai Super Kings
info,toss_decision,bat
info,player_of_match,MS Dhoni
info,umpire,BR Doctrove
info,umpire,RB Tiffin
info,tv_umpire,K Hariharan
info,match_referee,J Srinath
info,winner,Chennai Super Kings
info,winner_runs,13
info,player,Chennai Super Kings,PA Patel
info,player,Chennai Super Kings,ML Hayden
info,player,Chennai Super Kings,MEK Hussey
info,player,Chennai Super Kings,SK Raina
info,player,Chennai Super Kings,MS Dhoni
info,player,Chennai Super Kings,JDP Oram
info,player,Chennai Super Kings,S Badrinath
info,player,Chennai Super Kings,JA Morkel
info,player,Chennai Super Kings,Joginder Sharma
info,player,Chennai Super Kings,P Amarnath
info,player,Chennai Super Kings,MS Gony
info,player,Royal Challengers Bangalore,B Chipli
info,player,Royal Challengers Bangalore,W Jaffer
info,player,Royal Challengers Bangalore,LRPL Taylor
info,player,Royal Challengers Bangalore,JH Kallis
info,player,Royal Challengers Bangalore,MV Boucher
info,player,Royal Challengers Bangalore,V Kohli
info,player,Royal Challengers Bangalore,R Dravid
info,player,Royal Challengers Bangalore,P Kumar
info,player,Royal Challengers Bangalore,Z Khan
info,player,Royal Challengers Bangalore,B Akhil
info,player,Royal Challengers Bangalore,DW Steyn
info,registry,people,B Akhil,af7dadf7
info,registry,people,B Chipli,5451a2c1
info,registry,people,BR Doctrove,cbebf805
info,registry,people,DW Steyn,8fd1a8f5
info,registry,people,J Srinath,bad31fac
info,registry,people,JA Morkel,c3d35165
info,registry,people,JDP Oram,3eac9d95
info,registry,people,JH Kallis,86dc8f2e
info,registry,people,Joginder Sharma,9f961c14
info,registry,people,K Hariharan,2386ccff
info,registry,people,LRPL Taylor,b61a3e1a
info,registry,people,MEK Hussey,48fd7349
info,registry,people,ML Hayden,d8699ab7
info,registry,people,MS Dhoni,4a8a2e3b
info,registry,people,MS Gony,ae78bc32
info,registry,people,MV Boucher,f3cb53a1
info,registry,people,P Amarnath,6ad3a659
info,registry,people,P Kumar,e938e1bc
info,registry,people,PA Patel,b5da6c24
info,registry,people,R Dravid,0184dc35
info,registry,people,R Vinay Kumar,41eb4a4f
info,registry,people,RB Tiffin,89087a0d
info,registry,people,S Badrinath,3576e47e
info,registry,people,SK Raina,1dc12ab9
info,registry,people,V Kohli,ba607b88
info,registry,people,W Jaffer,619aa81f
info,registry,people,Z Khan,91a4a398
ball,1,0.1,Chennai Super Kings,PA Patel,ML Hayden,DW Steyn,1,0,,,,,,"",""
ball,1,0.2,Chennai Super Kings,ML Hayden,PA Patel,DW Steyn,0,0,,,,,,"",""
ball,1,0.3,Chennai Super Kings,ML Hayden,PA Patel,DW Steyn,0,0,,,,,,"",""
ball,1,0.4,Chennai Super Kings,ML Hayden,PA Patel,DW Steyn,0,0,,,,,,"",""
ball,1,0.5,Chennai Super Kings,ML Hayden,PA Patel,DW Steyn,0,0,,,,,,"",""
ball,1,0.6,Chennai Super Kings,ML Hayden,PA Patel,DW Steyn,0,0,,,,,,"",""
ball,1,1.1,Chennai Super Kings,PA Patel,ML Hayden,Z Khan,0,0,,,,,,"",""
ball,1,1.2,Chennai Super Kings,PA Patel,ML Hayden,Z Khan,1,0,,,,,,"",""
ball,1,1.3,Chennai Super Kings,ML Hayden,PA Patel,Z Khan,0,0,,,,,,"",""
ball,1,1.4,Chennai Super Kings,ML Hayden,PA Patel,Z Khan,4,0,,,,,,"",""
ball,1,1.5,Chennai Super Kings,ML Hayden,PA Patel,Z Khan,1,0,,,,,,"",""
ball,1,1.6,Chennai Super Kings,PA Patel,ML Hayden,Z Khan,4,0,,,,,,"",""
ball,1,2.1,Chennai Super Kings,ML Hayden,PA Patel,DW Steyn,1,0,,,,,,"",""
ball,1,2.2,Chennai Super Kings,PA Patel,ML Hayden,DW Steyn,1,0,,,,,,"",""
ball,1,2.3,Chennai Super Kings,ML Hayden,PA Patel,DW Steyn,0,0,,,,,,"",""
ball,1,2.4,Chennai Super Kings,ML Hayden,PA Patel,DW Steyn,0,1,1,,,,,"",""
ball,1,2.5,Chennai Super Kings,ML Hayden,PA Patel,DW Steyn,0,0,,,,,,"",""
ball,1,2.6,Chennai Super Kings,ML Hayden,PA Patel,DW Steyn,0,1,1,,,,,"",""
ball,1,2.7,Chennai Super Kings,ML Hayden,PA Patel,DW Steyn,2,0,,,,,,"",""
ball,1,2.8,Chennai Super Kings,ML Hayden,PA Patel,DW Steyn,1,0,,,,,,"",""
ball,1,3.1,Chennai Super Kings,ML Hayden,PA Patel,Z Khan,0,0,,,,,,"",""
ball,1,3.2,Chennai Super Kings,ML Hayden,PA Patel,Z Khan,0,0,,,,,,"",""
ball,1,3.3,Chennai Super Kings,ML Hayden,PA Patel,Z Khan,0,0,,,,,,"",""
ball,1,3.4,Chennai Super Kings,ML Hayden,PA Patel,Z Khan,0,0,,,,,,"",""
ball,1,3.5,Chennai Super Kings,ML Hayden,PA Patel,Z Khan,4,0,,,,,,"",""
ball,1,3.6,Chennai Super Kings,ML Hayden,PA Patel,Z Khan,0,0,,,,,,bowled,ML Hayden
ball,1,4.1,Chennai Super Kings,PA Patel,MEK Hussey,P Kumar,0,0,,,,,,"",""
ball,1,4.2,Chennai Super Kings,PA Patel,MEK Hussey,P Kumar,0,0,,,,,,"",""
ball,1,4.3,Chennai Super Kings,PA Patel,MEK Hussey,P Kumar,0,0,,,,,,"",""
ball,1,4.4,Chennai Super Kings,PA Patel,MEK Hussey,P Kumar,1,0,,,,,,"",""
ball,1,4.5,Chennai Super Kings,MEK Hussey,PA Patel,P Kumar,1,0,,,,,,"",""
ball,1,4.6,Chennai Super Kings,PA Patel,MEK Hussey,P Kumar,1,0,,,,,,"",""
ball,1,5.1,Chennai Super Kings,PA Patel,MEK Hussey,Z Khan,1,0,,,,,,"",""
ball,1,5.2,Chennai Super Kings,MEK Hussey,PA Patel,Z Khan,4,0,,,,,,"",""
ball,1,5.3,Chennai Super Kings,MEK Hussey,PA Patel,Z Khan,0,1,,,,1,,"",""
ball,1,5.4,Chennai Super Kings,PA Patel,MEK Hussey,Z Khan,4,0,,,,,,"",""
ball,1,5.5,Chennai Super Kings,PA Patel,MEK Hussey,Z Khan,0,0,,,,,,"",""
ball,1,5.6,Chennai Super Kings,PA Patel,MEK Hussey,Z Khan,1,0,,,,,,"",""
ball,1,6.1,Chennai Super Kings,PA Patel,MEK Hussey,P Kumar,0,0,,,,,,"",""
ball,1,6.2,Chennai Super Kings,PA Patel,MEK Hussey,P Kumar,6,0,,,,,,"",""
ball,1,6.3,Chennai Super Kings,PA Patel,MEK Hussey,P Kumar,0,0,,,,,,caught,PA Patel
ball,1,6.4,Chennai Super Kings,SK Raina,MEK Hussey,P Kumar,1,0,,,,,,"",""
ball,1,6.5,Chennai Super Kings,MEK Hussey,SK Raina,P Kumar,0,0,,,,,,"",""
ball,1,6.6,Chennai Super Kings,MEK Hussey,SK Raina,P Kumar,0,0,,,,,,"",""
ball,1,7.1,Chennai Super Kings,SK Raina,MEK Hussey,JH Kallis,1,0,,,,,,"",""
ball,1,7.2,Chennai Super Kings,MEK Hussey,SK Raina,JH Kallis,1,0,,,,,,"",""
ball,1,7.3,Chennai Super Kings,SK Raina,MEK Hussey,JH Kallis,2,0,,,,,,"",""
ball,1,7.4,Chennai Super Kings,SK Raina,MEK Hussey,JH Kallis,1,0,,,,,,"",""
ball,1,7.5,Chennai Super Kings,MEK Hussey,SK Raina,JH Kallis,2,0,,,,,,"",""
ball,1,7.6,Chennai Super Kings,MEK Hussey,SK Raina,JH Kallis,0,0,,,,,,"",""
ball,1,8.1,Chennai Super Kings,SK Raina,MEK Hussey,B Akhil,1,0,,,,,,"",""
ball,1,8.2,Chennai Super Kings,MEK Hussey,SK Raina,B Akhil,1,0,,,,,,"",""
ball,1,8.3,Chennai Super Kings,SK Raina,MEK Hussey,B Akhil,1,0,,,,,,"",""
ball,1,8.4,Chennai Super Kings,MEK Hussey,SK Raina,B Akhil,1,0,,,,,,"",""
ball,1,8.5,Chennai Super Kings,SK Raina,MEK Hussey,B Akhil,0,0,,,,,,"",""
ball,1,8.6,Chennai Super Kings,SK Raina,MEK Hussey,B Akhil,6,0,,,,,,"",""
ball,1,9.1,Chennai Super Kings,MEK Hussey,SK Raina,JH Kallis,1,0,,,,,,"",""
ball,1,9.2,Chennai Super Kings,SK Raina,MEK Hussey,JH Kallis,1,0,,,,,,"",""
ball,1,9.3,Chennai Super Kings,MEK Hussey,SK Raina,JH Kallis,1,0,,,,,,"",""
ball,1,9.4,Chennai Super Kings,SK Raina,MEK Hussey,JH Kallis,1,0,,,,,,"",""
ball,1,9.5,Chennai Super Kings,MEK Hussey,SK Raina,JH Kallis,1,0,,,,,,"",""
ball,1,9.6,Chennai Super Kings,SK Raina,MEK Hussey,JH Kallis,0,0,,,,,,"",""
ball,1,10.1,Chennai Super Kings,MEK Hussey,SK Raina,B Akhil,0,0,,,,,,"",""
ball,1,10.2,Chennai Super Kings,MEK Hussey,SK Raina,B Akhil,1,0,,,,,,"",""
ball,1,10.3,Chennai Super Kings,SK Raina,MEK Hussey,B Akhil,4,0,,,,,,"",""
ball,1,10.4,Chennai Super Kings,SK Raina,MEK Hussey,B Akhil,1,0,,,,,,"",""
ball,1,10.5,Chennai Super Kings,MEK Hussey,SK Raina,B Akhil,1,0,,,,,,"",""
ball,1,10.6,Chennai Super Kings,SK Raina,MEK Hussey,B Akhil,0,0,,,,,,"",""
ball,1,11.1,Chennai Super Kings,MEK Hussey,SK Raina,P Kumar,1,0,,,,,,"",""
ball,1,11.2,Chennai Super Kings,SK Raina,MEK Hussey,P Kumar,1,0,,,,,,"",""
ball,1,11.3,Chennai Super Kings,MEK Hussey,SK Raina,P Kumar,1,0,,,,,,"",""
ball,1,11.4,Chennai Super Kings,SK Raina,MEK Hussey,P Kumar,6,0,,,,,,"",""
ball,1,11.5,Chennai Super Kings,SK Raina,MEK Hussey,P Kumar,1,0,,,,,,"",""
ball,1,11.6,Chennai Super Kings,MEK Hussey,SK Raina,P Kumar,1,0,,,,,,run out,SK Raina
ball,1,12.1,Chennai Super Kings,MEK Hussey,MS Dhoni,B Akhil,0,0,,,,,,"",""
ball,1,12.2,Chennai Super Kings,MEK Hussey,MS Dhoni,B Akhil,1,0,,,,,,"",""
ball,1,12.3,Chennai Super Kings,MS Dhoni,MEK Hussey,B Akhil,2,0,,,,,,"",""
ball,1,12.4,Chennai Super Kings,MS Dhoni,MEK Hussey,B Akhil,0,0,,,,,,"",""
ball,1,12.5,Chennai Super Kings,MS Dhoni,MEK Hussey,B Akhil,0,0,,,,,,"",""
ball,1,12.6,Chennai Super Kings,MS Dhoni,MEK Hussey,B Akhil,0,0,,,,,,"",""
ball,1,13.1,Chennai Super Kings,MEK Hussey,MS Dhoni,JH Kallis,1,0,,,,,,"",""
ball,1,13.2,Chennai Super Kings,MS Dhoni,MEK Hussey,JH Kallis,0,0,,,,,,"",""
ball,1,13.3,Chennai Super Kings,MS Dhoni,MEK Hussey,JH Kallis,1,0,,,,,,"",""
ball,1,13.4,Chennai Super Kings,MEK Hussey,MS Dhoni,JH Kallis,1,0,,,,,,"",""
ball,1,13.5,Chennai Super Kings,MS Dhoni,MEK Hussey,JH Kallis,3,0,,,,,,"",""
ball,1,13.6,Chennai Super Kings,MEK Hussey,MS Dhoni,JH Kallis,2,0,,,,,,"",""
ball,1,14.1,Chennai Super Kings,MS Dhoni,MEK Hussey,DW Steyn,0,0,,,,,,"",""
ball,1,14.2,Chennai Super Kings,MS Dhoni,MEK Hussey,DW Steyn,0,0,,,,,,"",""
ball,1,14.3,Chennai Super Kings,MS Dhoni,MEK Hussey,DW Steyn,4,0,,,,,,"",""
ball,1,14.4,Chennai Super Kings,MS Dhoni,MEK Hussey,DW Steyn,4,0,,,,,,"",""
ball,1,14.5,Chennai Super Kings,MS Dhoni,MEK Hussey,DW Steyn,0,0,,,,,,"",""
ball,1,14.6,Chennai Super Kings,MS Dhoni,MEK Hussey,DW Steyn,0,0,,,,,,"",""
ball,1,15.1,Chennai Super Kings,MEK Hussey,MS Dhoni,B Akhil,6,0,,,,,,"",""
ball,1,15.2,Chennai Super Kings,MEK Hussey,MS Dhoni,B Akhil,6,0,,,,,,"",""
ball,1,15.3,Chennai Super Kings,MEK Hussey,MS Dhoni,B Akhil,0,0,,,,,,"",""
ball,1,15.4,Chennai Super Kings,MEK Hussey,MS Dhoni,B Akhil,1,0,,,,,,"",""
ball,1,15.5,Chennai Super Kings,MS Dhoni,MEK Hussey,B Akhil,1,0,,,,,,"",""
ball,1,15.6,Chennai Super Kings,MEK Hussey,MS Dhoni,B Akhil,0,0,,,,,,"",""
ball,1,16.1,Chennai Super Kings,MS Dhoni,MEK Hussey,JH Kallis,1,0,,,,,,"",""
ball,1,16.2,Chennai Super Kings,MEK Hussey,MS Dhoni,JH Kallis,4,0,,,,,,"",""
ball,1,16.3,Chennai Super Kings,MEK Hussey,MS Dhoni,JH Kallis,0,0,,,,,,"",""
ball,1,16.4,Chennai Super Kings,MEK Hussey,MS Dhoni,JH Kallis,4,0,,,,,,"",""
ball,1,16.5,Chennai Super Kings,MEK Hussey,MS Dhoni,JH Kallis,1,0,,,,,,"",""
ball,1,16.6,Chennai Super Kings,MS Dhoni,MEK Hussey,JH Kallis,6,0,,,,,,"",""
ball,1,17.1,Chennai Super Kings,MEK Hussey,MS Dhoni,P Kumar,1,0,,,,,,"",""
ball,1,17.2,Chennai Super Kings,MS Dhoni,MEK Hussey,P Kumar,1,0,,,,,,"",""
ball,1,17.3,Chennai Super Kings,MEK Hussey,MS Dhoni,P Kumar,1,0,,,,,,"",""
ball,1,17.4,Chennai Super Kings,MS Dhoni,MEK Hussey,P Kumar,4,0,,,,,,"",""
ball,1,17.5,Chennai Super Kings,MS Dhoni,MEK Hussey,P Kumar,1,0,,,,,,"",""
ball,1,17.6,Chennai Super Kings,MEK Hussey,MS Dhoni,P Kumar,0,0,,,,,,"",""
ball,1,18.1,Chennai Super Kings,MS Dhoni,MEK Hussey,DW Steyn,0,1,1,,,,,"",""
ball,1,18.2,Chennai Super Kings,MS Dhoni,MEK Hussey,DW Steyn,4,0,,,,,,"",""
ball,1,18.3,Chennai Super Kings,MS Dhoni,MEK Hussey,DW Steyn,4,0,,,,,,"",""
ball,1,18.4,Chennai Super Kings,MS Dhoni,MEK Hussey,DW Steyn,6,0,,,,,,"",""
ball,1,18.5,Chennai Super Kings,MS Dhoni,MEK Hussey,DW Steyn,4,0,,,,,,"",""
ball,1,18.6,Chennai Super Kings,MS Dhoni,MEK Hussey,DW Steyn,4,0,,,,,,"",""
ball,1,18.7,Chennai Super Kings,MS Dhoni,MEK Hussey,DW Steyn,1,0,,,,,,"",""
ball,1,19.1,Chennai Super Kings,MS Dhoni,MEK Hussey,Z Khan,0,0,,,,,,"",""
ball,1,19.2,Chennai Super Kings,MS Dhoni,MEK Hussey,Z Khan,4,0,,,,,,"",""
ball,1,19.3,Chennai Super Kings,MS Dhoni,MEK Hussey,Z Khan,6,0,,,,,,"",""
ball,1,19.4,Chennai Super Kings,MS Dhoni,MEK Hussey,Z Khan,4,0,,,,,,"",""
ball,1,19.5,Chennai Super Kings,MS Dhoni,MEK Hussey,Z Khan,0,0,,,,,,caught,MS Dhoni
ball,1,19.6,Chennai Super Kings,MEK Hussey,JDP Oram,Z Khan,0,0,,,,,,caught,MEK Hussey
ball,2,0.1,Royal Challengers Bangalore,B Chipli,W Jaffer,JDP Oram,1,0,,,,,,"",""
ball,2,0.2,Royal Challengers Bangalore,W Jaffer,B Chipli,JDP Oram,0,1,1,,,,,"",""
ball,2,0.3,Royal Challengers Bangalore,W Jaffer,B Chipli,JDP Oram,0,0,,,,,,"",""
ball,2,0.4,Royal Challengers Bangalore,W Jaffer,B Chipli,JDP Oram,1,0,,,,,,"",""
ball,2,0.5,Royal Challengers Bangalore,B Chipli,W Jaffer,JDP Oram,0,0,,,,,,"",""
ball,2,0.6,Royal Challengers Bangalore,B Chipli,W Jaffer,JDP Oram,0,1,1,,,,,"",""
ball,2,0.7,Royal Challengers Bangalore,B Chipli,W Jaffer,JDP Oram,1,0,,,,,,"",""
ball,2,0.8,Royal Challengers Bangalore,W Jaffer,B Chipli,JDP Oram,1,0,,,,,,"",""
ball,2,1.1,Royal Challengers Bangalore,W Jaffer,B Chipli,MS Gony,1,0,,,,,,"",""
ball,2,1.2,Royal Challengers Bangalore,B Chipli,W Jaffer,MS Gony,0,0,,,,,,"",""
ball,2,1.3,Royal Challengers Bangalore,B Chipli,W Jaffer,MS Gony,0,0,,,,,,"",""
ball,2,1.4,Royal Challengers Bangalore,B Chipli,W Jaffer,MS Gony,4,0,,,,,,"",""
ball,2,1.5,Royal Challengers Bangalore,B Chipli,W Jaffer,MS Gony,0,0,,,,,,"",""
ball,2,1.6,Royal Challengers Bangalore,B Chipli,W Jaffer,MS Gony,1,0,,,,,,"",""
ball,2,2.1,Royal Challengers Bangalore,B Chipli,W Jaffer,JDP Oram,0,0,,,,,,"",""
ball,2,2.2,Royal Challengers Bangalore,B Chipli,W Jaffer,JDP Oram,1,0,,,,,,"",""
ball,2,2.3,Royal Challengers Bangalore,W Jaffer,B Chipli,JDP Oram,0,0,,,,,,"",""
ball,2,2.4,Royal Challengers Bangalore,W Jaffer,B Chipli,JDP Oram,0,0,,,,,,"",""
ball,2,2.5,Royal Challengers Bangalore,W Jaffer,B Chipli,JDP Oram,0,0,,,,,,"",""
ball,2,2.6,Royal Challengers Bangalore,W Jaffer,B Chipli,JDP Oram,0,0,,,,,,"",""
ball,2,3.1,Royal Challengers Bangalore,B Chipli,W Jaffer,MS Gony,0,0,,,,,,bowled,B Chipli
ball,2,3.2,Royal Challengers Bangalore,LRPL Taylor,W Jaffer,MS Gony,2,0,,,,,,"",""
ball,2,3.3,Royal Challengers Bangalore,LRPL Taylor,W Jaffer,MS Gony,1,0,,,,,,"",""
ball,2,3.4,Royal Challengers Bangalore,W Jaffer,LRPL Taylor,MS Gony,4,0,,,,,,"",""
ball,2,3.5,Royal Challengers Bangalore,W Jaffer,LRPL Taylor,MS Gony,0,0,,,,,,"",""
ball,2,3.6,Royal Challengers Bangalore,W Jaffer,LRPL Taylor,MS Gony,0,0,,,,,,"",""
ball,2,4.1,Royal Challengers Bangalore,LRPL Taylor,W Jaffer,JDP Oram,0,0,,,,,,"",""
ball,2,4.2,Royal Challengers Bangalore,LRPL Taylor,W Jaffer,JDP Oram,6,0,,,,,,"",""
ball,2,4.3,Royal Challengers Bangalore,LRPL Taylor,W Jaffer,JDP Oram,1,0,,,,,,"",""
ball,2,4.4,Royal Challengers Bangalore,W Jaffer,LRPL Taylor,JDP Oram,1,0,,,,,,"",""
ball,2,4.5,Royal Challengers Bangalore,LRPL Taylor,W Jaffer,JDP Oram,0,0,,,,,,"",""
ball,2,4.6,Royal Challengers Bangalore,LRPL Taylor,W Jaffer,JDP Oram,4,0,,,,,,"",""
ball,2,5.1,Royal Challengers Bangalore,W Jaffer,LRPL Taylor,MS Gony,2,0,,,,,,"",""
ball,2,5.2,Royal Challengers Bangalore,W Jaffer,LRPL Taylor,MS Gony,0,0,,,,,,"",""
ball,2,5.3,Royal Challengers Bangalore,W Jaffer,LRPL Taylor,MS Gony,4,0,,,,,,"",""
ball,2,5.4,Royal Challengers Bangalore,W Jaffer,LRPL Taylor,MS Gony,1,0,,,,,,"",""
ball,2,5.5,Royal Challengers Bangalore,LRPL Taylor,W Jaffer,MS Gony,0,0,,,,,,"",""
ball,2,5.6,Royal Challengers Bangalore,LRPL Taylor,W Jaffer,MS Gony,6,0,,,,,,"",""
ball,2,6.1,Royal Challengers Bangalore,W Jaffer,LRPL Taylor,JA Morkel,1,0,,,,,,"",""
ball,2,6.2,Royal Challengers Bangalore,LRPL Taylor,W Jaffer,JA Morkel,1,0,,,,,,"",""
ball,2,6.3,Royal Challengers Bangalore,W Jaffer,LRPL Taylor,JA Morkel,1,0,,,,,,"",""
ball,2,6.4,Royal Challengers Bangalore,LRPL Taylor,W Jaffer,JA Morkel,0,1,1,,,,,"",""
ball,2,6.5,Royal Challengers Bangalore,LRPL Taylor,W Jaffer,JA Morkel,4,0,,,,,,"",""
ball,2,6.6,Royal Challengers Bangalore,LRPL Taylor,W Jaffer,JA Morkel,1,0,,,,,,"",""
ball,2,6.7,Royal Challengers Bangalore,W Jaffer,LRPL Taylor,JA Morkel,0,1,1,,,,,"",""
ball,2,6.8,Royal Challengers Bangalore,W Jaffer,LRPL Taylor,JA Morkel,1,0,,,,,,"",""
ball,2,7.1,Royal Challengers Bangalore,W Jaffer,LRPL Taylor,P Amarnath,4,0,,,,,,"",""
ball,2,7.2,Royal Challengers Bangalore,W Jaffer,LRPL Taylor,P Amarnath,1,0,,,,,,"",""
ball,2,7.3,Royal Challengers Bangalore,LRPL Taylor,W Jaffer,P Amarnath,2,0,,,,,,"",""
ball,2,7.4,Royal Challengers Bangalore,LRPL Taylor,W Jaffer,P Amarnath,1,0,,,,,,"",""
ball,2,7.5,Royal Challengers Bangalore,W Jaffer,LRPL Taylor,P Amarnath,4,0,,,,,,"",""
ball,2,7.6,Royal Challengers Bangalore,W Jaffer,LRPL Taylor,P Amarnath,1,0,,,,,,"",""
ball,2,8.1,Royal Challengers Bangalore,W Jaffer,LRPL Taylor,JA Morkel,0,1,1,,,,,"",""
ball,2,8.2,Royal Challengers Bangalore,W Jaffer,LRPL Taylor,JA Morkel,0,0,,,,,,"",""
ball,2,8.3,Royal Challengers Bangalore,W Jaffer,LRPL Taylor,JA Morkel,1,0,,,,,,"",""
ball,2,8.4,Royal Challengers Bangalore,LRPL Taylor,W Jaffer,JA Morkel,4,0,,,,,,"",""
ball,2,8.5,Royal Challengers Bangalore,LRPL Taylor,W Jaffer,JA Morkel,1,0,,,,,,"",""
ball,2,8.6,Royal Challengers Bangalore,W Jaffer,LRPL Taylor,JA Morkel,0,0,,,,,,"",""
ball,2,8.7,Royal Challengers Bangalore,W Jaffer,LRPL Taylor,JA Morkel,6,0,,,,,,"",""
ball,2,9.1,Royal Challengers Bangalore,LRPL Taylor,W Jaffer,Joginder Sharma,1,0,,,,,,"",""
ball,2,9.2,Royal Challengers Bangalore,W Jaffer,LRPL Taylor,Joginder Sharma,6,0,,,,,,"",""
ball,2,9.3,Royal Challengers Bangalore,W Jaffer,LRPL Taylor,Joginder Sharma,1,0,,,,,,"",""
ball,2,9.4,Royal Challengers Bangalore,LRPL Taylor,W Jaffer,Joginder Sharma,1,0,,,,,,"",""
ball,2,9.5,Royal Challengers Bangalore,W Jaffer,LRPL Taylor,Joginder Sharma,1,0,,,,,,"",""
ball,2,9.6,Royal Challengers Bangalore,LRPL Taylor,W Jaffer,Joginder Sharma,1,0,,,,,,"",""
ball,2,10.1,Royal Challengers Bangalore,LRPL Taylor,W Jaffer,P Amarnath,1,0,,,,,,"",""
ball,2,10.2,Royal Challengers Bangalore,W Jaffer,LRPL Taylor,P Amarnath,3,0,,,,,,"",""
ball,2,10.3,Royal Challengers Bangalore,LRPL Taylor,W Jaffer,P Amarnath,0,0,,,,,,"",""
ball,2,10.4,Royal Challengers Bangalore,LRPL Taylor,W Jaffer,P Amarnath,1,0,,,,,,"",""
ball,2,10.5,Royal Challengers Bangalore,W Jaffer,LRPL Taylor,P Amarnath,4,0,,,,,,"",""
ball,2,10.6,Royal Challengers Bangalore,W Jaffer,LRPL Taylor,P Amarnath,0,0,,,,,,caught,W Jaffer
ball,2,11.1,Royal Challengers Bangalore,JH Kallis,LRPL Taylor,Joginder Sharma,4,0,,,,,,"",""
ball,2,11.2,Royal Challengers Bangalore,JH Kallis,LRPL Taylor,Joginder Sharma,1,0,,,,,,"",""
ball,2,11.3,Royal Challengers Bangalore,LRPL Taylor,JH Kallis,Joginder Sharma,1,0,,,,,,"",""
ball,2,11.4,Royal Challengers Bangalore,JH Kallis,LRPL Taylor,Joginder Sharma,1,0,,,,,,"",""
ball,2,11.5,Royal Challengers Bangalore,LRPL Taylor,JH Kallis,Joginder Sharma,1,0,,,,,,"",""
ball,2,11.6,Royal Challengers Bangalore,JH Kallis,LRPL Taylor,Joginder Sharma,1,0,,,,,,"",""
ball,2,12.1,Royal Challengers Bangalore,JH Kallis,LRPL Taylor,P Amarnath,0,0,,,,,,"",""
ball,2,12.2,Royal Challengers Bangalore,JH Kallis,LRPL Taylor,P Amarnath,4,0,,,,,,"",""
ball,2,12.3,Royal Challengers Bangalore,JH Kallis,LRPL Taylor,P Amarnath,1,0,,,,,,"",""
ball,2,12.4,Royal Challengers Bangalore,LRPL Taylor,JH Kallis,P Amarnath,1,0,,,,,,"",""
ball,2,12.5,Royal Challengers Bangalore,JH Kallis,LRPL Taylor,P Amarnath,1,0,,,,,,"",""
ball,2,12.6,Royal Challengers Bangalore,LRPL Taylor,JH Kallis,P Amarnath,1,0,,,,,,"",""
ball,2,13.1,Royal Challengers Bangalore,LRPL Taylor,JH Kallis,JA Morkel,0,0,,,,,,"",""
ball,2,13.2,Royal Challengers Bangalore,LRPL Taylor,JH Kallis,JA Morkel,0,0,,,,,,"",""
ball,2,13.3,Royal Challengers Bangalore,LRPL Taylor,JH Kallis,JA Morkel,6,0,,,,,,"",""
ball,2,13.4,Royal Challengers Bangalore,LRPL Taylor,JH Kallis,JA Morkel,1,0,,,,,,"",""
ball,2,13.5,Royal Challengers Bangalore,JH Kallis,LRPL Taylor,JA Morkel,1,0,,,,,,"",""
ball,2,13.6,Royal Challengers Bangalore,LRPL Taylor,JH Kallis,JA Morkel,0,0,,,,,,"",""
ball,2,14.1,Royal Challengers Bangalore,JH Kallis,LRPL Taylor,Joginder Sharma,0,0,,,,,,caught,JH Kallis
ball,2,14.2,Royal Challengers Bangalore,MV Boucher,LRPL Taylor,Joginder Sharma,0,0,,,,,,"",""
ball,2,14.3,Royal Challengers Bangalore,MV Boucher,LRPL Taylor,Joginder Sharma,1,0,,,,,,"",""
ball,2,14.4,Royal Challengers Bangalore,LRPL Taylor,MV Boucher,Joginder Sharma,2,0,,,,,,"",""
ball,2,14.5,Royal Challengers Bangalore,LRPL Taylor,MV Boucher,Joginder Sharma,0,1,1,,,,,"",""
ball,2,14.6,Royal Challengers Bangalore,LRPL Taylor,MV Boucher,Joginder Sharma,1,0,,,,,,"",""
ball,2,14.7,Royal Challengers Bangalore,MV Boucher,LRPL Taylor,Joginder Sharma,0,0,,,,,,"",""
ball,2,15.1,Royal Challengers Bangalore,LRPL Taylor,MV Boucher,P Amarnath,0,0,,,,,,caught,LRPL Taylor
ball,2,15.2,Royal Challengers Bangalore,V Kohli,MV Boucher,P Amarnath,1,0,,,,,,"",""
ball,2,15.3,Royal Challengers Bangalore,MV Boucher,V Kohli,P Amarnath,1,0,,,,,,"",""
ball,2,15.4,Royal Challengers Bangalore,V Kohli,MV Boucher,P Amarnath,2,0,,,,,,"",""
ball,2,15.5,Royal Challengers Bangalore,V Kohli,MV Boucher,P Amarnath,0,0,,,,,,"",""
ball,2,15.6,Royal Challengers Bangalore,V Kohli,MV Boucher,P Amarnath,4,0,,,,,,"",""
ball,2,16.1,Royal Challengers Bangalore,MV Boucher,V Kohli,MS Gony,2,0,,,,,,"",""
ball,2,16.2,Royal Challengers Bangalore,MV Boucher,V Kohli,MS Gony,0,0,,,,,,caught,MV Boucher
ball,2,16.3,Royal Challengers Bangalore,V Kohli,R Dravid,MS Gony,1,0,,,,,,"",""
ball,2,16.4,Royal Challengers Bangalore,R Dravid,V Kohli,MS Gony,0,0,,,,,,lbw,R Dravid
ball,2,16.5,Royal Challengers Bangalore,P Kumar,V Kohli,MS Gony,1,0,,,,,,"",""
ball,2,16.6,Royal Challengers Bangalore,V Kohli,P Kumar,MS Gony,4,0,,,,,,"",""
ball,2,17.1,Royal Challengers Bangalore,P Kumar,V Kohli,JA Morkel,1,0,,,,,,"",""
ball,2,17.2,Royal Challengers Bangalore,V Kohli,P Kumar,JA Morkel,0,0,,,,,,bowled,V Kohli
ball,2,17.3,Royal Challengers Bangalore,Z Khan,P Kumar,JA Morkel,1,0,,,,,,"",""
ball,2,17.4,Royal Challengers Bangalore,P Kumar,Z Khan,JA Morkel,1,0,,,,,,"",""
ball,2,17.5,Royal Challengers Bangalore,Z Khan,P Kumar,JA Morkel,1,0,,,,,,"",""
ball,2,17.6,Royal Challengers Bangalore,P Kumar,Z Khan,JA Morkel,2,0,,,,,,"",""
ball,2,18.1,Royal Challengers Bangalore,Z Khan,P Kumar,JDP Oram,1,0,,,,,,"",""
ball,2,18.2,Royal Challengers Bangalore,P Kumar,Z Khan,JDP Oram,1,0,,,,,,"",""
ball,2,18.3,Royal Challengers Bangalore,Z Khan,P Kumar,JDP Oram,4,0,,,,,,"",""
ball,2,18.4,Royal Challengers Bangalore,Z Khan,P Kumar,JDP Oram,0,0,,,,,,"",""
ball,2,18.5,Royal Challengers Bangalore,Z Khan,P Kumar,JDP Oram,1,0,,,,,,run out,Z Khan
ball,2,18.6,Royal Challengers Bangalore,B Akhil,P Kumar,JDP Oram,1,0,,,,,,run out,P Kumar
ball,2,19.1,Royal Challengers Bangalore,B Akhil,DW Steyn,Joginder Sharma,1,0,,,,,,"",""
ball,2,19.2,Royal Challengers Bangalore,DW Steyn,B Akhil,Joginder Sharma,1,0,,,,,,"",""
ball,2,19.3,Royal Challengers Bangalore,B Akhil,DW Steyn,Joginder Sharma,0,1,,,,1,,"",""
ball,2,19.4,Royal Challengers Bangalore,DW Steyn,B Akhil,Joginder Sharma,0,0,,,,,,caught,DW Steyn
