version,1.6.0
info,balls_per_over,6
info,team,Chennai Super Kings
info,team,Kings XI Punjab
info,gender,male
info,season,2007/08
info,date,2008/05/31
info,event,Indian Premier League
info,venue,Wankhede Stadium
info,city,Mumbai
info,toss_winner,Kings XI Punjab
info,toss_decision,bat
info,player_of_match,M Ntini
info,umpire,Asad Rauf
info,umpire,DJ Harper
info,tv_umpire,K Hariharan
info,match_referee,S Venkataraghavan
info,winner,Chennai Super Kings
info,winner_wickets,9
info,player,Chennai Super Kings,PA Patel
info,player,Chennai Super Kings,S Vidyut
info,player,Chennai Super Kings,SK Raina
info,player,Chennai Super Kings,MS Dhoni
info,player,Chennai Super Kings,CK Kapugedera
info,player,Chennai Super Kings,S Badrinath
info,player,Chennai Super Kings,JA Morkel
info,player,Chennai Super Kings,MS Gony
info,player,Chennai Super Kings,L Balaji
info,player,Chennai Super Kings,M Muralitharan
info,player,Chennai Super Kings,M Ntini
info,player,Kings XI Punjab,SE Marsh
info,player,Kings XI Punjab,JR Hopes
info,player,Kings XI Punjab,KC Sangakkara
info,player,Kings XI Punjab,Yuvraj Singh
info,player,Kings XI Punjab,DPMD Jayawardene
info,player,Kings XI Punjab,IK Pathan
info,player,Kings XI Punjab,WA Mota
info,player,Kings XI Punjab,PP Chawla
info,player,Kings XI Punjab,RR Powar
info,player,Kings XI Punjab,S Sreesanth
info,player,Kings XI Punjab,VRV Singh
info,registry,people,Asad Rauf,861606b7
info,registry,people,CK Kapugedera,cfad138c
info,registry,people,DJ Harper,0ec08b27
info,registry,people,DPMD Jayawardene,d18f9182
info,registry,people,IK Pathan,5fa06777
info,registry,people,JA Morkel,c3d35165
info,registry,people,JR Hopes,2498e163
info,registry,people,K Hariharan,2386ccff
info,registry,people,KC Sangakkara,6b71e6cf
info,registry,people,L Balaji,b2b50355
info,registry,people,M Muralitharan,4ba44e19
info,registry,people,M Ntini,20a941bb
info,registry,people,MS Dhoni,4a8a2e3b
info,registry,people,MS Gony,ae78bc32
info,registry,people,PA Patel,b5da6c24
info,registry,people,PP Chawla,98ae73b1
info,registry,people,RR Powar,5d096f3d
info,registry,people,S Badrinath,3576e47e
info,registry,people,S Sreesanth,6b8eb6e5
info,registry,people,S Venkataraghavan,12453319
info,registry,people,S Vidyut,756389bd
info,registry,people,SE Marsh,508a1ea7
info,registry,people,SK Raina,1dc12ab9
info,registry,people,VRV Singh,034b4b7d
info,registry,people,WA Mota,3dba85c2
info,registry,people,Yuvraj Singh,1c914163
ball,1,0.1,Kings XI Punjab,SE Marsh,JR Hopes,M Muralitharan,4,0,,,,,,"",""
ball,1,0.2,Kings XI Punjab,SE Marsh,JR Hopes,M Muralitharan,0,0,,,,,,"",""
ball,1,0.3,Kings XI Punjab,SE Marsh,JR Hopes,M Muralitharan,1,0,,,,,,"",""
ball,1,0.4,Kings XI Punjab,JR Hopes,SE Marsh,M Muralitharan,0,0,,,,,,"",""
ball,1,0.5,Kings XI Punjab,JR Hopes,SE Marsh,M Muralitharan,2,0,,,,,,"",""
ball,1,0.6,Kings XI Punjab,JR Hopes,SE Marsh,M Muralitharan,0,0,,,,,,"",""
ball,1,1.1,Kings XI Punjab,SE Marsh,JR Hopes,M Ntini,1,0,,,,,,"",""
ball,1,1.2,Kings XI Punjab,JR Hopes,SE Marsh,M Ntini,0,0,,,,,,"",""
ball,1,1.3,Kings XI Punjab,JR Hopes,SE Marsh,M Ntini,0,0,,,,,,caught,JR Hopes
ball,1,1.4,Kings XI Punjab,KC Sangakkara,SE Marsh,M Ntini,0,0,,,,,,"",""
ball,1,1.5,Kings XI Punjab,KC Sangakkara,SE Marsh,M Ntini,3,0,,,,,,"",""
ball,1,1.6,Kings XI Punjab,SE Marsh,KC Sangakkara,M Ntini,0,0,,,,,,"",""
ball,1,2.1,Kings XI Punjab,KC Sangakkara,SE Marsh,MS Gony,0,0,,,,,,"",""
ball,1,2.2,Kings XI Punjab,KC Sangakkara,SE Marsh,MS Gony,0,0,,,,,,caught,KC Sangakkara
ball,1,2.3,Kings XI Punjab,Yuvraj Singh,SE Marsh,MS Gony,0,1,1,,,,,"",""
ball,1,2.4,Kings XI Punjab,Yuvraj Singh,SE Marsh,MS Gony,2,0,,,,,,"",""
ball,1,2.5,Kings XI Punjab,Yuvraj Singh,SE Marsh,MS Gony,0,0,,,,,,"",""
ball,1,2.6,Kings XI Punjab,Yuvraj Singh,SE Marsh,MS Gony,1,0,,,,,,"",""
ball,1,2.7,Kings XI Punjab,SE Marsh,Yuvraj Singh,MS Gony,1,0,,,,,,"",""
ball,1,3.1,Kings XI Punjab,SE Marsh,Yuvraj Singh,M Ntini,6,0,,,,,,"",""
ball,1,3.2,Kings XI Punjab,SE Marsh,Yuvraj Singh,M Ntini,1,0,,,,,,"",""
ball,1,3.3,Kings XI Punjab,Yuvraj Singh,SE Marsh,M Ntini,1,0,,,,,,"",""
ball,1,3.4,Kings XI Punjab,SE Marsh,Yuvraj Singh,M Ntini,4,0,,,,,,"",""
ball,1,3.5,Kings XI Punjab,SE Marsh,Yuvraj Singh,M Ntini,0,0,,,,,,"",""
ball,1,3.6,Kings XI Punjab,SE Marsh,Yuvraj Singh,M Ntini,0,0,,,,,,"",""
ball,1,4.1,Kings XI Punjab,Yuvraj Singh,SE Marsh,MS Gony,0,0,,,,,,"",""
ball,1,4.2,Kings XI Punjab,Yuvraj Singh,SE Marsh,MS Gony,0,0,,,,,,"",""
ball,1,4.3,Kings XI Punjab,Yuvraj Singh,SE Marsh,MS Gony,0,0,,,,,,"",""
ball,1,4.4,Kings XI Punjab,Yuvraj Singh,SE Marsh,MS Gony,0,0,,,,,,caught,Yuvraj Singh
ball,1,4.5,Kings XI Punjab,DPMD Jayawardene,SE Marsh,MS Gony,1,0,,,,,,"",""
ball,1,4.6,Kings XI Punjab,SE Marsh,DPMD Jayawardene,MS Gony,1,0,,,,,,"",""
ball,1,5.1,Kings XI Punjab,SE Marsh,DPMD Jayawardene,M Ntini,0,0,,,,,,"",""
ball,1,5.2,Kings XI Punjab,SE Marsh,DPMD Jayawardene,M Ntini,0,0,,,,,,"",""
ball,1,5.3,Kings XI Punjab,SE Marsh,DPMD Jayawardene,M Ntini,0,0,,,,,,"",""
ball,1,5.4,Kings XI Punjab,SE Marsh,DPMD Jayawardene,M Ntini,4,0,,,,,,"",""
ball,1,5.5,Kings XI Punjab,SE Marsh,DPMD Jayawardene,M Ntini,0,0,,,,,,bowled,SE Marsh
ball,1,5.6,Kings XI Punjab,IK Pathan,DPMD Jayawardene,M Ntini,1,0,,,,,,"",""
ball,1,6.1,Kings XI Punjab,IK Pathan,DPMD Jayawardene,MS Gony,0,0,,,,,,"",""
ball,1,6.2,Kings XI Punjab,IK Pathan,DPMD Jayawardene,MS Gony,0,0,,,,,,"",""
ball,1,6.3,Kings XI Punjab,IK Pathan,DPMD Jayawardene,MS Gony,0,0,,,,,,"",""
ball,1,6.4,Kings XI Punjab,IK Pathan,DPMD Jayawardene,MS Gony,0,0,,,,,,"",""
ball,1,6.5,Kings XI Punjab,IK Pathan,DPMD Jayawardene,MS Gony,0,0,,,,,,"",""
ball,1,6.6,Kings XI Punjab,IK Pathan,DPMD Jayawardene,MS Gony,0,0,,,,,,"",""
ball,1,7.1,Kings XI Punjab,DPMD Jayawardene,IK Pathan,M Ntini,0,0,,,,,,"",""
ball,1,7.2,Kings XI Punjab,DPMD Jayawardene,IK Pathan,M Ntini,1,0,,,,,,"",""
ball,1,7.3,Kings XI Punjab,IK Pathan,DPMD Jayawardene,M Ntini,0,0,,,,,,"",""
ball,1,7.4,Kings XI Punjab,IK Pathan,DPMD Jayawardene,M Ntini,0,0,,,,,,"",""
ball,1,7.5,Kings XI Punjab,IK Pathan,DPMD Jayawardene,M Ntini,0,0,,,,,,"",""
ball,1,7.6,Kings XI Punjab,IK Pathan,DPMD Jayawardene,M Ntini,1,0,,,,,,"",""
ball,1,8.1,Kings XI Punjab,IK Pathan,DPMD Jayawardene,MS Gony,1,0,,,,,,"",""
ball,1,8.2,Kings XI Punjab,DPMD Jayawardene,IK Pathan,MS Gony,2,0,,,,,,run out,IK Pathan
ball,1,8.3,Kings XI Punjab,DPMD Jayawardene,WA Mota,MS Gony,0,0,,,,,,"",""
ball,1,8.4,Kings XI Punjab,DPMD Jayawardene,WA Mota,MS Gony,4,0,,,,,,"",""
ball,1,8.5,Kings XI Punjab,DPMD Jayawardene,WA Mota,MS Gony,0,0,,,,,,"",""
ball,1,8.6,Kings XI Punjab,DPMD Jayawardene,WA Mota,MS Gony,0,0,,,,,,"",""
ball,1,9.1,Kings XI Punjab,WA Mota,DPMD Jayawardene,JA Morkel,0,0,,,,,,"",""
ball,1,9.2,Kings XI Punjab,WA Mota,DPMD Jayawardene,JA Morkel,0,0,,,,,,"",""
ball,1,9.3,Kings XI Punjab,WA Mota,DPMD Jayawardene,JA Morkel,1,0,,,,,,"",""
ball,1,9.4,Kings XI Punjab,DPMD Jayawardene,WA Mota,JA Morkel,0,0,,,,,,"",""
ball,1,9.5,Kings XI Punjab,DPMD Jayawardene,WA Mota,JA Morkel,0,0,,,,,,caught,DPMD Jayawardene
ball,1,9.6,Kings XI Punjab,PP Chawla,WA Mota,JA Morkel,0,0,,,,,,"",""
ball,1,10.1,Kings XI Punjab,WA Mota,PP Chawla,M Muralitharan,0,0,,,,,,"",""
ball,1,10.2,Kings XI Punjab,WA Mota,PP Chawla,M Muralitharan,1,0,,,,,,"",""
ball,1,10.3,Kings XI Punjab,PP Chawla,WA Mota,M Muralitharan,0,0,,,,,,"",""
ball,1,10.4,Kings XI Punjab,PP Chawla,WA Mota,M Muralitharan,0,0,,,,,,"",""
ball,1,10.5,Kings XI Punjab,PP Chawla,WA Mota,M Muralitharan,2,0,,,,,,"",""
ball,1,10.6,Kings XI Punjab,PP Chawla,WA Mota,M Muralitharan,2,0,,,,,,"",""
ball,1,11.1,Kings XI Punjab,WA Mota,PP Chawla,JA Morkel,1,0,,,,,,"",""
ball,1,11.2,Kings XI Punjab,PP Chawla,WA Mota,JA Morkel,0,0,,,,,,"",""
ball,1,11.3,Kings XI Punjab,PP Chawla,WA Mota,JA Morkel,0,0,,,,,,"",""
ball,1,11.4,Kings XI Punjab,PP Chawla,WA Mota,JA Morkel,0,0,,,,,,"",""
ball,1,11.5,Kings XI Punjab,PP Chawla,WA Mota,JA Morkel,4,0,,,,,,"",""
ball,1,11.6,Kings XI Punjab,PP Chawla,WA Mota,JA Morkel,1,0,,,,,,"",""
ball,1,12.1,Kings XI Punjab,PP Chawla,WA Mota,L Balaji,1,0,,,,,,"",""
ball,1,12.2,Kings XI Punjab,WA Mota,PP Chawla,L Balaji,0,0,,,,,,"",""
ball,1,12.3,Kings XI Punjab,WA Mota,PP Chawla,L Balaji,2,0,,,,,,"",""
ball,1,12.4,Kings XI Punjab,WA Mota,PP Chawla,L Balaji,0,0,,,,,,"",""
ball,1,12.5,Kings XI Punjab,WA Mota,PP Chawla,L Balaji,1,0,,,,,,"",""
ball,1,12.6,Kings XI Punjab,PP Chawla,WA Mota,L Balaji,1,0,,,,,,"",""
ball,1,13.1,Kings XI Punjab,PP Chawla,WA Mota,M Muralitharan,1,0,,,,,,"",""
ball,1,13.2,Kings XI Punjab,WA Mota,PP Chawla,M Muralitharan,1,0,,,,,,"",""
ball,1,13.3,Kings XI Punjab,PP Chawla,WA Mota,M Muralitharan,0,0,,,,,,"",""
ball,1,13.4,Kings XI Punjab,PP Chawla,WA Mota,M Muralitharan,0,0,,,,,,bowled,PP Chawla
ball,1,13.5,Kings XI Punjab,RR Powar,WA Mota,M Muralitharan,0,0,,,,,,"",""
ball,1,13.6,Kings XI Punjab,RR Powar,WA Mota,M Muralitharan,0,0,,,,,,"",""
ball,1,14.1,Kings XI Punjab,WA Mota,RR Powar,L Balaji,0,0,,,,,,"",""
ball,1,14.2,Kings XI Punjab,WA Mota,RR Powar,L Balaji,0,0,,,,,,"",""
ball,1,14.3,Kings XI Punjab,WA Mota,RR Powar,L Balaji,4,0,,,,,,"",""
ball,1,14.4,Kings XI Punjab,WA Mota,RR Powar,L Balaji,1,0,,,,,,"",""
ball,1,14.5,Kings XI Punjab,RR Powar,WA Mota,L Balaji,0,0,,,,,,"",""
ball,1,14.6,Kings XI Punjab,RR Powar,WA Mota,L Balaji,0,0,,,,,,"",""
ball,1,15.1,Kings XI Punjab,WA Mota,RR Powar,M Muralitharan,1,0,,,,,,"",""
ball,1,15.2,Kings XI Punjab,RR Powar,WA Mota,M Muralitharan,1,0,,,,,,"",""
ball,1,15.3,Kings XI Punjab,WA Mota,RR Powar,M Muralitharan,1,0,,,,,,"",""
ball,1,15.4,Kings XI Punjab,RR Powar,WA Mota,M Muralitharan,0,0,,,,,,"",""
ball,1,15.5,Kings XI Punjab,RR Powar,WA Mota,M Muralitharan,1,0,,,,,,"",""
ball,1,15.6,Kings XI Punjab,WA Mota,RR Powar,M Muralitharan,0,1,1,,,,,"",""
ball,1,15.7,Kings XI Punjab,WA Mota,RR Powar,M Muralitharan,0,0,,,,,,"",""
ball,1,16.1,Kings XI Punjab,RR Powar,WA Mota,JA Morkel,0,0,,,,,,"",""
ball,1,16.2,Kings XI Punjab,RR Powar,WA Mota,JA Morkel,4,0,,,,,,"",""
ball,1,16.3,Kings XI Punjab,RR Powar,WA Mota,JA Morkel,0,0,,,,,,"",""
ball,1,16.4,Kings XI Punjab,RR Powar,WA Mota,JA Morkel,0,0,,,,,,"",""
ball,1,16.5,Kings XI Punjab,RR Powar,WA Mota,JA Morkel,1,0,,,,,,"",""
ball,1,16.6,Kings XI Punjab,WA Mota,RR Powar,JA Morkel,1,0,,,,,,"",""
ball,1,17.1,Kings XI Punjab,WA Mota,RR Powar,L Balaji,1,0,,,,,,"",""
ball,1,17.2,Kings XI Punjab,RR Powar,WA Mota,L Balaji,0,0,,,,,,"",""
ball,1,17.3,Kings XI Punjab,RR Powar,WA Mota,L Balaji,1,0,,,,,,"",""
ball,1,17.4,Kings XI Punjab,WA Mota,RR Powar,L Balaji,1,0,,,,,,"",""
ball,1,17.5,Kings XI Punjab,RR Powar,WA Mota,L Balaji,1,0,,,,,,"",""
ball,1,17.6,Kings XI Punjab,WA Mota,RR Powar,L Balaji,1,0,,,,,,"",""
ball,1,18.1,Kings XI Punjab,WA Mota,RR Powar,JA Morkel,2,0,,,,,,"",""
ball,1,18.2,Kings XI Punjab,WA Mota,RR Powar,JA Morkel,4,0,,,,,,"",""
ball,1,18.3,Kings XI Punjab,WA Mota,RR Powar,JA Morkel,1,0,,,,,,"",""
ball,1,18.4,Kings XI Punjab,RR Powar,WA Mota,JA Morkel,6,0,,,,,,"",""
ball,1,18.5,Kings XI Punjab,RR Powar,WA Mota,JA Morkel,1,0,,,,,,"",""
ball,1,18.6,Kings XI Punjab,WA Mota,RR Powar,JA Morkel,0,0,,,,,,caught,WA Mota
ball,1,19.1,Kings XI Punjab,S Sreesanth,RR Powar,L Balaji,0,0,,,,,,"",""
ball,1,19.2,Kings XI Punjab,S Sreesanth,RR Powar,L Balaji,0,1,,,1,,,"",""
ball,1,19.3,Kings XI Punjab,RR Powar,S Sreesanth,L Balaji,4,0,,,,,,"",""
ball,1,19.4,Kings XI Punjab,RR Powar,S Sreesanth,L Balaji,4,0,,,,,,"",""
ball,1,19.5,Kings XI Punjab,RR Powar,S Sreesanth,L Balaji,4,0,,,,,,"",""
ball,1,19.6,Kings XI Punjab,RR Powar,S Sreesanth,L Balaji,0,1,,,1,,,"",""
ball,2,0.1,Chennai Super Kings,PA Patel,S Vidyut,IK Pathan,0,0,,,,,,"",""
ball,2,0.2,Chennai Super Kings,PA Patel,S Vidyut,IK Pathan,1,0,,,,,,"",""
ball,2,0.3,Chennai Super Kings,S Vidyut,PA Patel,IK Pathan,1,0,,,,,,"",""
ball,2,0.4,Chennai Super Kings,PA Patel,S Vidyut,IK Pathan,1,0,,,,,,"",""
ball,2,0.5,Chennai Super Kings,S Vidyut,PA Patel,IK Pathan,4,0,,,,,,"",""
ball,2,0.6,Chennai Super Kings,S Vidyut,PA Patel,IK Pathan,0,0,,,,,,"",""
ball,2,1.1,Chennai Super Kings,PA Patel,S Vidyut,S Sreesanth,4,0,,,,,,"",""
ball,2,1.2,Chennai Super Kings,PA Patel,S Vidyut,S Sreesanth,1,0,,,,,,"",""
ball,2,1.3,Chennai Super Kings,S Vidyut,PA Patel,S Sreesanth,0,0,,,,,,"",""
ball,2,1.4,Chennai Super Kings,S Vidyut,PA Patel,S Sreesanth,1,0,,,,,,"",""
ball,2,1.5,Chennai Super Kings,PA Patel,S Vidyut,S Sreesanth,0,0,,,,,,"",""
ball,2,1.6,Chennai Super Kings,PA Patel,S Vidyut,S Sreesanth,0,1,1,,,,,"",""
ball,2,1.7,Chennai Super Kings,PA Patel,S Vidyut,S Sreesanth,0,0,,,,,,"",""
ball,2,2.1,Chennai Super Kings,S Vidyut,PA Patel,IK Pathan,0,0,,,,,,"",""
ball,2,2.2,Chennai Super Kings,S Vidyut,PA Patel,IK Pathan,0,0,,,,,,caught,S Vidyut
ball,2,2.3,Chennai Super Kings,PA Patel,SK Raina,IK Pathan,0,0,,,,,,"",""
ball,2,2.4,Chennai Super Kings,PA Patel,SK Raina,IK Pathan,0,1,1,,,,,"",""
ball,2,2.5,Chennai Super Kings,PA Patel,SK Raina,IK Pathan,0,0,,,,,,"",""
ball,2,2.6,Chennai Super Kings,PA Patel,SK Raina,IK Pathan,1,0,,,,,,"",""
ball,2,2.7,Chennai Super Kings,SK Raina,PA Patel,IK Pathan,0,0,,,,,,"",""
ball,2,3.1,Chennai Super Kings,PA Patel,SK Raina,RR Powar,0,0,,,,,,"",""
ball,2,3.2,Chennai Super Kings,PA Patel,SK Raina,RR Powar,0,0,,,,,,"",""
ball,2,3.3,Chennai Super Kings,PA Patel,SK Raina,RR Powar,1,0,,,,,,"",""
ball,2,3.4,Chennai Super Kings,SK Raina,PA Patel,RR Powar,0,0,,,,,,"",""
ball,2,3.5,Chennai Super Kings,SK Raina,PA Patel,RR Powar,4,0,,,,,,"",""
ball,2,3.6,Chennai Super Kings,SK Raina,PA Patel,RR Powar,4,0,,,,,,"",""
ball,2,4.1,Chennai Super Kings,PA Patel,SK Raina,IK Pathan,4,0,,,,,,"",""
ball,2,4.2,Chennai Super Kings,PA Patel,SK Raina,IK Pathan,0,0,,,,,,"",""
ball,2,4.3,Chennai Super Kings,PA Patel,SK Raina,IK Pathan,0,0,,,,,,"",""
ball,2,4.4,Chennai Super Kings,PA Patel,SK Raina,IK Pathan,1,0,,,,,,"",""
ball,2,4.5,Chennai Super Kings,SK Raina,PA Patel,IK Pathan,0,0,,,,,,"",""
ball,2,4.6,Chennai Super Kings,SK Raina,PA Patel,IK Pathan,0,0,,,,,,"",""
ball,2,5.1,Chennai Super Kings,PA Patel,SK Raina,VRV Singh,0,0,,,,,,"",""
ball,2,5.2,Chennai Super Kings,PA Patel,SK Raina,VRV Singh,4,0,,,,,,"",""
ball,2,5.3,Chennai Super Kings,PA Patel,SK Raina,VRV Singh,0,0,,,,,,"",""
ball,2,5.4,Chennai Super Kings,PA Patel,SK Raina,VRV Singh,1,0,,,,,,"",""
ball,2,5.5,Chennai Super Kings,SK Raina,PA Patel,VRV Singh,0,0,,,,,,"",""
ball,2,5.6,Chennai Super Kings,SK Raina,PA Patel,VRV Singh,0,0,,,,,,"",""
ball,2,6.1,Chennai Super Kings,PA Patel,SK Raina,RR Powar,4,0,,,,,,"",""
ball,2,6.2,Chennai Super Kings,PA Patel,SK Raina,RR Powar,0,1,1,,,,,"",""
ball,2,6.3,Chennai Super Kings,PA Patel,SK Raina,RR Powar,0,0,,,,,,"",""
ball,2,6.4,Chennai Super Kings,PA Patel,SK Raina,RR Powar,1,0,,,,,,"",""
ball,2,6.5,Chennai Super Kings,SK Raina,PA Patel,RR Powar,1,0,,,,,,"",""
ball,2,6.6,Chennai Super Kings,PA Patel,SK Raina,RR Powar,1,0,,,,,,"",""
ball,2,6.7,Chennai Super Kings,SK Raina,PA Patel,RR Powar,1,0,,,,,,"",""
ball,2,7.1,Chennai Super Kings,SK Raina,PA Patel,VRV Singh,6,0,,,,,,"",""
ball,2,7.2,Chennai Super Kings,SK Raina,PA Patel,VRV Singh,1,0,,,,,,"",""
ball,2,7.3,Chennai Super Kings,PA Patel,SK Raina,VRV Singh,0,0,,,,,,"",""
ball,2,7.4,Chennai Super Kings,PA Patel,SK Raina,VRV Singh,0,0,,,,,,"",""
ball,2,7.5,Chennai Super Kings,PA Patel,SK Raina,VRV Singh,1,0,,,,,,"",""
ball,2,7.6,Chennai Super Kings,SK Raina,PA Patel,VRV Singh,1,0,,,,,,"",""
ball,2,8.1,Chennai Super Kings,SK Raina,PA Patel,JR Hopes,1,0,,,,,,"",""
ball,2,8.2,Chennai Super Kings,PA Patel,SK Raina,JR Hopes,0,0,,,,,,"",""
ball,2,8.3,Chennai Super Kings,PA Patel,SK Raina,JR Hopes,4,0,,,,,,"",""
ball,2,8.4,Chennai Super Kings,PA Patel,SK Raina,JR Hopes,1,0,,,,,,"",""
ball,2,8.5,Chennai Super Kings,SK Raina,PA Patel,JR Hopes,1,0,,,,,,"",""
ball,2,8.6,Chennai Super Kings,PA Patel,SK Raina,JR Hopes,0,0,,,,,,"",""
ball,2,9.1,Chennai Super Kings,SK Raina,PA Patel,PP Chawla,0,0,,,,,,"",""
ball,2,9.2,Chennai Super Kings,SK Raina,PA Patel,PP Chawla,1,0,,,,,,"",""
ball,2,9.3,Chennai Super Kings,PA Patel,SK Raina,PP Chawla,0,0,,,,,,"",""
ball,2,9.4,Chennai Super Kings,PA Patel,SK Raina,PP Chawla,1,0,,,,,,"",""
ball,2,9.5,Chennai Super Kings,SK Raina,PA Patel,PP Chawla,0,0,,,,,,"",""
ball,2,9.6,Chennai Super Kings,SK Raina,PA Patel,PP Chawla,0,0,,,,,,"",""
ball,2,10.1,Chennai Super Kings,PA Patel,SK Raina,JR Hopes,4,0,,,,,,"",""
ball,2,10.2,Chennai Super Kings,PA Patel,SK Raina,JR Hopes,0,0,,,,,,"",""
ball,2,10.3,Chennai Super Kings,PA Patel,SK Raina,JR Hopes,1,0,,,,,,"",""
ball,2,10.4,Chennai Super Kings,SK Raina,PA Patel,JR Hopes,1,0,,,,,,"",""
ball,2,10.5,Chennai Super Kings,PA Patel,SK Raina,JR Hopes,1,0,,,,,,"",""
ball,2,10.6,Chennai Super Kings,SK Raina,PA Patel,JR Hopes,6,0,,,,,,"",""
ball,2,11.1,Chennai Super Kings,PA Patel,SK Raina,PP Chawla,1,0,,,,,,"",""
ball,2,11.2,Chennai Super Kings,SK Raina,PA Patel,PP Chawla,0,0,,,,,,"",""
ball,2,11.3,Chennai Super Kings,SK Raina,PA Patel,PP Chawla,0,0,,,,,,"",""
ball,2,11.4,Chennai Super Kings,SK Raina,PA Patel,PP Chawla,1,0,,,,,,"",""
ball,2,11.5,Chennai Super Kings,PA Patel,SK Raina,PP Chawla,1,0,,,,,,"",""
ball,2,11.6,Chennai Super Kings,SK Raina,PA Patel,PP Chawla,2,0,,,,,,"",""
ball,2,12.1,Chennai Super Kings,PA Patel,SK Raina,RR Powar,0,0,,,,,,"",""
ball,2,12.2,Chennai Super Kings,PA Patel,SK Raina,RR Powar,0,0,,,,,,"",""
ball,2,12.3,Chennai Super Kings,PA Patel,SK Raina,RR Powar,4,0,,,,,,"",""
ball,2,12.4,Chennai Super Kings,PA Patel,SK Raina,RR Powar,1,0,,,,,,"",""
ball,2,12.5,Chennai Super Kings,SK Raina,PA Patel,RR Powar,1,0,,,,,,"",""
ball,2,12.6,Chennai Super Kings,PA Patel,SK Raina,RR Powar,4,0,,,,,,"",""
ball,2,13.1,Chennai Super Kings,SK Raina,PA Patel,IK Pathan,6,0,,,,,,"",""
ball,2,13.2,Chennai Super Kings,SK Raina,PA Patel,IK Pathan,0,0,,,,,,"",""
ball,2,13.3,Chennai Super Kings,SK Raina,PA Patel,IK Pathan,1,0,,,,,,"",""
ball,2,13.4,Chennai Super Kings,PA Patel,SK Raina,IK Pathan,0,1,1,,,,,"",""
ball,2,13.5,Chennai Super Kings,PA Patel,SK Raina,IK Pathan,0,0,,,,,,"",""
ball,2,13.6,Chennai Super Kings,PA Patel,SK Raina,IK Pathan,1,0,,,,,,"",""
ball,2,13.7,Chennai Super Kings,SK Raina,PA Patel,IK Pathan,1,0,,,,,,"",""
ball,2,14.1,Chennai Super Kings,SK Raina,PA Patel,PP Chawla,6,0,,,,,,"",""
ball,2,14.2,Chennai Super Kings,SK Raina,PA Patel,PP Chawla,4,0,,,,,,"",""
ball,2,14.3,Chennai Super Kings,SK Raina,PA Patel,PP Chawla,1,0,,,,,,"",""
ball,2,14.4,Chennai Super Kings,PA Patel,SK Raina,PP Chawla,1,0,,,,,,"",""
ball,2,14.5,Chennai Super Kings,SK Raina,PA Patel,PP Chawla,4,0,,,,,,"",""
