version,1.6.0
info,balls_per_over,6
info,team,Mumbai Indians
info,team,Kolkata Knight Riders
info,gender,male
info,season,2007/08
info,date,2008/05/16
info,event,Indian Premier League
info,match_number,38
info,venue,Wankhede Stadium
info,city,Mumbai
info,toss_winner,Mumbai Indians
info,toss_decision,field
info,player_of_match,SM Pollock
info,umpire,BR Doctrove
info,umpire,DJ Harper
info,reserve_umpire,SN Bandekar
info,tv_umpire,I Shivram
info,match_referee,FM Engineer
info,winner,Mumbai Indians
info,winner_wickets,8
info,player,Kolkata Knight Riders,Salman Butt
info,player,Kolkata Knight Riders,A Chopra
info,player,Kolkata Knight Riders,SC Ganguly
info,player,Kolkata Knight Riders,DJ Hussey
info,player,Kolkata Knight Riders,Mohammad Hafeez
info,player,Kolkata Knight Riders,WP Saha
info,player,Kolkata Knight Riders,LR Shukla
info,player,Kolkata Knight Riders,AB Agarkar
info,player,Kolkata Knight Riders,Shoaib Akhtar
info,player,Kolkata Knight Riders,I Sharma
info,player,Kolkata Knight Riders,AB Dinda
info,player,Mumbai Indians,ST Jayasuriya
info,player,Mumbai Indians,SR Tendulkar
info,player,Mumbai Indians,RV Uthappa
info,player,Mumbai Indians,DJ Thornely
info,player,Mumbai Indians,DJ Bravo
info,player,Mumbai Indians,AM Nayar
info,player,Mumbai Indians,SM Pollock
info,player,Mumbai Indians,RV Pawar
info,player,Mumbai Indians,YV Takawale
info,player,Mumbai Indians,RR Raje
info,player,Mumbai Indians,A Nehra
info,registry,people,A Chopra,e249fdaa
info,registry,people,A Nehra,96fd40ae
info,registry,people,AB Agarkar,fa463154
info,registry,people,AB Dinda,66b30f71
info,registry,people,AM Nayar,a45a5e8d
info,registry,people,BR Doctrove,cbebf805
info,registry,people,DJ Bravo,87e562a9
info,registry,people,DJ Harper,0ec08b27
info,registry,people,DJ Hussey,fd835ab3
info,registry,people,DJ Thornely,7d3937ed
info,registry,people,FM Engineer,6529ee42
info,registry,people,I Sharma,5bb1a1c4
info,registry,people,I Shivram,85143097
info,registry,people,LR Shukla,b1451597
info,registry,people,Mohammad Hafeez,9ab63e7b
info,registry,people,RR Raje,5f4e9e8f
info,registry,people,RV Pawar,c9d33ef5
info,registry,people,RV Uthappa,1c17e270
info,registry,people,SC Ganguly,725529bc
info,registry,people,SM Pollock,88fccd6c
info,registry,people,SN Bandekar,350528bb
info,registry,people,SR Tendulkar,d2c2b2d5
info,registry,people,ST Jayasuriya,f233bbb4
info,registry,people,Salman Butt,4d6d6280
info,registry,people,Shoaib Akhtar,10a91f35
info,registry,people,WP Saha,fe11caa6
info,registry,people,YV Takawale,4e04666c
ball,1,0.1,Kolkata Knight Riders,Salman Butt,A Chopra,SM Pollock,0,0,,,,,,"",""
ball,1,0.2,Kolkata Knight Riders,Salman Butt,A Chopra,SM Pollock,0,0,,,,,,"",""
ball,1,0.3,Kolkata Knight Riders,Salman Butt,A Chopra,SM Pollock,4,0,,,,,,"",""
ball,1,0.4,Kolkata Knight Riders,Salman Butt,A Chopra,SM Pollock,1,0,,,,,,"",""
ball,1,0.5,Kolkata Knight Riders,A Chopra,Salman Butt,SM Pollock,0,0,,,,,,"",""
ball,1,0.6,Kolkata Knight Riders,A Chopra,Salman Butt,SM Pollock,0,0,,,,,,"",""
ball,1,1.1,Kolkata Knight Riders,Salman Butt,A Chopra,A Nehra,0,0,,,,,,"",""
ball,1,1.2,Kolkata Knight Riders,Salman Butt,A Chopra,A Nehra,6,0,,,,,,"",""
ball,1,1.3,Kolkata Knight Riders,Salman Butt,A Chopra,A Nehra,0,0,,,,,,"",""
ball,1,1.4,Kolkata Knight Riders,Salman Butt,A Chopra,A Nehra,0,0,,,,,,"",""
ball,1,1.5,Kolkata Knight Riders,Salman Butt,A Chopra,A Nehra,0,1,1,,,,,"",""
ball,1,1.6,Kolkata Knight Riders,Salman Butt,A Chopra,A Nehra,0,0,,,,,,"",""
ball,1,1.7,Kolkata Knight Riders,Salman Butt,A Chopra,A Nehra,0,0,,,,,,"",""
ball,1,2.1,Kolkata Knight Riders,A Chopra,Salman Butt,SM Pollock,0,0,,,,,,"",""
ball,1,2.2,Kolkata Knight Riders,A Chopra,Salman Butt,SM Pollock,1,0,,,,,,"",""
ball,1,2.3,Kolkata Knight Riders,Salman Butt,A Chopra,SM Pollock,0,1,1,,,,,"",""
ball,1,2.4,Kolkata Knight Riders,Salman Butt,A Chopra,SM Pollock,0,0,,,,,,"",""
ball,1,2.5,Kolkata Knight Riders,Salman Butt,A Chopra,SM Pollock,2,0,,,,,,"",""
ball,1,2.6,Kolkata Knight Riders,Salman Butt,A Chopra,SM Pollock,0,0,,,,,,caught,Salman Butt
ball,1,2.7,Kolkata Knight Riders,SC Ganguly,A Chopra,SM Pollock,0,0,,,,,,run out,A Chopra
ball,1,3.1,Kolkata Knight Riders,DJ Hussey,SC Ganguly,A Nehra,0,0,,,,,,"",""
ball,1,3.2,Kolkata Knight Riders,DJ Hussey,SC Ganguly,A Nehra,0,1,1,,,,,"",""
ball,1,3.3,Kolkata Knight Riders,DJ Hussey,SC Ganguly,A Nehra,0,0,,,,,,"",""
ball,1,3.4,Kolkata Knight Riders,DJ Hussey,SC Ganguly,A Nehra,1,0,,,,,,"",""
ball,1,3.5,Kolkata Knight Riders,SC Ganguly,DJ Hussey,A Nehra,1,0,,,,,,"",""
ball,1,3.6,Kolkata Knight Riders,DJ Hussey,SC Ganguly,A Nehra,0,0,,,,,,"",""
ball,1,3.7,Kolkata Knight Riders,DJ Hussey,SC Ganguly,A Nehra,0,1,1,,,,,"",""
ball,1,3.8,Kolkata Knight Riders,DJ Hussey,SC Ganguly,A Nehra,1,0,,,,,,"",""
ball,1,4.1,Kolkata Knight Riders,DJ Hussey,SC Ganguly,SM Pollock,0,0,,,,,,"",""
ball,1,4.2,Kolkata Knight Riders,DJ Hussey,SC Ganguly,SM Pollock,0,0,,,,,,caught,DJ Hussey
ball,1,4.3,Kolkata Knight Riders,Mohammad Hafeez,SC Ganguly,SM Pollock,0,0,,,,,,"",""
ball,1,4.4,Kolkata Knight Riders,Mohammad Hafeez,SC Ganguly,SM Pollock,0,0,,,,,,"",""
ball,1,4.5,Kolkata Knight Riders,Mohammad Hafeez,SC Ganguly,SM Pollock,0,0,,,,,,"",""
ball,1,4.6,Kolkata Knight Riders,Mohammad Hafeez,SC Ganguly,SM Pollock,1,0,,,,,,"",""
ball,1,5.1,Kolkata Knight Riders,Mohammad Hafeez,SC Ganguly,DJ Bravo,0,0,,,,,,"",""
ball,1,5.2,Kolkata Knight Riders,Mohammad Hafeez,SC Ganguly,DJ Bravo,4,0,,,,,,"",""
ball,1,5.3,Kolkata Knight Riders,Mohammad Hafeez,SC Ganguly,DJ Bravo,0,0,,,,,,"",""
ball,1,5.4,Kolkata Knight Riders,Mohammad Hafeez,SC Ganguly,DJ Bravo,0,0,,,,,,"",""
ball,1,5.5,Kolkata Knight Riders,Mohammad Hafeez,SC Ganguly,DJ Bravo,0,0,,,,,,"",""
ball,1,5.6,Kolkata Knight Riders,Mohammad Hafeez,SC Ganguly,DJ Bravo,0,1,1,,,,,"",""
ball,1,5.7,Kolkata Knight Riders,Mohammad Hafeez,SC Ganguly,DJ Bravo,0,0,,,,,,"",""
ball,1,6.1,Kolkata Knight Riders,SC Ganguly,Mohammad Hafeez,SM Pollock,0,0,,,,,,"",""
ball,1,6.2,Kolkata Knight Riders,SC Ganguly,Mohammad Hafeez,SM Pollock,0,0,,,,,,"",""
ball,1,6.3,Kolkata Knight Riders,SC Ganguly,Mohammad Hafeez,SM Pollock,1,0,,,,,,"",""
ball,1,6.4,Kolkata Knight Riders,Mohammad Hafeez,SC Ganguly,SM Pollock,0,0,,,,,,caught,Mohammad Hafeez
ball,1,6.5,Kolkata Knight Riders,WP Saha,SC Ganguly,SM Pollock,1,0,,,,,,"",""
ball,1,6.6,Kolkata Knight Riders,SC Ganguly,WP Saha,SM Pollock,0,0,,,,,,"",""
ball,1,7.1,Kolkata Knight Riders,WP Saha,SC Ganguly,DJ Bravo,0,0,,,,,,"",""
ball,1,7.2,Kolkata Knight Riders,WP Saha,SC Ganguly,DJ Bravo,0,0,,,,,,"",""
ball,1,7.3,Kolkata Knight Riders,WP Saha,SC Ganguly,DJ Bravo,0,0,,,,,,"",""
ball,1,7.4,Kolkata Knight Riders,WP Saha,SC Ganguly,DJ Bravo,0,0,,,,,,"",""
ball,1,7.5,Kolkata Knight Riders,WP Saha,SC Ganguly,DJ Bravo,0,0,,,,,,caught,WP Saha
ball,1,7.6,Kolkata Knight Riders,LR Shukla,SC Ganguly,DJ Bravo,0,0,,,,,,"",""
ball,1,8.1,Kolkata Knight Riders,SC Ganguly,LR Shukla,A Nehra,0,0,,,,,,"",""
ball,1,8.2,Kolkata Knight Riders,SC Ganguly,LR Shukla,A Nehra,1,0,,,,,,"",""
ball,1,8.3,Kolkata Knight Riders,LR Shukla,SC Ganguly,A Nehra,0,0,,,,,,"",""
ball,1,8.4,Kolkata Knight Riders,LR Shukla,SC Ganguly,A Nehra,0,1,,,,1,,"",""
ball,1,8.5,Kolkata Knight Riders,SC Ganguly,LR Shukla,A Nehra,0,0,,,,,,"",""
ball,1,8.6,Kolkata Knight Riders,SC Ganguly,LR Shukla,A Nehra,4,0,,,,,,"",""
ball,1,9.1,Kolkata Knight Riders,LR Shukla,SC Ganguly,RR Raje,0,0,,,,,,bowled,LR Shukla
ball,1,9.2,Kolkata Knight Riders,AB Agarkar,SC Ganguly,RR Raje,4,0,,,,,,"",""
ball,1,9.3,Kolkata Knight Riders,AB Agarkar,SC Ganguly,RR Raje,4,0,,,,,,"",""
ball,1,9.4,Kolkata Knight Riders,AB Agarkar,SC Ganguly,RR Raje,0,0,,,,,,"",""
ball,1,9.5,Kolkata Knight Riders,AB Agarkar,SC Ganguly,RR Raje,0,0,,,,,,"",""
ball,1,9.6,Kolkata Knight Riders,AB Agarkar,SC Ganguly,RR Raje,1,0,,,,,,"",""
ball,1,10.1,Kolkata Knight Riders,AB Agarkar,SC Ganguly,DJ Thornely,0,0,,,,,,"",""
ball,1,10.2,Kolkata Knight Riders,AB Agarkar,SC Ganguly,DJ Thornely,0,0,,,,,,"",""
ball,1,10.3,Kolkata Knight Riders,AB Agarkar,SC Ganguly,DJ Thornely,1,0,,,,,,"",""
ball,1,10.4,Kolkata Knight Riders,SC Ganguly,AB Agarkar,DJ Thornely,0,0,,,,,,"",""
ball,1,10.5,Kolkata Knight Riders,SC Ganguly,AB Agarkar,DJ Thornely,1,0,,,,,,"",""
ball,1,10.6,Kolkata Knight Riders,AB Agarkar,SC Ganguly,DJ Thornely,0,0,,,,,,"",""
ball,1,11.1,Kolkata Knight Riders,SC Ganguly,AB Agarkar,RR Raje,0,0,,,,,,"",""
ball,1,11.2,Kolkata Knight Riders,SC Ganguly,AB Agarkar,RR Raje,0,0,,,,,,"",""
ball,1,11.3,Kolkata Knight Riders,SC Ganguly,AB Agarkar,RR Raje,1,0,,,,,,"",""
ball,1,11.4,Kolkata Knight Riders,AB Agarkar,SC Ganguly,RR Raje,1,0,,,,,,"",""
ball,1,11.5,Kolkata Knight Riders,SC Ganguly,AB Agarkar,RR Raje,4,0,,,,,,"",""
ball,1,11.6,Kolkata Knight Riders,SC Ganguly,AB Agarkar,RR Raje,1,0,,,,,,"",""
ball,1,12.1,Kolkata Knight Riders,SC Ganguly,AB Agarkar,DJ Thornely,0,0,,,,,,"",""
ball,1,12.2,Kolkata Knight Riders,SC Ganguly,AB Agarkar,DJ Thornely,1,0,,,,,,"",""
ball,1,12.3,Kolkata Knight Riders,AB Agarkar,SC Ganguly,DJ Thornely,1,0,,,,,,"",""
ball,1,12.4,Kolkata Knight Riders,SC Ganguly,AB Agarkar,DJ Thornely,0,0,,,,,,caught,SC Ganguly
ball,1,12.5,Kolkata Knight Riders,Shoaib Akhtar,AB Agarkar,DJ Thornely,0,1,1,,,,,"",""
ball,1,12.6,Kolkata Knight Riders,Shoaib Akhtar,AB Agarkar,DJ Thornely,0,0,,,,,,"",""
ball,1,12.7,Kolkata Knight Riders,Shoaib Akhtar,AB Agarkar,DJ Thornely,0,0,,,,,,"",""
ball,1,13.1,Kolkata Knight Riders,AB Agarkar,Shoaib Akhtar,DJ Bravo,1,0,,,,,,"",""
ball,1,13.2,Kolkata Knight Riders,Shoaib Akhtar,AB Agarkar,DJ Bravo,1,0,,,,,,"",""
ball,1,13.3,Kolkata Knight Riders,AB Agarkar,Shoaib Akhtar,DJ Bravo,2,0,,,,,,"",""
ball,1,13.4,Kolkata Knight Riders,AB Agarkar,Shoaib Akhtar,DJ Bravo,0,0,,,,,,caught,AB Agarkar
ball,1,13.5,Kolkata Knight Riders,I Sharma,Shoaib Akhtar,DJ Bravo,4,0,,,,,,"",""
ball,1,13.6,Kolkata Knight Riders,I Sharma,Shoaib Akhtar,DJ Bravo,0,1,,,,1,,"",""
ball,1,14.1,Kolkata Knight Riders,I Sharma,Shoaib Akhtar,DJ Thornely,0,0,,,,,,"",""
ball,1,14.2,Kolkata Knight Riders,I Sharma,Shoaib Akhtar,DJ Thornely,0,0,,,,,,"",""
ball,1,14.3,Kolkata Knight Riders,I Sharma,Shoaib Akhtar,DJ Thornely,0,0,,,,,,caught and bowled,I Sharma
ball,1,14.4,Kolkata Knight Riders,AB Dinda,Shoaib Akhtar,DJ Thornely,1,0,,,,,,"",""
ball,1,14.5,Kolkata Knight Riders,Shoaib Akhtar,AB Dinda,DJ Thornely,0,0,,,,,,"",""
ball,1,14.6,Kolkata Knight Riders,Shoaib Akhtar,AB Dinda,DJ Thornely,1,0,,,,,,"",""
ball,1,15.1,Kolkata Knight Riders,Shoaib Akhtar,AB Dinda,RR Raje,0,0,,,,,,"",""
ball,1,15.2,Kolkata Knight Riders,Shoaib Akhtar,AB Dinda,RR Raje,0,0,,,,,,caught,Shoaib Akhtar
ball,2,0.1,Mumbai Indians,ST Jayasuriya,SR Tendulkar,Shoaib Akhtar,4,0,,,,,,"",""
ball,2,0.2,Mumbai Indians,ST Jayasuriya,SR Tendulkar,Shoaib Akhtar,0,1,1,,,,,"",""
ball,2,0.3,Mumbai Indians,ST Jayasuriya,SR Tendulkar,Shoaib Akhtar,1,0,,,,,,"",""
ball,2,0.4,Mumbai Indians,SR Tendulkar,ST Jayasuriya,Shoaib Akhtar,0,0,,,,,,"",""
ball,2,0.5,Mumbai Indians,SR Tendulkar,ST Jayasuriya,Shoaib Akhtar,0,0,,,,,,"",""
ball,2,0.6,Mumbai Indians,SR Tendulkar,ST Jayasuriya,Shoaib Akhtar,0,0,,,,,,caught,SR Tendulkar
ball,2,0.7,Mumbai Indians,RV Uthappa,ST Jayasuriya,Shoaib Akhtar,0,0,,,,,,"",""
ball,2,1.1,Mumbai Indians,ST Jayasuriya,RV Uthappa,I Sharma,4,0,,,,,,"",""
ball,2,1.2,Mumbai Indians,ST Jayasuriya,RV Uthappa,I Sharma,0,1,1,,,,,"",""
ball,2,1.3,Mumbai Indians,ST Jayasuriya,RV Uthappa,I Sharma,1,0,,,,,,"",""
ball,2,1.4,Mumbai Indians,RV Uthappa,ST Jayasuriya,I Sharma,4,0,,,,,,"",""
ball,2,1.5,Mumbai Indians,RV Uthappa,ST Jayasuriya,I Sharma,0,1,,,,1,,"",""
ball,2,1.6,Mumbai Indians,ST Jayasuriya,RV Uthappa,I Sharma,4,0,,,,,,"",""
ball,2,1.7,Mumbai Indians,ST Jayasuriya,RV Uthappa,I Sharma,0,0,,,,,,"",""
ball,2,2.1,Mumbai Indians,RV Uthappa,ST Jayasuriya,Shoaib Akhtar,1,0,,,,,,"",""
ball,2,2.2,Mumbai Indians,ST Jayasuriya,RV Uthappa,Shoaib Akhtar,4,0,,,,,,"",""
ball,2,2.3,Mumbai Indians,ST Jayasuriya,RV Uthappa,Shoaib Akhtar,6,0,,,,,,"",""
ball,2,2.4,Mumbai Indians,ST Jayasuriya,RV Uthappa,Shoaib Akhtar,2,0,,,,,,"",""
ball,2,2.5,Mumbai Indians,ST Jayasuriya,RV Uthappa,Shoaib Akhtar,4,0,,,,,,"",""
ball,2,2.6,Mumbai Indians,ST Jayasuriya,RV Uthappa,Shoaib Akhtar,6,0,,,,,,"",""
ball,2,3.1,Mumbai Indians,RV Uthappa,ST Jayasuriya,I Sharma,0,0,,,,,,"",""
ball,2,3.2,Mumbai Indians,RV Uthappa,ST Jayasuriya,I Sharma,0,0,,,,,,"",""
ball,2,3.3,Mumbai Indians,RV Uthappa,ST Jayasuriya,I Sharma,4,0,,,,,,"",""
ball,2,3.4,Mumbai Indians,RV Uthappa,ST Jayasuriya,I Sharma,0,0,,,,,,caught,RV Uthappa
ball,2,3.5,Mumbai Indians,DJ Thornely,ST Jayasuriya,I Sharma,0,0,,,,,,"",""
ball,2,3.6,Mumbai Indians,DJ Thornely,ST Jayasuriya,I Sharma,0,0,,,,,,"",""
ball,2,4.1,Mumbai Indians,ST Jayasuriya,DJ Thornely,AB Agarkar,0,1,1,,,,,"",""
ball,2,4.2,Mumbai Indians,ST Jayasuriya,DJ Thornely,AB Agarkar,1,0,,,,,,"",""
ball,2,4.3,Mumbai Indians,DJ Thornely,ST Jayasuriya,AB Agarkar,1,0,,,,,,"",""
ball,2,4.4,Mumbai Indians,ST Jayasuriya,DJ Thornely,AB Agarkar,0,1,1,,,,,"",""
ball,2,4.5,Mumbai Indians,ST Jayasuriya,DJ Thornely,AB Agarkar,1,0,,,,,,"",""
ball,2,4.6,Mumbai Indians,DJ Thornely,ST Jayasuriya,AB Agarkar,0,0,,,,,,"",""
ball,2,4.7,Mumbai Indians,DJ Thornely,ST Jayasuriya,AB Agarkar,0,0,,,,,,"",""
ball,2,4.8,Mumbai Indians,DJ Thornely,ST Jayasuriya,AB Agarkar,0,0,,,,,,"",""
ball,2,5.1,Mumbai Indians,ST Jayasuriya,DJ Thornely,I Sharma,4,0,,,,,,"",""
ball,2,5.2,Mumbai Indians,ST Jayasuriya,DJ Thornely,I Sharma,0,0,,,,,,"",""
ball,2,5.3,Mumbai Indians,ST Jayasuriya,DJ Thornely,I Sharma,6,1,,1,,,,"",""
ball,2,5.4,Mumbai Indians,ST Jayasuriya,DJ Thornely,I Sharma,0,4,,,,4,,"",""
