version,1.6.0
info,balls_per_over,6
info,team,Chennai Super Kings
info,team,Delhi Daredevils
info,gender,male
info,season,2009
info,date,2009/04/23
info,event,Indian Premier League
info,match_number,9
info,venue,Kingsmead
info,city,Durban
info,neutralvenue,true
info,toss_winner,Delhi Daredevils
info,toss_decision,bat
info,player_of_match,AB de Villiers
info,umpire,BR Doctrove
info,umpire,SJA Taufel
info,reserve_umpire,ZTA Ndamane
info,tv_umpire,SD Ranade
info,match_referee,D Govindjee
info,winner,Delhi Daredevils
info,winner_runs,9
info,player,Chennai Super Kings,PA Patel
info,player,Chennai Super Kings,ML Hayden
info,player,Chennai Super Kings,SK Raina
info,player,Chennai Super Kings,MS Dhoni
info,player,Chennai Super Kings,A Flintoff
info,player,Chennai Super Kings,JA Morkel
info,player,Chennai Super Kings,S Badrinath
info,player,Chennai Super Kings,MS Gony
info,player,Chennai Super Kings,Joginder Sharma
info,player,Chennai Super Kings,L Balaji
info,player,Chennai Super Kings,M Muralitharan
info,player,Delhi Daredevils,G Gambhir
info,player,Delhi Daredevils,V Sehwag
info,player,Delhi Daredevils,AB de Villiers
info,player,Delhi Daredevils,TM Dilshan
info,player,Delhi Daredevils,KD Karthik
info,player,Delhi Daredevils,MK Tiwary
info,player,Delhi Daredevils,DL Vettori
info,player,Delhi Daredevils,DP Nannes
info,player,Delhi Daredevils,AM Salvi
info,player,Delhi Daredevils,PJ Sangwan
info,player,Delhi Daredevils,A Nehra
info,registry,people,A Flintoff,ddc0828d
info,registry,people,A Nehra,96fd40ae
info,registry,people,AB de Villiers,c4487b84
info,registry,people,AM Salvi,260fd380
info,registry,people,BR Doctrove,cbebf805
info,registry,people,D Govindjee,8b4c4069
info,registry,people,DA Warner,dcce6f09
info,registry,people,DL Vettori,d7c6af50
info,registry,people,DP Nannes,c404f58a
info,registry,people,G Gambhir,bb345e0b
info,registry,people,JA Morkel,c3d35165
info,registry,people,Joginder Sharma,9f961c14
info,registry,people,KD Karthik,c03f1114
info,registry,people,L Balaji,b2b50355
info,registry,people,M Muralitharan,4ba44e19
info,registry,people,MK Tiwary,26e5cabf
info,registry,people,ML Hayden,d8699ab7
info,registry,people,MS Dhoni,4a8a2e3b
info,registry,people,MS Gony,ae78bc32
info,registry,people,PA Patel,b5da6c24
info,registry,people,PJ Sangwan,9fc0ef64
info,registry,people,S Badrinath,3576e47e
info,registry,people,SD Ranade,369c85c1
info,registry,people,SJA Taufel,4b43d5ac
info,registry,people,SK Raina,1dc12ab9
info,registry,people,TM Dilshan,5bdcdb72
info,registry,people,V Sehwag,8ba8195d
info,registry,people,ZTA Ndamane,545cc6db
ball,1,0.1,Delhi Daredevils,G Gambhir,V Sehwag,L Balaji,0,0,,,,,,caught,G Gambhir
ball,1,0.2,Delhi Daredevils,AB de Villiers,V Sehwag,L Balaji,1,0,,,,,,"",""
ball,1,0.3,Delhi Daredevils,V Sehwag,AB de Villiers,L Balaji,0,0,,,,,,"",""
ball,1,0.4,Delhi Daredevils,V Sehwag,AB de Villiers,L Balaji,0,0,,,,,,"",""
ball,1,0.5,Delhi Daredevils,V Sehwag,AB de Villiers,L Balaji,0,0,,,,,,"",""
ball,1,0.6,Delhi Daredevils,V Sehwag,AB de Villiers,L Balaji,1,0,,,,,,"",""
ball,1,1.1,Delhi Daredevils,V Sehwag,AB de Villiers,MS Gony,4,0,,,,,,"",""
ball,1,1.2,Delhi Daredevils,V Sehwag,AB de Villiers,MS Gony,0,0,,,,,,"",""
ball,1,1.3,Delhi Daredevils,V Sehwag,AB de Villiers,MS Gony,1,0,,,,,,"",""
ball,1,1.4,Delhi Daredevils,AB de Villiers,V Sehwag,MS Gony,1,0,,,,,,"",""
ball,1,1.5,Delhi Daredevils,V Sehwag,AB de Villiers,MS Gony,0,0,,,,,,"",""
ball,1,1.6,Delhi Daredevils,V Sehwag,AB de Villiers,MS Gony,0,0,,,,,,caught,V Sehwag
ball,1,2.1,Delhi Daredevils,TM Dilshan,AB de Villiers,L Balaji,0,0,,,,,,"",""
ball,1,2.2,Delhi Daredevils,TM Dilshan,AB de Villiers,L Balaji,4,0,,,,,,"",""
ball,1,2.3,Delhi Daredevils,TM Dilshan,AB de Villiers,L Balaji,1,0,,,,,,"",""
ball,1,2.4,Delhi Daredevils,AB de Villiers,TM Dilshan,L Balaji,0,0,,,,,,"",""
ball,1,2.5,Delhi Daredevils,AB de Villiers,TM Dilshan,L Balaji,1,0,,,,,,"",""
ball,1,2.6,Delhi Daredevils,TM Dilshan,AB de Villiers,L Balaji,0,0,,,,,,"",""
ball,1,3.1,Delhi Daredevils,AB de Villiers,TM Dilshan,MS Gony,0,0,,,,,,"",""
ball,1,3.2,Delhi Daredevils,AB de Villiers,TM Dilshan,MS Gony,6,0,,,,,,"",""
ball,1,3.3,Delhi Daredevils,AB de Villiers,TM Dilshan,MS Gony,1,0,,,,,,"",""
ball,1,3.4,Delhi Daredevils,TM Dilshan,AB de Villiers,MS Gony,0,0,,,,,,"",""
ball,1,3.5,Delhi Daredevils,TM Dilshan,AB de Villiers,MS Gony,6,0,,,,,,"",""
ball,1,3.6,Delhi Daredevils,TM Dilshan,AB de Villiers,MS Gony,2,0,,,,,,"",""
ball,1,4.1,Delhi Daredevils,AB de Villiers,TM Dilshan,JA Morkel,4,0,,,,,,"",""
ball,1,4.2,Delhi Daredevils,AB de Villiers,TM Dilshan,JA Morkel,1,0,,,,,,"",""
ball,1,4.3,Delhi Daredevils,TM Dilshan,AB de Villiers,JA Morkel,0,0,,,,,,"",""
ball,1,4.4,Delhi Daredevils,TM Dilshan,AB de Villiers,JA Morkel,4,0,,,,,,"",""
ball,1,4.5,Delhi Daredevils,TM Dilshan,AB de Villiers,JA Morkel,4,0,,,,,,"",""
ball,1,4.6,Delhi Daredevils,TM Dilshan,AB de Villiers,JA Morkel,4,0,,,,,,"",""
ball,1,5.1,Delhi Daredevils,AB de Villiers,TM Dilshan,A Flintoff,1,0,,,,,,"",""
ball,1,5.2,Delhi Daredevils,TM Dilshan,AB de Villiers,A Flintoff,0,0,,,,,,"",""
ball,1,5.3,Delhi Daredevils,TM Dilshan,AB de Villiers,A Flintoff,4,0,,,,,,"",""
ball,1,5.4,Delhi Daredevils,TM Dilshan,AB de Villiers,A Flintoff,6,0,,,,,,"",""
ball,1,5.5,Delhi Daredevils,TM Dilshan,AB de Villiers,A Flintoff,1,0,,,,,,"",""
ball,1,5.6,Delhi Daredevils,AB de Villiers,TM Dilshan,A Flintoff,1,0,,,,,,"",""
ball,1,6.1,Delhi Daredevils,AB de Villiers,TM Dilshan,Joginder Sharma,1,0,,,,,,"",""
ball,1,6.2,Delhi Daredevils,TM Dilshan,AB de Villiers,Joginder Sharma,0,0,,,,,,"",""
ball,1,6.3,Delhi Daredevils,TM Dilshan,AB de Villiers,Joginder Sharma,1,0,,,,,,"",""
ball,1,6.4,Delhi Daredevils,AB de Villiers,TM Dilshan,Joginder Sharma,1,0,,,,,,"",""
ball,1,6.5,Delhi Daredevils,TM Dilshan,AB de Villiers,Joginder Sharma,4,0,,,,,,"",""
ball,1,6.6,Delhi Daredevils,TM Dilshan,AB de Villiers,Joginder Sharma,1,0,,,,,,"",""
ball,1,7.1,Delhi Daredevils,TM Dilshan,AB de Villiers,M Muralitharan,2,0,,,,,,"",""
ball,1,7.2,Delhi Daredevils,TM Dilshan,AB de Villiers,M Muralitharan,1,0,,,,,,"",""
ball,1,7.3,Delhi Daredevils,AB de Villiers,TM Dilshan,M Muralitharan,1,0,,,,,,"",""
ball,1,7.4,Delhi Daredevils,TM Dilshan,AB de Villiers,M Muralitharan,0,0,,,,,,"",""
ball,1,7.5,Delhi Daredevils,TM Dilshan,AB de Villiers,M Muralitharan,4,0,,,,,,"",""
ball,1,7.6,Delhi Daredevils,TM Dilshan,AB de Villiers,M Muralitharan,1,0,,,,,,"",""
ball,1,8.1,Delhi Daredevils,TM Dilshan,AB de Villiers,JA Morkel,0,0,,,,,,"",""
ball,1,8.2,Delhi Daredevils,TM Dilshan,AB de Villiers,JA Morkel,0,0,,,,,,"",""
ball,1,8.3,Delhi Daredevils,TM Dilshan,AB de Villiers,JA Morkel,0,0,,,,,,caught,TM Dilshan
ball,1,8.4,Delhi Daredevils,KD Karthik,AB de Villiers,JA Morkel,4,0,,,,,,"",""
ball,1,8.5,Delhi Daredevils,KD Karthik,AB de Villiers,JA Morkel,1,0,,,,,,"",""
ball,1,8.6,Delhi Daredevils,AB de Villiers,KD Karthik,JA Morkel,1,0,,,,,,"",""
ball,1,9.1,Delhi Daredevils,AB de Villiers,KD Karthik,M Muralitharan,0,0,,,,,,"",""
ball,1,9.2,Delhi Daredevils,AB de Villiers,KD Karthik,M Muralitharan,1,0,,,,,,"",""
ball,1,9.3,Delhi Daredevils,KD Karthik,AB de Villiers,M Muralitharan,4,0,,,,,,"",""
ball,1,9.4,Delhi Daredevils,KD Karthik,AB de Villiers,M Muralitharan,1,0,,,,,,"",""
ball,1,9.5,Delhi Daredevils,AB de Villiers,KD Karthik,M Muralitharan,2,0,,,,,,"",""
ball,1,9.6,Delhi Daredevils,AB de Villiers,KD Karthik,M Muralitharan,0,0,,,,,,"",""
ball,1,10.1,Delhi Daredevils,KD Karthik,AB de Villiers,A Flintoff,1,0,,,,,,"",""
ball,1,10.2,Delhi Daredevils,AB de Villiers,KD Karthik,A Flintoff,1,0,,,,,,"",""
ball,1,10.3,Delhi Daredevils,KD Karthik,AB de Villiers,A Flintoff,0,0,,,,,,"",""
ball,1,10.4,Delhi Daredevils,KD Karthik,AB de Villiers,A Flintoff,2,0,,,,,,"",""
ball,1,10.5,Delhi Daredevils,KD Karthik,AB de Villiers,A Flintoff,1,0,,,,,,"",""
ball,1,10.6,Delhi Daredevils,AB de Villiers,KD Karthik,A Flintoff,1,0,,,,,,"",""
ball,1,11.1,Delhi Daredevils,AB de Villiers,KD Karthik,M Muralitharan,2,0,,,,,,"",""
ball,1,11.2,Delhi Daredevils,AB de Villiers,KD Karthik,M Muralitharan,2,0,,,,,,"",""
ball,1,11.3,Delhi Daredevils,AB de Villiers,KD Karthik,M Muralitharan,2,0,,,,,,"",""
ball,1,11.4,Delhi Daredevils,AB de Villiers,KD Karthik,M Muralitharan,1,0,,,,,,"",""
ball,1,11.5,Delhi Daredevils,KD Karthik,AB de Villiers,M Muralitharan,1,0,,,,,,"",""
ball,1,11.6,Delhi Daredevils,AB de Villiers,KD Karthik,M Muralitharan,1,0,,,,,,"",""
ball,1,12.1,Delhi Daredevils,AB de Villiers,KD Karthik,JA Morkel,1,0,,,,,,"",""
ball,1,12.2,Delhi Daredevils,KD Karthik,AB de Villiers,JA Morkel,0,0,,,,,,"",""
ball,1,12.3,Delhi Daredevils,KD Karthik,AB de Villiers,JA Morkel,1,0,,,,,,"",""
ball,1,12.4,Delhi Daredevils,AB de Villiers,KD Karthik,JA Morkel,0,0,,,,,,"",""
ball,1,12.5,Delhi Daredevils,AB de Villiers,KD Karthik,JA Morkel,1,0,,,,,,"",""
ball,1,12.6,Delhi Daredevils,KD Karthik,AB de Villiers,JA Morkel,1,0,,,,,,"",""
ball,1,13.1,Delhi Daredevils,KD Karthik,AB de Villiers,L Balaji,1,0,,,,,,"",""
ball,1,13.2,Delhi Daredevils,AB de Villiers,KD Karthik,L Balaji,2,0,,,,,,"",""
ball,1,13.3,Delhi Daredevils,AB de Villiers,KD Karthik,L Balaji,1,0,,,,,,"",""
ball,1,13.4,Delhi Daredevils,KD Karthik,AB de Villiers,L Balaji,0,0,,,,,,"",""
ball,1,13.5,Delhi Daredevils,KD Karthik,AB de Villiers,L Balaji,0,1,1,,,,,"",""
ball,1,13.6,Delhi Daredevils,KD Karthik,AB de Villiers,L Balaji,0,0,,,,,,"",""
ball,1,13.7,Delhi Daredevils,KD Karthik,AB de Villiers,L Balaji,0,0,,,,,,caught,KD Karthik
ball,1,14.1,Delhi Daredevils,AB de Villiers,MK Tiwary,A Flintoff,2,0,,,,,,"",""
ball,1,14.2,Delhi Daredevils,AB de Villiers,MK Tiwary,A Flintoff,6,0,,,,,,"",""
ball,1,14.3,Delhi Daredevils,AB de Villiers,MK Tiwary,A Flintoff,1,0,,,,,,"",""
ball,1,14.4,Delhi Daredevils,MK Tiwary,AB de Villiers,A Flintoff,0,0,,,,,,"",""
ball,1,14.5,Delhi Daredevils,MK Tiwary,AB de Villiers,A Flintoff,0,0,,,,,,"",""
ball,1,14.6,Delhi Daredevils,MK Tiwary,AB de Villiers,A Flintoff,0,0,,,,,,"",""
ball,1,15.1,Delhi Daredevils,AB de Villiers,MK Tiwary,MS Gony,2,0,,,,,,"",""
ball,1,15.2,Delhi Daredevils,AB de Villiers,MK Tiwary,MS Gony,1,0,,,,,,"",""
ball,1,15.3,Delhi Daredevils,MK Tiwary,AB de Villiers,MS Gony,1,0,,,,,,"",""
ball,1,15.4,Delhi Daredevils,AB de Villiers,MK Tiwary,MS Gony,2,0,,,,,,"",""
ball,1,15.5,Delhi Daredevils,AB de Villiers,MK Tiwary,MS Gony,4,0,,,,,,"",""
ball,1,15.6,Delhi Daredevils,AB de Villiers,MK Tiwary,MS Gony,1,0,,,,,,"",""
ball,1,16.1,Delhi Daredevils,AB de Villiers,MK Tiwary,JA Morkel,4,0,,,,,,"",""
ball,1,16.2,Delhi Daredevils,AB de Villiers,MK Tiwary,JA Morkel,6,0,,,,,,"",""
ball,1,16.3,Delhi Daredevils,AB de Villiers,MK Tiwary,JA Morkel,1,0,,,,,,"",""
ball,1,16.4,Delhi Daredevils,MK Tiwary,AB de Villiers,JA Morkel,0,0,,,,,,"",""
ball,1,16.5,Delhi Daredevils,MK Tiwary,AB de Villiers,JA Morkel,1,0,,,,,,"",""
ball,1,16.6,Delhi Daredevils,AB de Villiers,MK Tiwary,JA Morkel,2,0,,,,,,"",""
ball,1,17.1,Delhi Daredevils,MK Tiwary,AB de Villiers,MS Gony,4,0,,,,,,"",""
ball,1,17.2,Delhi Daredevils,MK Tiwary,AB de Villiers,MS Gony,0,0,,,,,,"",""
ball,1,17.3,Delhi Daredevils,MK Tiwary,AB de Villiers,MS Gony,1,0,,,,,,"",""
ball,1,17.4,Delhi Daredevils,AB de Villiers,MK Tiwary,MS Gony,6,0,,,,,,"",""
ball,1,17.5,Delhi Daredevils,AB de Villiers,MK Tiwary,MS Gony,0,0,,,,,,"",""
ball,1,17.6,Delhi Daredevils,AB de Villiers,MK Tiwary,MS Gony,2,0,,,,,,"",""
ball,1,18.1,Delhi Daredevils,MK Tiwary,AB de Villiers,A Flintoff,1,0,,,,,,"",""
ball,1,18.2,Delhi Daredevils,AB de Villiers,MK Tiwary,A Flintoff,6,0,,,,,,"",""
ball,1,18.3,Delhi Daredevils,AB de Villiers,MK Tiwary,A Flintoff,4,0,,,,,,"",""
ball,1,18.4,Delhi Daredevils,AB de Villiers,MK Tiwary,A Flintoff,4,0,,,,,,"",""
ball,1,18.5,Delhi Daredevils,AB de Villiers,MK Tiwary,A Flintoff,6,0,,,,,,"",""
ball,1,18.6,Delhi Daredevils,AB de Villiers,MK Tiwary,A Flintoff,1,0,,,,,,"",""
ball,1,19.1,Delhi Daredevils,AB de Villiers,MK Tiwary,L Balaji,1,0,,,,,,"",""
ball,1,19.2,Delhi Daredevils,MK Tiwary,AB de Villiers,L Balaji,1,0,,,,,,"",""
ball,1,19.3,Delhi Daredevils,AB de Villiers,MK Tiwary,L Balaji,3,0,,,,,,"",""
ball,1,19.4,Delhi Daredevils,MK Tiwary,AB de Villiers,L Balaji,0,0,,,,,,"",""
ball,1,19.5,Delhi Daredevils,MK Tiwary,AB de Villiers,L Balaji,0,0,,,,,,caught,MK Tiwary
ball,1,19.6,Delhi Daredevils,AB de Villiers,DL Vettori,L Balaji,1,0,,,,,,"",""
ball,2,0.1,Chennai Super Kings,PA Patel,ML Hayden,DP Nannes,0,0,,,,,,"",""
ball,2,0.2,Chennai Super Kings,PA Patel,ML Hayden,DP Nannes,1,0,,,,,,"",""
ball,2,0.3,Chennai Super Kings,ML Hayden,PA Patel,DP Nannes,2,0,,,,,,"",""
ball,2,0.4,Chennai Super Kings,ML Hayden,PA Patel,DP Nannes,0,0,,,,,,"",""
ball,2,0.5,Chennai Super Kings,ML Hayden,PA Patel,DP Nannes,4,0,,,,,,"",""
ball,2,0.6,Chennai Super Kings,ML Hayden,PA Patel,DP Nannes,4,0,,,,,,"",""
ball,2,1.1,Chennai Super Kings,PA Patel,ML Hayden,A Nehra,4,0,,,,,,"",""
ball,2,1.2,Chennai Super Kings,PA Patel,ML Hayden,A Nehra,1,0,,,,,,"",""
ball,2,1.3,Chennai Super Kings,ML Hayden,PA Patel,A Nehra,2,0,,,,,,"",""
ball,2,1.4,Chennai Super Kings,ML Hayden,PA Patel,A Nehra,1,0,,,,,,"",""
ball,2,1.5,Chennai Super Kings,PA Patel,ML Hayden,A Nehra,0,1,1,,,,,"",""
ball,2,1.6,Chennai Super Kings,PA Patel,ML Hayden,A Nehra,1,0,,,,,,"",""
ball,2,1.7,Chennai Super Kings,ML Hayden,PA Patel,A Nehra,0,0,,,,,,"",""
ball,2,2.1,Chennai Super Kings,PA Patel,ML Hayden,DP Nannes,0,0,,,,,,"",""
ball,2,2.2,Chennai Super Kings,PA Patel,ML Hayden,DP Nannes,1,0,,,,,,"",""
ball,2,2.3,Chennai Super Kings,ML Hayden,PA Patel,DP Nannes,4,0,,,,,,"",""
ball,2,2.4,Chennai Super Kings,ML Hayden,PA Patel,DP Nannes,2,0,,,,,,"",""
ball,2,2.5,Chennai Super Kings,ML Hayden,PA Patel,DP Nannes,1,0,,,,,,"",""
ball,2,2.6,Chennai Super Kings,PA Patel,ML Hayden,DP Nannes,1,0,,,,,,"",""
ball,2,3.1,Chennai Super Kings,PA Patel,ML Hayden,A Nehra,0,4,,,,4,,"",""
ball,2,3.2,Chennai Super Kings,PA Patel,ML Hayden,A Nehra,1,0,,,,,,"",""
ball,2,3.3,Chennai Super Kings,ML Hayden,PA Patel,A Nehra,0,0,,,,,,"",""
ball,2,3.4,Chennai Super Kings,ML Hayden,PA Patel,A Nehra,4,0,,,,,,"",""
ball,2,3.5,Chennai Super Kings,ML Hayden,PA Patel,A Nehra,1,0,,,,,,"",""
ball,2,3.6,Chennai Super Kings,PA Patel,ML Hayden,A Nehra,4,0,,,,,,"",""
ball,2,4.1,Chennai Super Kings,ML Hayden,PA Patel,AM Salvi,1,0,,,,,,"",""
ball,2,4.2,Chennai Super Kings,PA Patel,ML Hayden,AM Salvi,1,0,,,,,,"",""
ball,2,4.3,Chennai Super Kings,ML Hayden,PA Patel,AM Salvi,6,0,,,,,,"",""
ball,2,4.4,Chennai Super Kings,ML Hayden,PA Patel,AM Salvi,1,0,,,,,,"",""
ball,2,4.5,Chennai Super Kings,PA Patel,ML Hayden,AM Salvi,1,0,,,,,,"",""
ball,2,4.6,Chennai Super Kings,ML Hayden,PA Patel,AM Salvi,2,0,,,,,,"",""
ball,2,5.1,Chennai Super Kings,PA Patel,ML Hayden,PJ Sangwan,0,1,1,,,,,"",""
ball,2,5.2,Chennai Super Kings,PA Patel,ML Hayden,PJ Sangwan,0,0,,,,,,"",""
ball,2,5.3,Chennai Super Kings,PA Patel,ML Hayden,PJ Sangwan,0,0,,,,,,caught,PA Patel
ball,2,5.4,Chennai Super Kings,SK Raina,ML Hayden,PJ Sangwan,0,0,,,,,,"",""
ball,2,5.5,Chennai Super Kings,SK Raina,ML Hayden,PJ Sangwan,2,0,,,,,,"",""
ball,2,5.6,Chennai Super Kings,SK Raina,ML Hayden,PJ Sangwan,1,0,,,,,,"",""
ball,2,5.7,Chennai Super Kings,ML Hayden,SK Raina,PJ Sangwan,1,0,,,,,,"",""
ball,2,6.1,Chennai Super Kings,ML Hayden,SK Raina,AM Salvi,0,5,5,,,,,"",""
ball,2,6.2,Chennai Super Kings,ML Hayden,SK Raina,AM Salvi,6,0,,,,,,"",""
ball,2,6.3,Chennai Super Kings,ML Hayden,SK Raina,AM Salvi,1,0,,,,,,"",""
ball,2,6.4,Chennai Super Kings,SK Raina,ML Hayden,AM Salvi,1,0,,,,,,"",""
ball,2,6.5,Chennai Super Kings,ML Hayden,SK Raina,AM Salvi,6,0,,,,,,"",""
ball,2,6.6,Chennai Super Kings,ML Hayden,SK Raina,AM Salvi,4,0,,,,,,"",""
ball,2,6.7,Chennai Super Kings,ML Hayden,SK Raina,AM Salvi,1,0,,,,,,"",""
ball,2,7.1,Chennai Super Kings,ML Hayden,SK Raina,PJ Sangwan,2,0,,,,,,"",""
ball,2,7.2,Chennai Super Kings,ML Hayden,SK Raina,PJ Sangwan,0,0,,,,,,"",""
ball,2,7.3,Chennai Super Kings,ML Hayden,SK Raina,PJ Sangwan,1,0,,,,,,"",""
ball,2,7.4,Chennai Super Kings,SK Raina,ML Hayden,PJ Sangwan,0,1,,1,,,,"",""
ball,2,7.5,Chennai Super Kings,SK Raina,ML Hayden,PJ Sangwan,0,0,,,,,,"",""
ball,2,7.6,Chennai Super Kings,SK Raina,ML Hayden,PJ Sangwan,1,0,,,,,,"",""
ball,2,7.7,Chennai Super Kings,ML Hayden,SK Raina,PJ Sangwan,0,0,,,,,,caught,ML Hayden
ball,2,8.1,Chennai Super Kings,MS Dhoni,SK Raina,DL Vettori,1,0,,,,,,"",""
ball,2,8.2,Chennai Super Kings,SK Raina,MS Dhoni,DL Vettori,0,0,,,,,,"",""
ball,2,8.3,Chennai Super Kings,SK Raina,MS Dhoni,DL Vettori,1,0,,,,,,"",""
ball,2,8.4,Chennai Super Kings,MS Dhoni,SK Raina,DL Vettori,1,0,,,,,,"",""
ball,2,8.5,Chennai Super Kings,SK Raina,MS Dhoni,DL Vettori,0,0,,,,,,"",""
ball,2,8.6,Chennai Super Kings,SK Raina,MS Dhoni,DL Vettori,4,0,,,,,,"",""
ball,2,9.1,Chennai Super Kings,MS Dhoni,SK Raina,PJ Sangwan,0,0,,,,,,"",""
ball,2,9.2,Chennai Super Kings,MS Dhoni,SK Raina,PJ Sangwan,1,0,,,,,,"",""
ball,2,9.3,Chennai Super Kings,SK Raina,MS Dhoni,PJ Sangwan,2,0,,,,,,"",""
ball,2,9.4,Chennai Super Kings,SK Raina,MS Dhoni,PJ Sangwan,1,0,,,,,,"",""
ball,2,9.5,Chennai Super Kings,MS Dhoni,SK Raina,PJ Sangwan,1,0,,,,,,"",""
ball,2,9.6,Chennai Super Kings,SK Raina,MS Dhoni,PJ Sangwan,4,0,,,,,,"",""
ball,2,10.1,Chennai Super Kings,MS Dhoni,SK Raina,DL Vettori,1,0,,,,,,"",""
ball,2,10.2,Chennai Super Kings,SK Raina,MS Dhoni,DL Vettori,1,0,,,,,,"",""
ball,2,10.3,Chennai Super Kings,MS Dhoni,SK Raina,DL Vettori,0,0,,,,,,caught,MS Dhoni
ball,2,10.4,Chennai Super Kings,A Flintoff,SK Raina,DL Vettori,0,0,,,,,,"",""
ball,2,10.5,Chennai Super Kings,A Flintoff,SK Raina,DL Vettori,1,0,,,,,,"",""
ball,2,10.6,Chennai Super Kings,SK Raina,A Flintoff,DL Vettori,4,0,,,,,,"",""
ball,2,11.1,Chennai Super Kings,A Flintoff,SK Raina,MK Tiwary,1,0,,,,,,"",""
ball,2,11.2,Chennai Super Kings,SK Raina,A Flintoff,MK Tiwary,1,0,,,,,,"",""
ball,2,11.3,Chennai Super Kings,A Flintoff,SK Raina,MK Tiwary,1,0,,,,,,"",""
ball,2,11.4,Chennai Super Kings,SK Raina,A Flintoff,MK Tiwary,6,0,,,,,,"",""
ball,2,11.5,Chennai Super Kings,SK Raina,A Flintoff,MK Tiwary,1,0,,,,,,"",""
ball,2,11.6,Chennai Super Kings,A Flintoff,SK Raina,MK Tiwary,1,0,,,,,,"",""
ball,2,12.1,Chennai Super Kings,A Flintoff,SK Raina,DL Vettori,2,0,,,,,,"",""
ball,2,12.2,Chennai Super Kings,A Flintoff,SK Raina,DL Vettori,1,0,,,,,,"",""
ball,2,12.3,Chennai Super Kings,SK Raina,A Flintoff,DL Vettori,4,0,,,,,,"",""
ball,2,12.4,Chennai Super Kings,SK Raina,A Flintoff,DL Vettori,0,1,,,,1,,"",""
ball,2,12.5,Chennai Super Kings,A Flintoff,SK Raina,DL Vettori,0,0,,,,,,"",""
ball,2,12.6,Chennai Super Kings,A Flintoff,SK Raina,DL Vettori,0,0,,,,,,"",""
ball,2,13.1,Chennai Super Kings,SK Raina,A Flintoff,DP Nannes,2,0,,,,,,"",""
ball,2,13.2,Chennai Super Kings,SK Raina,A Flintoff,DP Nannes,0,0,,,,,,"",""
ball,2,13.3,Chennai Super Kings,SK Raina,A Flintoff,DP Nannes,0,0,,,,,,"",""
ball,2,13.4,Chennai Super Kings,SK Raina,A Flintoff,DP Nannes,4,0,,,,,,"",""
ball,2,13.5,Chennai Super Kings,SK Raina,A Flintoff,DP Nannes,1,0,,,,,,"",""
ball,2,13.6,Chennai Super Kings,A Flintoff,SK Raina,DP Nannes,0,0,,,,,,"",""
ball,2,14.1,Chennai Super Kings,SK Raina,A Flintoff,PJ Sangwan,0,0,,,,,,caught,SK Raina
ball,2,14.2,Chennai Super Kings,JA Morkel,A Flintoff,PJ Sangwan,1,0,,,,,,"",""
ball,2,14.3,Chennai Super Kings,A Flintoff,JA Morkel,PJ Sangwan,1,0,,,,,,"",""
ball,2,14.4,Chennai Super Kings,JA Morkel,A Flintoff,PJ Sangwan,1,0,,,,,,"",""
ball,2,14.5,Chennai Super Kings,A Flintoff,JA Morkel,PJ Sangwan,0,1,1,,,,,"",""
ball,2,14.6,Chennai Super Kings,A Flintoff,JA Morkel,PJ Sangwan,4,0,,,,,,"",""
ball,2,14.7,Chennai Super Kings,A Flintoff,JA Morkel,PJ Sangwan,1,0,,,,,,"",""
ball,2,15.1,Chennai Super Kings,A Flintoff,JA Morkel,A Nehra,2,0,,,,,,"",""
ball,2,15.2,Chennai Super Kings,A Flintoff,JA Morkel,A Nehra,0,0,,,,,,"",""
ball,2,15.3,Chennai Super Kings,A Flintoff,JA Morkel,A Nehra,1,0,,,,,,"",""
ball,2,15.4,Chennai Super Kings,JA Morkel,A Flintoff,A Nehra,4,0,,,,,,"",""
ball,2,15.5,Chennai Super Kings,JA Morkel,A Flintoff,A Nehra,1,0,,,,,,"",""
ball,2,15.6,Chennai Super Kings,A Flintoff,JA Morkel,A Nehra,0,0,,,,,,caught,A Flintoff
ball,2,16.1,Chennai Super Kings,S Badrinath,JA Morkel,AM Salvi,1,0,,,,,,"",""
ball,2,16.2,Chennai Super Kings,JA Morkel,S Badrinath,AM Salvi,0,0,,,,,,"",""
ball,2,16.3,Chennai Super Kings,JA Morkel,S Badrinath,AM Salvi,1,0,,,,,,"",""
ball,2,16.4,Chennai Super Kings,S Badrinath,JA Morkel,AM Salvi,1,0,,,,,,"",""
ball,2,16.5,Chennai Super Kings,JA Morkel,S Badrinath,AM Salvi,1,0,,,,,,"",""
ball,2,16.6,Chennai Super Kings,S Badrinath,JA Morkel,AM Salvi,1,0,,,,,,"",""
ball,2,17.1,Chennai Super Kings,S Badrinath,JA Morkel,A Nehra,1,0,,,,,,"",""
ball,2,17.2,Chennai Super Kings,JA Morkel,S Badrinath,A Nehra,1,0,,,,,,"",""
ball,2,17.3,Chennai Super Kings,S Badrinath,JA Morkel,A Nehra,1,0,,,,,,"",""
ball,2,17.4,Chennai Super Kings,JA Morkel,S Badrinath,A Nehra,0,0,,,,,,"",""
ball,2,17.5,Chennai Super Kings,JA Morkel,S Badrinath,A Nehra,1,0,,,,,,"",""
ball,2,17.6,Chennai Super Kings,S Badrinath,JA Morkel,A Nehra,1,0,,,,,,"",""
ball,2,18.1,Chennai Super Kings,S Badrinath,JA Morkel,DL Vettori,1,0,,,,,,"",""
ball,2,18.2,Chennai Super Kings,JA Morkel,S Badrinath,DL Vettori,1,0,,,,,,"",""
ball,2,18.3,Chennai Super Kings,S Badrinath,JA Morkel,DL Vettori,0,0,,,,,,caught,S Badrinath
ball,2,18.4,Chennai Super Kings,JA Morkel,MS Gony,DL Vettori,0,1,,,,1,,"",""
ball,2,18.5,Chennai Super Kings,MS Gony,JA Morkel,DL Vettori,6,0,,,,,,"",""
ball,2,18.6,Chennai Super Kings,MS Gony,JA Morkel,DL Vettori,0,0,,,,,,run out,MS Gony
ball,2,19.1,Chennai Super Kings,Joginder Sharma,JA Morkel,DP Nannes,2,0,,,,,,"",""
ball,2,19.2,Chennai Super Kings,Joginder Sharma,JA Morkel,DP Nannes,2,0,,,,,,"",""
ball,2,19.3,Chennai Super Kings,Joginder Sharma,JA Morkel,DP Nannes,0,0,,,,,,run out,Joginder Sharma
ball,2,19.4,Chennai Super Kings,JA Morkel,L Balaji,DP Nannes,0,0,,,,,,run out,L Balaji
ball,2,19.5,Chennai Super Kings,JA Morkel,M Muralitharan,DP Nannes,1,0,,,,,,"",""
ball,2,19.6,Chennai Super Kings,M Muralitharan,JA Morkel,DP Nannes,0,0,,,,,,"",""
