version,1.6.0
info,balls_per_over,6
info,team,Deccan Chargers
info,team,Delhi Daredevils
info,gender,male
info,season,2009
info,date,2009/05/13
info,event,Indian Premier League
info,match_number,43
info,venue,Kingsmead
info,city,Durban
info,neutralvenue,true
info,toss_winner,Deccan Chargers
info,toss_decision,field
info,player_of_match,R Bhatia
info,umpire,DJ Harper
info,umpire,SL Shastri
info,reserve_umpire,MW Brown
info,tv_umpire,RB Tiffin
info,match_referee,D Govindjee
info,winner,Delhi Daredevils
info,winner_runs,12
info,player,Deccan Chargers,TL Suman
info,player,Deccan Chargers,AC Gilchrist
info,player,Deccan Chargers,RG Sharma
info,player,Deccan Chargers,DB Ravi Teja
info,player,Deccan Chargers,A Symonds
info,player,Deccan Chargers,DR Smith
info,player,Deccan Chargers,Y Venugopal Rao
info,player,Deccan Chargers,WPUJC Vaas
info,player,Deccan Chargers,RP Singh
info,player,Deccan Chargers,PP Ojha
info,player,Deccan Chargers,Shoaib Ahmed
info,player,Delhi Daredevils,G Gambhir
info,player,Delhi Daredevils,DA Warner
info,player,Delhi Daredevils,TM Dilshan
info,player,Delhi Daredevils,AB de Villiers
info,player,Delhi Daredevils,V Sehwag
info,player,Delhi Daredevils,KD Karthik
info,player,Delhi Daredevils,R Bhatia
info,player,Delhi Daredevils,A Mishra
info,player,Delhi Daredevils,PJ Sangwan
info,player,Delhi Daredevils,A Nehra
info,player,Delhi Daredevils,DP Nannes
info,registry,people,A Mishra,6b19d823
info,registry,people,A Nehra,96fd40ae
info,registry,people,A Symonds,bd77eb62
info,registry,people,AB de Villiers,c4487b84
info,registry,people,AC Gilchrist,2b6e6dec
info,registry,people,D Govindjee,8b4c4069
info,registry,people,DA Warner,dcce6f09
info,registry,people,DB Ravi Teja,b720a5d6
info,registry,people,DJ Harper,0ec08b27
info,registry,people,DP Nannes,c404f58a
info,registry,people,DR Smith,35205dfc
info,registry,people,G Gambhir,bb345e0b
info,registry,people,KD Karthik,c03f1114
info,registry,people,MW Brown,d83d7796
info,registry,people,PJ Sangwan,9fc0ef64
info,registry,people,PP Ojha,6c6591ab
info,registry,people,R Bhatia,33a364a6
info,registry,people,RB Tiffin,89087a0d
info,registry,people,RG Sharma,740742ef
info,registry,people,RP Singh,c3d1402f
info,registry,people,SL Shastri,53ef012d
info,registry,people,Shoaib Ahmed,8a668774
info,registry,people,TL Suman,aaa1b522
info,registry,people,TM Dilshan,5bdcdb72
info,registry,people,V Sehwag,8ba8195d
info,registry,people,WPUJC Vaas,bcce309e
info,registry,people,Y Venugopal Rao,fe763256
ball,1,0.1,Delhi Daredevils,G Gambhir,DA Warner,RP Singh,0,0,,,,,,"",""
ball,1,0.2,Delhi Daredevils,G Gambhir,DA Warner,RP Singh,1,0,,,,,,"",""
ball,1,0.3,Delhi Daredevils,DA Warner,G Gambhir,RP Singh,0,0,,,,,,"",""
ball,1,0.4,Delhi Daredevils,DA Warner,G Gambhir,RP Singh,0,1,1,,,,,"",""
ball,1,0.5,Delhi Daredevils,DA Warner,G Gambhir,RP Singh,1,0,,,,,,"",""
ball,1,0.6,Delhi Daredevils,G Gambhir,DA Warner,RP Singh,1,0,,,,,,"",""
ball,1,0.7,Delhi Daredevils,DA Warner,G Gambhir,RP Singh,1,0,,,,,,"",""
ball,1,1.1,Delhi Daredevils,DA Warner,G Gambhir,WPUJC Vaas,2,0,,,,,,"",""
ball,1,1.2,Delhi Daredevils,DA Warner,G Gambhir,WPUJC Vaas,0,0,,,,,,"",""
ball,1,1.3,Delhi Daredevils,DA Warner,G Gambhir,WPUJC Vaas,0,0,,,,,,caught,DA Warner
ball,1,1.4,Delhi Daredevils,G Gambhir,TM Dilshan,WPUJC Vaas,0,0,,,,,,"",""
ball,1,1.5,Delhi Daredevils,G Gambhir,TM Dilshan,WPUJC Vaas,1,1,,1,,,,"",""
ball,1,1.6,Delhi Daredevils,TM Dilshan,G Gambhir,WPUJC Vaas,4,0,,,,,,"",""
ball,1,1.7,Delhi Daredevils,TM Dilshan,G Gambhir,WPUJC Vaas,4,0,,,,,,"",""
ball,1,2.1,Delhi Daredevils,G Gambhir,TM Dilshan,RP Singh,0,0,,,,,,"",""
ball,1,2.2,Delhi Daredevils,G Gambhir,TM Dilshan,RP Singh,0,0,,,,,,"",""
ball,1,2.3,Delhi Daredevils,G Gambhir,TM Dilshan,RP Singh,1,0,,,,,,"",""
ball,1,2.4,Delhi Daredevils,TM Dilshan,G Gambhir,RP Singh,0,0,,,,,,"",""
ball,1,2.5,Delhi Daredevils,TM Dilshan,G Gambhir,RP Singh,0,0,,,,,,"",""
ball,1,2.6,Delhi Daredevils,TM Dilshan,G Gambhir,RP Singh,0,0,,,,,,"",""
ball,1,3.1,Delhi Daredevils,G Gambhir,TM Dilshan,WPUJC Vaas,6,0,,,,,,"",""
ball,1,3.2,Delhi Daredevils,G Gambhir,TM Dilshan,WPUJC Vaas,0,0,,,,,,"",""
ball,1,3.3,Delhi Daredevils,G Gambhir,TM Dilshan,WPUJC Vaas,1,0,,,,,,"",""
ball,1,3.4,Delhi Daredevils,TM Dilshan,G Gambhir,WPUJC Vaas,0,0,,,,,,"",""
ball,1,3.5,Delhi Daredevils,TM Dilshan,G Gambhir,WPUJC Vaas,1,0,,,,,,"",""
ball,1,3.6,Delhi Daredevils,G Gambhir,TM Dilshan,WPUJC Vaas,0,0,,,,,,"",""
ball,1,4.1,Delhi Daredevils,TM Dilshan,G Gambhir,A Symonds,0,0,,,,,,"",""
ball,1,4.2,Delhi Daredevils,TM Dilshan,G Gambhir,A Symonds,0,0,,,,,,"",""
ball,1,4.3,Delhi Daredevils,TM Dilshan,G Gambhir,A Symonds,4,0,,,,,,"",""
ball,1,4.4,Delhi Daredevils,TM Dilshan,G Gambhir,A Symonds,0,0,,,,,,"",""
ball,1,4.5,Delhi Daredevils,TM Dilshan,G Gambhir,A Symonds,0,2,2,,,,,"",""
ball,1,4.6,Delhi Daredevils,G Gambhir,TM Dilshan,A Symonds,0,0,,,,,,"",""
ball,1,4.7,Delhi Daredevils,G Gambhir,TM Dilshan,A Symonds,0,0,,,,,,"",""
ball,1,5.1,Delhi Daredevils,TM Dilshan,G Gambhir,Shoaib Ahmed,4,0,,,,,,"",""
ball,1,5.2,Delhi Daredevils,TM Dilshan,G Gambhir,Shoaib Ahmed,6,0,,,,,,"",""
ball,1,5.3,Delhi Daredevils,TM Dilshan,G Gambhir,Shoaib Ahmed,2,0,,,,,,"",""
ball,1,5.4,Delhi Daredevils,TM Dilshan,G Gambhir,Shoaib Ahmed,4,0,,,,,,"",""
ball,1,5.5,Delhi Daredevils,TM Dilshan,G Gambhir,Shoaib Ahmed,4,0,,,,,,"",""
ball,1,5.6,Delhi Daredevils,TM Dilshan,G Gambhir,Shoaib Ahmed,4,0,,,,,,"",""
ball,1,6.1,Delhi Daredevils,G Gambhir,TM Dilshan,A Symonds,1,0,,,,,,"",""
ball,1,6.2,Delhi Daredevils,TM Dilshan,G Gambhir,A Symonds,0,0,,,,,,caught,TM Dilshan
ball,1,6.3,Delhi Daredevils,AB de Villiers,G Gambhir,A Symonds,0,0,,,,,,"",""
ball,1,6.4,Delhi Daredevils,AB de Villiers,G Gambhir,A Symonds,1,0,,,,,,"",""
ball,1,6.5,Delhi Daredevils,G Gambhir,AB de Villiers,A Symonds,2,0,,,,,,"",""
ball,1,6.6,Delhi Daredevils,G Gambhir,AB de Villiers,A Symonds,0,0,,,,,,"",""
ball,1,7.1,Delhi Daredevils,AB de Villiers,G Gambhir,PP Ojha,4,0,,,,,,"",""
ball,1,7.2,Delhi Daredevils,AB de Villiers,G Gambhir,PP Ojha,1,0,,,,,,"",""
ball,1,7.3,Delhi Daredevils,G Gambhir,AB de Villiers,PP Ojha,1,0,,,,,,"",""
ball,1,7.4,Delhi Daredevils,AB de Villiers,G Gambhir,PP Ojha,0,0,,,,,,"",""
ball,1,7.5,Delhi Daredevils,AB de Villiers,G Gambhir,PP Ojha,1,0,,,,,,"",""
ball,1,7.6,Delhi Daredevils,G Gambhir,AB de Villiers,PP Ojha,1,0,,,,,,"",""
ball,1,8.1,Delhi Daredevils,G Gambhir,AB de Villiers,A Symonds,0,0,,,,,,"",""
ball,1,8.2,Delhi Daredevils,G Gambhir,AB de Villiers,A Symonds,1,0,,,,,,"",""
ball,1,8.3,Delhi Daredevils,AB de Villiers,G Gambhir,A Symonds,0,0,,,,,,"",""
ball,1,8.4,Delhi Daredevils,AB de Villiers,G Gambhir,A Symonds,6,0,,,,,,"",""
ball,1,8.5,Delhi Daredevils,AB de Villiers,G Gambhir,A Symonds,1,0,,,,,,"",""
ball,1,8.6,Delhi Daredevils,G Gambhir,AB de Villiers,A Symonds,1,0,,,,,,"",""
ball,1,9.1,Delhi Daredevils,G Gambhir,AB de Villiers,PP Ojha,0,1,1,,,,,"",""
ball,1,9.2,Delhi Daredevils,G Gambhir,AB de Villiers,PP Ojha,1,0,,,,,,"",""
ball,1,9.3,Delhi Daredevils,AB de Villiers,G Gambhir,PP Ojha,0,0,,,,,,"",""
ball,1,9.4,Delhi Daredevils,AB de Villiers,G Gambhir,PP Ojha,1,0,,,,,,"",""
ball,1,9.5,Delhi Daredevils,G Gambhir,AB de Villiers,PP Ojha,0,0,,,,,,"",""
ball,1,9.6,Delhi Daredevils,G Gambhir,AB de Villiers,PP Ojha,0,0,,,,,,caught,G Gambhir
ball,1,9.7,Delhi Daredevils,AB de Villiers,V Sehwag,PP Ojha,1,0,,,,,,"",""
ball,1,10.1,Delhi Daredevils,AB de Villiers,V Sehwag,DR Smith,1,0,,,,,,"",""
ball,1,10.2,Delhi Daredevils,V Sehwag,AB de Villiers,DR Smith,1,0,,,,,,"",""
ball,1,10.3,Delhi Daredevils,AB de Villiers,V Sehwag,DR Smith,0,0,,,,,,"",""
ball,1,10.4,Delhi Daredevils,AB de Villiers,V Sehwag,DR Smith,1,0,,,,,,"",""
ball,1,10.5,Delhi Daredevils,V Sehwag,AB de Villiers,DR Smith,1,0,,,,,,"",""
ball,1,10.6,Delhi Daredevils,AB de Villiers,V Sehwag,DR Smith,1,0,,,,,,"",""
ball,1,11.1,Delhi Daredevils,AB de Villiers,V Sehwag,PP Ojha,1,0,,,,,,"",""
ball,1,11.2,Delhi Daredevils,V Sehwag,AB de Villiers,PP Ojha,1,0,,,,,,"",""
ball,1,11.3,Delhi Daredevils,AB de Villiers,V Sehwag,PP Ojha,1,0,,,,,,"",""
ball,1,11.4,Delhi Daredevils,V Sehwag,AB de Villiers,PP Ojha,1,0,,,,,,"",""
ball,1,11.5,Delhi Daredevils,AB de Villiers,V Sehwag,PP Ojha,0,0,,,,,,"",""
ball,1,11.6,Delhi Daredevils,AB de Villiers,V Sehwag,PP Ojha,0,0,,,,,,"",""
ball,1,12.1,Delhi Daredevils,V Sehwag,AB de Villiers,DR Smith,1,0,,,,,,"",""
ball,1,12.2,Delhi Daredevils,AB de Villiers,V Sehwag,DR Smith,1,0,,,,,,"",""
ball,1,12.3,Delhi Daredevils,V Sehwag,AB de Villiers,DR Smith,0,0,,,,,,"",""
ball,1,12.4,Delhi Daredevils,V Sehwag,AB de Villiers,DR Smith,1,0,,,,,,"",""
ball,1,12.5,Delhi Daredevils,AB de Villiers,V Sehwag,DR Smith,0,0,,,,,,"",""
ball,1,12.6,Delhi Daredevils,AB de Villiers,V Sehwag,DR Smith,1,0,,,,,,"",""
ball,1,13.1,Delhi Daredevils,AB de Villiers,V Sehwag,WPUJC Vaas,1,0,,,,,,"",""
ball,1,13.2,Delhi Daredevils,AB de Villiers,V Sehwag,WPUJC Vaas,1,0,,,,,,"",""
ball,1,13.3,Delhi Daredevils,V Sehwag,AB de Villiers,WPUJC Vaas,4,0,,,,,,"",""
ball,1,13.4,Delhi Daredevils,V Sehwag,AB de Villiers,WPUJC Vaas,1,1,,1,,,,"",""
ball,1,13.5,Delhi Daredevils,AB de Villiers,V Sehwag,WPUJC Vaas,1,0,,,,,,"",""
ball,1,13.6,Delhi Daredevils,V Sehwag,AB de Villiers,WPUJC Vaas,0,0,,,,,,caught,V Sehwag
ball,1,13.7,Delhi Daredevils,AB de Villiers,KD Karthik,WPUJC Vaas,0,0,,,,,,"",""
ball,1,14.1,Delhi Daredevils,KD Karthik,AB de Villiers,DR Smith,0,0,,,,,,"",""
ball,1,14.2,Delhi Daredevils,KD Karthik,AB de Villiers,DR Smith,0,0,,,,,,"",""
ball,1,14.3,Delhi Daredevils,KD Karthik,AB de Villiers,DR Smith,1,0,,,,,,"",""
ball,1,14.4,Delhi Daredevils,AB de Villiers,KD Karthik,DR Smith,1,0,,,,,,"",""
ball,1,14.5,Delhi Daredevils,KD Karthik,AB de Villiers,DR Smith,4,0,,,,,,"",""
ball,1,14.6,Delhi Daredevils,KD Karthik,AB de Villiers,DR Smith,0,0,,,,,,"",""
ball,1,15.1,Delhi Daredevils,AB de Villiers,KD Karthik,RP Singh,1,0,,,,,,"",""
ball,1,15.2,Delhi Daredevils,KD Karthik,AB de Villiers,RP Singh,1,0,,,,,,"",""
ball,1,15.3,Delhi Daredevils,AB de Villiers,KD Karthik,RP Singh,2,0,,,,,,"",""
ball,1,15.4,Delhi Daredevils,AB de Villiers,KD Karthik,RP Singh,2,0,,,,,,"",""
ball,1,15.5,Delhi Daredevils,AB de Villiers,KD Karthik,RP Singh,0,0,,,,,,"",""
ball,1,15.6,Delhi Daredevils,AB de Villiers,KD Karthik,RP Singh,4,0,,,,,,"",""
ball,1,16.1,Delhi Daredevils,KD Karthik,AB de Villiers,DR Smith,2,0,,,,,,"",""
ball,1,16.2,Delhi Daredevils,KD Karthik,AB de Villiers,DR Smith,0,0,,,,,,"",""
ball,1,16.3,Delhi Daredevils,KD Karthik,AB de Villiers,DR Smith,0,1,,,,1,,"",""
ball,1,16.4,Delhi Daredevils,AB de Villiers,KD Karthik,DR Smith,4,0,,,,,,"",""
ball,1,16.5,Delhi Daredevils,AB de Villiers,KD Karthik,DR Smith,4,0,,,,,,"",""
ball,1,16.6,Delhi Daredevils,AB de Villiers,KD Karthik,DR Smith,0,0,,,,,,caught,AB de Villiers
ball,1,17.1,Delhi Daredevils,KD Karthik,R Bhatia,PP Ojha,1,0,,,,,,"",""
ball,1,17.2,Delhi Daredevils,R Bhatia,KD Karthik,PP Ojha,0,0,,,,,,caught,R Bhatia
ball,1,17.3,Delhi Daredevils,KD Karthik,A Mishra,PP Ojha,4,0,,,,,,"",""
ball,1,17.4,Delhi Daredevils,KD Karthik,A Mishra,PP Ojha,4,0,,,,,,"",""
ball,1,17.5,Delhi Daredevils,KD Karthik,A Mishra,PP Ojha,0,0,,,,,,"",""
ball,1,17.6,Delhi Daredevils,KD Karthik,A Mishra,PP Ojha,1,0,,,,,,"",""
ball,1,18.1,Delhi Daredevils,KD Karthik,A Mishra,RP Singh,1,0,,,,,,"",""
ball,1,18.2,Delhi Daredevils,A Mishra,KD Karthik,RP Singh,1,0,,,,,,"",""
ball,1,18.3,Delhi Daredevils,KD Karthik,A Mishra,RP Singh,1,0,,,,,,"",""
ball,1,18.4,Delhi Daredevils,A Mishra,KD Karthik,RP Singh,1,0,,,,,,"",""
ball,1,18.5,Delhi Daredevils,KD Karthik,A Mishra,RP Singh,0,0,,,,,,"",""
ball,1,18.6,Delhi Daredevils,KD Karthik,A Mishra,RP Singh,6,0,,,,,,"",""
ball,1,19.1,Delhi Daredevils,A Mishra,KD Karthik,WPUJC Vaas,0,0,,,,,,run out,A Mishra
ball,1,19.2,Delhi Daredevils,KD Karthik,PJ Sangwan,WPUJC Vaas,0,5,5,,,,,"",""
ball,1,19.3,Delhi Daredevils,KD Karthik,PJ Sangwan,WPUJC Vaas,2,0,,,,,,"",""
ball,1,19.4,Delhi Daredevils,KD Karthik,PJ Sangwan,WPUJC Vaas,6,0,,,,,,"",""
ball,1,19.5,Delhi Daredevils,KD Karthik,PJ Sangwan,WPUJC Vaas,4,0,,,,,,"",""
ball,1,19.6,Delhi Daredevils,KD Karthik,PJ Sangwan,WPUJC Vaas,0,0,,,,,,"",""
ball,1,19.7,Delhi Daredevils,KD Karthik,PJ Sangwan,WPUJC Vaas,6,0,,,,,,"",""
ball,2,0.1,Deccan Chargers,TL Suman,AC Gilchrist,A Nehra,1,0,,,,,,"",""
ball,2,0.2,Deccan Chargers,AC Gilchrist,TL Suman,A Nehra,4,0,,,,,,"",""
ball,2,0.3,Deccan Chargers,AC Gilchrist,TL Suman,A Nehra,4,0,,,,,,"",""
ball,2,0.4,Deccan Chargers,AC Gilchrist,TL Suman,A Nehra,1,0,,,,,,"",""
ball,2,0.5,Deccan Chargers,AC Gilchrist,TL Suman,A Nehra,4,0,,,,,,"",""
ball,2,0.6,Deccan Chargers,AC Gilchrist,TL Suman,A Nehra,4,0,,,,,,"",""
ball,2,1.1,Deccan Chargers,TL Suman,AC Gilchrist,DP Nannes,0,0,,,,,,"",""
ball,2,1.2,Deccan Chargers,TL Suman,AC Gilchrist,DP Nannes,1,0,,,,,,"",""
ball,2,1.3,Deccan Chargers,AC Gilchrist,TL Suman,DP Nannes,4,0,,,,,,"",""
ball,2,1.4,Deccan Chargers,AC Gilchrist,TL Suman,DP Nannes,0,0,,,,,,"",""
ball,2,1.5,Deccan Chargers,AC Gilchrist,TL Suman,DP Nannes,6,0,,,,,,"",""
ball,2,1.6,Deccan Chargers,AC Gilchrist,TL Suman,DP Nannes,0,1,1,,,,,"",""
ball,2,1.7,Deccan Chargers,AC Gilchrist,TL Suman,DP Nannes,0,0,,,,,,"",""
ball,2,2.1,Deccan Chargers,TL Suman,AC Gilchrist,PJ Sangwan,0,0,,,,,,"",""
ball,2,2.2,Deccan Chargers,TL Suman,AC Gilchrist,PJ Sangwan,0,0,,,,,,"",""
ball,2,2.3,Deccan Chargers,TL Suman,AC Gilchrist,PJ Sangwan,0,1,1,,,,,"",""
ball,2,2.4,Deccan Chargers,TL Suman,AC Gilchrist,PJ Sangwan,1,0,,,,,,"",""
ball,2,2.5,Deccan Chargers,AC Gilchrist,TL Suman,PJ Sangwan,1,0,,,,,,"",""
ball,2,2.6,Deccan Chargers,TL Suman,AC Gilchrist,PJ Sangwan,0,0,,,,,,caught,TL Suman
ball,2,2.7,Deccan Chargers,AC Gilchrist,RG Sharma,PJ Sangwan,0,0,,,,,,"",""
ball,2,3.1,Deccan Chargers,RG Sharma,AC Gilchrist,DP Nannes,0,0,,,,,,"",""
ball,2,3.2,Deccan Chargers,RG Sharma,AC Gilchrist,DP Nannes,1,0,,,,,,"",""
ball,2,3.3,Deccan Chargers,AC Gilchrist,RG Sharma,DP Nannes,1,0,,,,,,"",""
ball,2,3.4,Deccan Chargers,RG Sharma,AC Gilchrist,DP Nannes,0,0,,,,,,"",""
ball,2,3.5,Deccan Chargers,RG Sharma,AC Gilchrist,DP Nannes,4,0,,,,,,"",""
ball,2,3.6,Deccan Chargers,RG Sharma,AC Gilchrist,DP Nannes,1,0,,,,,,"",""
ball,2,4.1,Deccan Chargers,RG Sharma,AC Gilchrist,PJ Sangwan,0,0,,,,,,"",""
ball,2,4.2,Deccan Chargers,RG Sharma,AC Gilchrist,PJ Sangwan,0,0,,,,,,caught,RG Sharma
ball,2,4.3,Deccan Chargers,DB Ravi Teja,AC Gilchrist,PJ Sangwan,0,0,,,,,,"",""
ball,2,4.4,Deccan Chargers,DB Ravi Teja,AC Gilchrist,PJ Sangwan,0,0,,,,,,"",""
ball,2,4.5,Deccan Chargers,DB Ravi Teja,AC Gilchrist,PJ Sangwan,0,0,,,,,,"",""
ball,2,4.6,Deccan Chargers,DB Ravi Teja,AC Gilchrist,PJ Sangwan,0,0,,,,,,"",""
ball,2,5.1,Deccan Chargers,AC Gilchrist,DB Ravi Teja,A Nehra,6,0,,,,,,"",""
ball,2,5.2,Deccan Chargers,AC Gilchrist,DB Ravi Teja,A Nehra,0,1,1,,,,,"",""
ball,2,5.3,Deccan Chargers,AC Gilchrist,DB Ravi Teja,A Nehra,0,0,,,,,,"",""
ball,2,5.4,Deccan Chargers,AC Gilchrist,DB Ravi Teja,A Nehra,1,0,,,,,,"",""
ball,2,5.5,Deccan Chargers,DB Ravi Teja,AC Gilchrist,A Nehra,1,0,,,,,,"",""
ball,2,5.6,Deccan Chargers,AC Gilchrist,DB Ravi Teja,A Nehra,1,0,,,,,,"",""
ball,2,5.7,Deccan Chargers,DB Ravi Teja,AC Gilchrist,A Nehra,0,0,,,,,,"",""
ball,2,6.1,Deccan Chargers,AC Gilchrist,DB Ravi Teja,TM Dilshan,1,0,,,,,,"",""
ball,2,6.2,Deccan Chargers,DB Ravi Teja,AC Gilchrist,TM Dilshan,1,0,,,,,,"",""
ball,2,6.3,Deccan Chargers,AC Gilchrist,DB Ravi Teja,TM Dilshan,1,0,,,,,,"",""
ball,2,6.4,Deccan Chargers,DB Ravi Teja,AC Gilchrist,TM Dilshan,1,0,,,,,,"",""
ball,2,6.5,Deccan Chargers,AC Gilchrist,DB Ravi Teja,TM Dilshan,1,0,,,,,,"",""
ball,2,6.6,Deccan Chargers,DB Ravi Teja,AC Gilchrist,TM Dilshan,0,0,,,,,,"",""
ball,2,7.1,Deccan Chargers,AC Gilchrist,DB Ravi Teja,R Bhatia,1,0,,,,,,"",""
ball,2,7.2,Deccan Chargers,DB Ravi Teja,AC Gilchrist,R Bhatia,1,0,,,,,,"",""
ball,2,7.3,Deccan Chargers,AC Gilchrist,DB Ravi Teja,R Bhatia,1,0,,,,,,"",""
ball,2,7.4,Deccan Chargers,DB Ravi Teja,AC Gilchrist,R Bhatia,1,0,,,,,,"",""
ball,2,7.5,Deccan Chargers,AC Gilchrist,DB Ravi Teja,R Bhatia,6,0,,,,,,"",""
ball,2,7.6,Deccan Chargers,AC Gilchrist,DB Ravi Teja,R Bhatia,1,0,,,,,,"",""
ball,2,8.1,Deccan Chargers,AC Gilchrist,DB Ravi Teja,A Mishra,1,0,,,,,,"",""
ball,2,8.2,Deccan Chargers,DB Ravi Teja,AC Gilchrist,A Mishra,1,0,,,,,,"",""
ball,2,8.3,Deccan Chargers,AC Gilchrist,DB Ravi Teja,A Mishra,6,0,,,,,,"",""
ball,2,8.4,Deccan Chargers,AC Gilchrist,DB Ravi Teja,A Mishra,6,0,,,,,,"",""
ball,2,8.5,Deccan Chargers,AC Gilchrist,DB Ravi Teja,A Mishra,0,0,,,,,,"",""
ball,2,8.6,Deccan Chargers,AC Gilchrist,DB Ravi Teja,A Mishra,0,0,,,,,,"",""
ball,2,9.1,Deccan Chargers,DB Ravi Teja,AC Gilchrist,TM Dilshan,0,0,,,,,,"",""
ball,2,9.2,Deccan Chargers,DB Ravi Teja,AC Gilchrist,TM Dilshan,1,0,,,,,,"",""
ball,2,9.3,Deccan Chargers,AC Gilchrist,DB Ravi Teja,TM Dilshan,1,0,,,,,,"",""
ball,2,9.4,Deccan Chargers,DB Ravi Teja,AC Gilchrist,TM Dilshan,1,0,,,,,,"",""
ball,2,9.5,Deccan Chargers,AC Gilchrist,DB Ravi Teja,TM Dilshan,0,0,,,,,,"",""
ball,2,9.6,Deccan Chargers,AC Gilchrist,DB Ravi Teja,TM Dilshan,0,0,,,,,,"",""
ball,2,10.1,Deccan Chargers,DB Ravi Teja,AC Gilchrist,PJ Sangwan,0,1,,,,1,,"",""
ball,2,10.2,Deccan Chargers,AC Gilchrist,DB Ravi Teja,PJ Sangwan,1,0,,,,,,"",""
ball,2,10.3,Deccan Chargers,DB Ravi Teja,AC Gilchrist,PJ Sangwan,0,0,,,,,,"",""
ball,2,10.4,Deccan Chargers,DB Ravi Teja,AC Gilchrist,PJ Sangwan,1,0,,,,,,"",""
ball,2,10.5,Deccan Chargers,AC Gilchrist,DB Ravi Teja,PJ Sangwan,0,0,,,,,,bowled,AC Gilchrist
ball,2,10.6,Deccan Chargers,A Symonds,DB Ravi Teja,PJ Sangwan,1,0,,,,,,"",""
ball,2,11.1,Deccan Chargers,A Symonds,DB Ravi Teja,A Mishra,1,0,,,,,,"",""
ball,2,11.2,Deccan Chargers,DB Ravi Teja,A Symonds,A Mishra,1,0,,,,,,"",""
ball,2,11.3,Deccan Chargers,A Symonds,DB Ravi Teja,A Mishra,6,0,,,,,,"",""
ball,2,11.4,Deccan Chargers,A Symonds,DB Ravi Teja,A Mishra,2,0,,,,,,"",""
ball,2,11.5,Deccan Chargers,A Symonds,DB Ravi Teja,A Mishra,2,0,,,,,,"",""
ball,2,11.6,Deccan Chargers,A Symonds,DB Ravi Teja,A Mishra,0,0,,,,,,"",""
ball,2,12.1,Deccan Chargers,DB Ravi Teja,A Symonds,PJ Sangwan,1,0,,,,,,"",""
ball,2,12.2,Deccan Chargers,A Symonds,DB Ravi Teja,PJ Sangwan,4,0,,,,,,"",""
ball,2,12.3,Deccan Chargers,A Symonds,DB Ravi Teja,PJ Sangwan,0,0,,,,,,"",""
ball,2,12.4,Deccan Chargers,A Symonds,DB Ravi Teja,PJ Sangwan,0,1,1,,,,,"",""
ball,2,12.5,Deccan Chargers,A Symonds,DB Ravi Teja,PJ Sangwan,1,0,,,,,,"",""
ball,2,12.6,Deccan Chargers,DB Ravi Teja,A Symonds,PJ Sangwan,0,0,,,,,,"",""
ball,2,12.7,Deccan Chargers,DB Ravi Teja,A Symonds,PJ Sangwan,0,1,1,,,,,"",""
ball,2,12.8,Deccan Chargers,DB Ravi Teja,A Symonds,PJ Sangwan,4,0,,,,,,"",""
ball,2,13.1,Deccan Chargers,A Symonds,DB Ravi Teja,A Mishra,6,0,,,,,,"",""
ball,2,13.2,Deccan Chargers,A Symonds,DB Ravi Teja,A Mishra,2,0,,,,,,"",""
ball,2,13.3,Deccan Chargers,A Symonds,DB Ravi Teja,A Mishra,2,0,,,,,,"",""
ball,2,13.4,Deccan Chargers,A Symonds,DB Ravi Teja,A Mishra,0,0,,,,,,"",""
ball,2,13.5,Deccan Chargers,A Symonds,DB Ravi Teja,A Mishra,2,0,,,,,,"",""
ball,2,13.6,Deccan Chargers,A Symonds,DB Ravi Teja,A Mishra,1,0,,,,,,"",""
ball,2,14.1,Deccan Chargers,A Symonds,DB Ravi Teja,DP Nannes,4,0,,,,,,"",""
ball,2,14.2,Deccan Chargers,A Symonds,DB Ravi Teja,DP Nannes,4,0,,,,,,"",""
ball,2,14.3,Deccan Chargers,A Symonds,DB Ravi Teja,DP Nannes,0,1,,,,1,,"",""
ball,2,14.4,Deccan Chargers,DB Ravi Teja,A Symonds,DP Nannes,0,0,,,,,,"",""
ball,2,14.5,Deccan Chargers,DB Ravi Teja,A Symonds,DP Nannes,0,0,,,,,,"",""
ball,2,14.6,Deccan Chargers,DB Ravi Teja,A Symonds,DP Nannes,0,1,,,,1,,"",""
ball,2,15.1,Deccan Chargers,DB Ravi Teja,A Symonds,A Nehra,0,0,,,,,,"",""
ball,2,15.2,Deccan Chargers,DB Ravi Teja,A Symonds,A Nehra,4,0,,,,,,"",""
ball,2,15.3,Deccan Chargers,DB Ravi Teja,A Symonds,A Nehra,4,0,,,,,,"",""
ball,2,15.4,Deccan Chargers,DB Ravi Teja,A Symonds,A Nehra,0,0,,,,,,"",""
ball,2,15.5,Deccan Chargers,DB Ravi Teja,A Symonds,A Nehra,2,0,,,,,,"",""
ball,2,15.6,Deccan Chargers,DB Ravi Teja,A Symonds,A Nehra,1,0,,,,,,"",""
ball,2,16.1,Deccan Chargers,DB Ravi Teja,A Symonds,DP Nannes,1,0,,,,,,"",""
ball,2,16.2,Deccan Chargers,A Symonds,DB Ravi Teja,DP Nannes,2,0,,,,,,"",""
ball,2,16.3,Deccan Chargers,A Symonds,DB Ravi Teja,DP Nannes,0,0,,,,,,"",""
ball,2,16.4,Deccan Chargers,A Symonds,DB Ravi Teja,DP Nannes,1,0,,,,,,"",""
ball,2,16.5,Deccan Chargers,DB Ravi Teja,A Symonds,DP Nannes,0,0,,,,,,"",""
ball,2,16.6,Deccan Chargers,DB Ravi Teja,A Symonds,DP Nannes,0,0,,,,,,caught,DB Ravi Teja
ball,2,17.1,Deccan Chargers,DR Smith,A Symonds,R Bhatia,1,0,,,,,,"",""
ball,2,17.2,Deccan Chargers,A Symonds,DR Smith,R Bhatia,0,0,,,,,,bowled,A Symonds
ball,2,17.3,Deccan Chargers,Y Venugopal Rao,DR Smith,R Bhatia,1,0,,,,,,"",""
ball,2,17.4,Deccan Chargers,DR Smith,Y Venugopal Rao,R Bhatia,0,0,,,,,,bowled,DR Smith
ball,2,17.5,Deccan Chargers,WPUJC Vaas,Y Venugopal Rao,R Bhatia,1,0,,,,,,"",""
ball,2,17.6,Deccan Chargers,Y Venugopal Rao,WPUJC Vaas,R Bhatia,0,0,,,,,,"",""
ball,2,18.1,Deccan Chargers,WPUJC Vaas,Y Venugopal Rao,A Nehra,2,0,,,,,,"",""
ball,2,18.2,Deccan Chargers,WPUJC Vaas,Y Venugopal Rao,A Nehra,1,0,,,,,,"",""
ball,2,18.3,Deccan Chargers,Y Venugopal Rao,WPUJC Vaas,A Nehra,0,0,,,,,,caught,Y Venugopal Rao
ball,2,18.4,Deccan Chargers,RP Singh,WPUJC Vaas,A Nehra,0,0,,,,,,run out,RP Singh
ball,2,18.5,Deccan Chargers,WPUJC Vaas,PP Ojha,A Nehra,4,0,,,,,,"",""
ball,2,18.6,Deccan Chargers,WPUJC Vaas,PP Ojha,A Nehra,1,0,,,,,,"",""
ball,2,19.1,Deccan Chargers,WPUJC Vaas,PP Ojha,R Bhatia,1,0,,,,,,"",""
ball,2,19.2,Deccan Chargers,PP Ojha,WPUJC Vaas,R Bhatia,0,0,,,,,,"",""
ball,2,19.3,Deccan Chargers,PP Ojha,WPUJC Vaas,R Bhatia,0,0,,,,,,bowled,PP Ojha
ball,2,19.4,Deccan Chargers,Shoaib Ahmed,WPUJC Vaas,R Bhatia,0,0,,,,,,caught,Shoaib Ahmed
