version,1.6.0
info,balls_per_over,6
info,team,Chennai Super Kings
info,team,Mumbai Indians
info,gender,male
info,season,2009
info,date,2009/05/16
info,event,Indian Premier League
info,match_number,47
info,venue,St George's Park
info,city,Port Elizabeth
info,neutralvenue,true
info,toss_winner,Mumbai Indians
info,toss_decision,bat
info,player_of_match,ML Hayden
info,umpire,SK Tarapore
info,umpire,SJA Taufel
info,reserve_umpire,S George
info,tv_umpire,BG Jerling
info,match_referee,Yashpal Sharma
info,winner,Chennai Super Kings
info,winner_wickets,7
info,player,Chennai Super Kings,PA Patel
info,player,Chennai Super Kings,ML Hayden
info,player,Chennai Super Kings,SK Raina
info,player,Chennai Super Kings,S Badrinath
info,player,Chennai Super Kings,MS Dhoni
info,player,Chennai Super Kings,JDP Oram
info,player,Chennai Super Kings,JA Morkel
info,player,Chennai Super Kings,SB Jakati
info,player,Chennai Super Kings,L Balaji
info,player,Chennai Super Kings,M Muralitharan
info,player,Chennai Super Kings,S Tyagi
info,player,Mumbai Indians,ST Jayasuriya
info,player,Mumbai Indians,DJ Bravo
info,player,Mumbai Indians,JP Duminy
info,player,Mumbai Indians,SR Tendulkar
info,player,Mumbai Indians,AM Nayar
info,player,Mumbai Indians,Harbhajan Singh
info,player,Mumbai Indians,YV Takawale
info,player,Mumbai Indians,AM Rahane
info,player,Mumbai Indians,DS Kulkarni
info,player,Mumbai Indians,SL Malinga
info,player,Mumbai Indians,C Nanda
info,registry,people,AM Nayar,a45a5e8d
info,registry,people,AM Rahane,29e95537
info,registry,people,BG Jerling,26457e41
info,registry,people,C Nanda,f24ca2ba
info,registry,people,DJ Bravo,87e562a9
info,registry,people,DS Kulkarni,d2a989fc
info,registry,people,Harbhajan Singh,8b5b6769
info,registry,people,JA Morkel,c3d35165
info,registry,people,JDP Oram,3eac9d95
info,registry,people,JP Duminy,2e8994e7
info,registry,people,L Balaji,b2b50355
info,registry,people,M Muralitharan,4ba44e19
info,registry,people,ML Hayden,d8699ab7
info,registry,people,MS Dhoni,4a8a2e3b
info,registry,people,PA Patel,b5da6c24
info,registry,people,S Badrinath,3576e47e
info,registry,people,S George,6d9e5a54
info,registry,people,S Tyagi,c24a2c5d
info,registry,people,SB Jakati,c8179c68
info,registry,people,SJA Taufel,4b43d5ac
info,registry,people,SK Raina,1dc12ab9
info,registry,people,SK Tarapore,62a824b4
info,registry,people,SL Malinga,a12e1d51
info,registry,people,SR Tendulkar,d2c2b2d5
info,registry,people,ST Jayasuriya,f233bbb4
info,registry,people,YV Takawale,4e04666c
info,registry,people,Yashpal Sharma,e22d7ccb
ball,1,0.1,Mumbai Indians,ST Jayasuriya,DJ Bravo,JA Morkel,1,0,,,,,,"",""
ball,1,0.2,Mumbai Indians,DJ Bravo,ST Jayasuriya,JA Morkel,0,0,,,,,,"",""
ball,1,0.3,Mumbai Indians,DJ Bravo,ST Jayasuriya,JA Morkel,0,0,,,,,,"",""
ball,1,0.4,Mumbai Indians,DJ Bravo,ST Jayasuriya,JA Morkel,0,0,,,,,,"",""
ball,1,0.5,Mumbai Indians,DJ Bravo,ST Jayasuriya,JA Morkel,0,0,,,,,,"",""
ball,1,0.6,Mumbai Indians,DJ Bravo,ST Jayasuriya,JA Morkel,0,0,,,,,,"",""
ball,1,1.1,Mumbai Indians,ST Jayasuriya,DJ Bravo,S Tyagi,0,0,,,,,,"",""
ball,1,1.2,Mumbai Indians,ST Jayasuriya,DJ Bravo,S Tyagi,1,0,,,,,,"",""
ball,1,1.3,Mumbai Indians,DJ Bravo,ST Jayasuriya,S Tyagi,4,0,,,,,,"",""
ball,1,1.4,Mumbai Indians,DJ Bravo,ST Jayasuriya,S Tyagi,1,0,,,,,,"",""
ball,1,1.5,Mumbai Indians,ST Jayasuriya,DJ Bravo,S Tyagi,0,0,,,,,,"",""
ball,1,1.6,Mumbai Indians,ST Jayasuriya,DJ Bravo,S Tyagi,0,0,,,,,,"",""
ball,1,2.1,Mumbai Indians,DJ Bravo,ST Jayasuriya,JA Morkel,0,0,,,,,,bowled,DJ Bravo
ball,1,2.2,Mumbai Indians,JP Duminy,ST Jayasuriya,JA Morkel,0,0,,,,,,"",""
ball,1,2.3,Mumbai Indians,JP Duminy,ST Jayasuriya,JA Morkel,0,0,,,,,,"",""
ball,1,2.4,Mumbai Indians,JP Duminy,ST Jayasuriya,JA Morkel,1,0,,,,,,"",""
ball,1,2.5,Mumbai Indians,ST Jayasuriya,JP Duminy,JA Morkel,0,0,,,,,,"",""
ball,1,2.6,Mumbai Indians,ST Jayasuriya,JP Duminy,JA Morkel,0,0,,,,,,"",""
ball,1,3.1,Mumbai Indians,JP Duminy,ST Jayasuriya,S Tyagi,4,0,,,,,,"",""
ball,1,3.2,Mumbai Indians,JP Duminy,ST Jayasuriya,S Tyagi,0,0,,,,,,"",""
ball,1,3.3,Mumbai Indians,JP Duminy,ST Jayasuriya,S Tyagi,0,0,,,,,,"",""
ball,1,3.4,Mumbai Indians,JP Duminy,ST Jayasuriya,S Tyagi,0,0,,,,,,"",""
ball,1,3.5,Mumbai Indians,JP Duminy,ST Jayasuriya,S Tyagi,0,0,,,,,,"",""
ball,1,3.6,Mumbai Indians,JP Duminy,ST Jayasuriya,S Tyagi,4,0,,,,,,"",""
ball,1,4.1,Mumbai Indians,ST Jayasuriya,JP Duminy,JA Morkel,4,0,,,,,,"",""
ball,1,4.2,Mumbai Indians,ST Jayasuriya,JP Duminy,JA Morkel,1,0,,,,,,"",""
ball,1,4.3,Mumbai Indians,JP Duminy,ST Jayasuriya,JA Morkel,1,0,,,,,,"",""
ball,1,4.4,Mumbai Indians,ST Jayasuriya,JP Duminy,JA Morkel,1,1,,1,,,,"",""
ball,1,4.5,Mumbai Indians,JP Duminy,ST Jayasuriya,JA Morkel,1,0,,,,,,"",""
ball,1,4.6,Mumbai Indians,ST Jayasuriya,JP Duminy,JA Morkel,2,0,,,,,,"",""
ball,1,4.7,Mumbai Indians,ST Jayasuriya,JP Duminy,JA Morkel,0,1,1,,,,,"",""
ball,1,4.8,Mumbai Indians,ST Jayasuriya,JP Duminy,JA Morkel,6,0,,,,,,"",""
ball,1,5.1,Mumbai Indians,JP Duminy,ST Jayasuriya,S Tyagi,1,0,,,,,,"",""
ball,1,5.2,Mumbai Indians,ST Jayasuriya,JP Duminy,S Tyagi,4,0,,,,,,"",""
ball,1,5.3,Mumbai Indians,ST Jayasuriya,JP Duminy,S Tyagi,0,0,,,,,,"",""
ball,1,5.4,Mumbai Indians,ST Jayasuriya,JP Duminy,S Tyagi,4,0,,,,,,"",""
ball,1,5.5,Mumbai Indians,ST Jayasuriya,JP Duminy,S Tyagi,6,0,,,,,,"",""
ball,1,5.6,Mumbai Indians,ST Jayasuriya,JP Duminy,S Tyagi,0,0,,,,,,caught,ST Jayasuriya
ball,1,6.1,Mumbai Indians,JP Duminy,SR Tendulkar,M Muralitharan,0,0,,,,,,"",""
ball,1,6.2,Mumbai Indians,JP Duminy,SR Tendulkar,M Muralitharan,0,0,,,,,,"",""
ball,1,6.3,Mumbai Indians,JP Duminy,SR Tendulkar,M Muralitharan,1,0,,,,,,"",""
ball,1,6.4,Mumbai Indians,SR Tendulkar,JP Duminy,M Muralitharan,1,0,,,,,,"",""
ball,1,6.5,Mumbai Indians,JP Duminy,SR Tendulkar,M Muralitharan,0,0,,,,,,"",""
ball,1,6.6,Mumbai Indians,JP Duminy,SR Tendulkar,M Muralitharan,0,0,,,,,,"",""
ball,1,7.1,Mumbai Indians,SR Tendulkar,JP Duminy,SK Raina,1,0,,,,,,"",""
ball,1,7.2,Mumbai Indians,JP Duminy,SR Tendulkar,SK Raina,1,0,,,,,,"",""
ball,1,7.3,Mumbai Indians,SR Tendulkar,JP Duminy,SK Raina,1,0,,,,,,"",""
ball,1,7.4,Mumbai Indians,JP Duminy,SR Tendulkar,SK Raina,0,0,,,,,,"",""
ball,1,7.5,Mumbai Indians,JP Duminy,SR Tendulkar,SK Raina,0,1,,,,1,,"",""
ball,1,7.6,Mumbai Indians,SR Tendulkar,JP Duminy,SK Raina,0,0,,,,,,"",""
ball,1,8.1,Mumbai Indians,JP Duminy,SR Tendulkar,M Muralitharan,1,0,,,,,,"",""
ball,1,8.2,Mumbai Indians,SR Tendulkar,JP Duminy,M Muralitharan,1,0,,,,,,"",""
ball,1,8.3,Mumbai Indians,JP Duminy,SR Tendulkar,M Muralitharan,1,0,,,,,,"",""
ball,1,8.4,Mumbai Indians,SR Tendulkar,JP Duminy,M Muralitharan,1,0,,,,,,"",""
ball,1,8.5,Mumbai Indians,JP Duminy,SR Tendulkar,M Muralitharan,6,0,,,,,,"",""
ball,1,8.6,Mumbai Indians,JP Duminy,SR Tendulkar,M Muralitharan,0,0,,,,,,"",""
ball,1,9.1,Mumbai Indians,SR Tendulkar,JP Duminy,SB Jakati,0,0,,,,,,"",""
ball,1,9.2,Mumbai Indians,SR Tendulkar,JP Duminy,SB Jakati,1,0,,,,,,"",""
ball,1,9.3,Mumbai Indians,JP Duminy,SR Tendulkar,SB Jakati,1,0,,,,,,"",""
ball,1,9.4,Mumbai Indians,SR Tendulkar,JP Duminy,SB Jakati,1,0,,,,,,"",""
ball,1,9.5,Mumbai Indians,JP Duminy,SR Tendulkar,SB Jakati,1,0,,,,,,"",""
ball,1,9.6,Mumbai Indians,SR Tendulkar,JP Duminy,SB Jakati,1,0,,,,,,"",""
ball,1,10.1,Mumbai Indians,SR Tendulkar,JP Duminy,SK Raina,0,0,,,,,,"",""
ball,1,10.2,Mumbai Indians,SR Tendulkar,JP Duminy,SK Raina,2,0,,,,,,"",""
ball,1,10.3,Mumbai Indians,SR Tendulkar,JP Duminy,SK Raina,1,0,,,,,,"",""
ball,1,10.4,Mumbai Indians,JP Duminy,SR Tendulkar,SK Raina,1,0,,,,,,"",""
ball,1,10.5,Mumbai Indians,SR Tendulkar,JP Duminy,SK Raina,0,0,,,,,,caught,SR Tendulkar
ball,1,10.6,Mumbai Indians,AM Nayar,JP Duminy,SK Raina,1,0,,,,,,"",""
ball,1,11.1,Mumbai Indians,AM Nayar,JP Duminy,M Muralitharan,0,0,,,,,,"",""
ball,1,11.2,Mumbai Indians,AM Nayar,JP Duminy,M Muralitharan,0,0,,,,,,"",""
ball,1,11.3,Mumbai Indians,AM Nayar,JP Duminy,M Muralitharan,2,0,,,,,,"",""
ball,1,11.4,Mumbai Indians,AM Nayar,JP Duminy,M Muralitharan,1,0,,,,,,"",""
ball,1,11.5,Mumbai Indians,JP Duminy,AM Nayar,M Muralitharan,1,0,,,,,,"",""
ball,1,11.6,Mumbai Indians,AM Nayar,JP Duminy,M Muralitharan,0,0,,,,,,"",""
ball,1,12.1,Mumbai Indians,JP Duminy,AM Nayar,SK Raina,1,0,,,,,,"",""
ball,1,12.2,Mumbai Indians,AM Nayar,JP Duminy,SK Raina,0,0,,,,,,"",""
ball,1,12.3,Mumbai Indians,AM Nayar,JP Duminy,SK Raina,1,0,,,,,,"",""
ball,1,12.4,Mumbai Indians,JP Duminy,AM Nayar,SK Raina,1,0,,,,,,"",""
ball,1,12.5,Mumbai Indians,AM Nayar,JP Duminy,SK Raina,1,0,,,,,,"",""
ball,1,12.6,Mumbai Indians,JP Duminy,AM Nayar,SK Raina,1,0,,,,,,"",""
ball,1,13.1,Mumbai Indians,JP Duminy,AM Nayar,M Muralitharan,0,0,,,,,,"",""
ball,1,13.2,Mumbai Indians,JP Duminy,AM Nayar,M Muralitharan,0,0,,,,,,"",""
ball,1,13.3,Mumbai Indians,JP Duminy,AM Nayar,M Muralitharan,1,0,,,,,,"",""
ball,1,13.4,Mumbai Indians,AM Nayar,JP Duminy,M Muralitharan,0,0,,,,,,"",""
ball,1,13.5,Mumbai Indians,AM Nayar,JP Duminy,M Muralitharan,2,0,,,,,,"",""
ball,1,13.6,Mumbai Indians,AM Nayar,JP Duminy,M Muralitharan,0,0,,,,,,"",""
ball,1,14.1,Mumbai Indians,JP Duminy,AM Nayar,SK Raina,1,0,,,,,,"",""
ball,1,14.2,Mumbai Indians,AM Nayar,JP Duminy,SK Raina,6,0,,,,,,"",""
ball,1,14.3,Mumbai Indians,AM Nayar,JP Duminy,SK Raina,1,0,,,,,,"",""
ball,1,14.4,Mumbai Indians,JP Duminy,AM Nayar,SK Raina,1,0,,,,,,"",""
ball,1,14.5,Mumbai Indians,AM Nayar,JP Duminy,SK Raina,0,0,,,,,,"",""
ball,1,14.6,Mumbai Indians,AM Nayar,JP Duminy,SK Raina,0,0,,,,,,"",""
ball,1,15.1,Mumbai Indians,JP Duminy,AM Nayar,SB Jakati,0,0,,,,,,"",""
ball,1,15.2,Mumbai Indians,JP Duminy,AM Nayar,SB Jakati,2,0,,,,,,"",""
ball,1,15.3,Mumbai Indians,JP Duminy,AM Nayar,SB Jakati,0,0,,,,,,"",""
ball,1,15.4,Mumbai Indians,JP Duminy,AM Nayar,SB Jakati,1,0,,,,,,"",""
ball,1,15.5,Mumbai Indians,AM Nayar,JP Duminy,SB Jakati,2,0,,,,,,"",""
ball,1,15.6,Mumbai Indians,AM Nayar,JP Duminy,SB Jakati,4,0,,,,,,"",""
ball,1,16.1,Mumbai Indians,JP Duminy,AM Nayar,L Balaji,4,0,,,,,,"",""
ball,1,16.2,Mumbai Indians,JP Duminy,AM Nayar,L Balaji,1,0,,,,,,"",""
ball,1,16.3,Mumbai Indians,AM Nayar,JP Duminy,L Balaji,1,0,,,,,,"",""
ball,1,16.4,Mumbai Indians,JP Duminy,AM Nayar,L Balaji,4,0,,,,,,"",""
ball,1,16.5,Mumbai Indians,JP Duminy,AM Nayar,L Balaji,1,0,,,,,,"",""
ball,1,16.6,Mumbai Indians,AM Nayar,JP Duminy,L Balaji,1,0,,,,,,"",""
ball,1,17.1,Mumbai Indians,AM Nayar,JP Duminy,SB Jakati,1,0,,,,,,"",""
ball,1,17.2,Mumbai Indians,JP Duminy,AM Nayar,SB Jakati,2,0,,,,,,"",""
ball,1,17.3,Mumbai Indians,JP Duminy,AM Nayar,SB Jakati,6,0,,,,,,"",""
ball,1,17.4,Mumbai Indians,JP Duminy,AM Nayar,SB Jakati,0,2,,,,2,,"",""
ball,1,17.5,Mumbai Indians,JP Duminy,AM Nayar,SB Jakati,2,0,,,,,,"",""
ball,1,17.6,Mumbai Indians,JP Duminy,AM Nayar,SB Jakati,1,0,,,,,,"",""
ball,1,18.1,Mumbai Indians,JP Duminy,AM Nayar,L Balaji,1,0,,,,,,"",""
ball,1,18.2,Mumbai Indians,AM Nayar,JP Duminy,L Balaji,0,0,,,,,,"",""
ball,1,18.3,Mumbai Indians,AM Nayar,JP Duminy,L Balaji,1,0,,,,,,"",""
ball,1,18.4,Mumbai Indians,JP Duminy,AM Nayar,L Balaji,1,0,,,,,,"",""
ball,1,18.5,Mumbai Indians,AM Nayar,JP Duminy,L Balaji,1,0,,,,,,"",""
ball,1,18.6,Mumbai Indians,JP Duminy,AM Nayar,L Balaji,1,0,,,,,,"",""
ball,1,19.1,Mumbai Indians,JP Duminy,AM Nayar,JA Morkel,2,0,,,,,,"",""
ball,1,19.2,Mumbai Indians,JP Duminy,AM Nayar,JA Morkel,1,0,,,,,,"",""
ball,1,19.3,Mumbai Indians,AM Nayar,JP Duminy,JA Morkel,0,0,,,,,,run out,JP Duminy
ball,1,19.4,Mumbai Indians,AM Nayar,Harbhajan Singh,JA Morkel,6,0,,,,,,"",""
ball,1,19.5,Mumbai Indians,AM Nayar,Harbhajan Singh,JA Morkel,1,0,,,,,,"",""
ball,1,19.6,Mumbai Indians,Harbhajan Singh,AM Nayar,JA Morkel,1,0,,,,,,run out,Harbhajan Singh
ball,2,0.1,Chennai Super Kings,PA Patel,ML Hayden,SL Malinga,0,0,,,,,,lbw,PA Patel
ball,2,0.2,Chennai Super Kings,SK Raina,ML Hayden,SL Malinga,0,0,,,,,,"",""
ball,2,0.3,Chennai Super Kings,SK Raina,ML Hayden,SL Malinga,0,0,,,,,,"",""
ball,2,0.4,Chennai Super Kings,SK Raina,ML Hayden,SL Malinga,4,0,,,,,,"",""
ball,2,0.5,Chennai Super Kings,SK Raina,ML Hayden,SL Malinga,0,0,,,,,,"",""
ball,2,0.6,Chennai Super Kings,SK Raina,ML Hayden,SL Malinga,0,0,,,,,,"",""
ball,2,1.1,Chennai Super Kings,ML Hayden,SK Raina,DS Kulkarni,0,0,,,,,,"",""
ball,2,1.2,Chennai Super Kings,ML Hayden,SK Raina,DS Kulkarni,2,0,,,,,,"",""
ball,2,1.3,Chennai Super Kings,ML Hayden,SK Raina,DS Kulkarni,0,0,,,,,,"",""
ball,2,1.4,Chennai Super Kings,ML Hayden,SK Raina,DS Kulkarni,1,0,,,,,,"",""
ball,2,1.5,Chennai Super Kings,SK Raina,ML Hayden,DS Kulkarni,4,0,,,,,,"",""
ball,2,1.6,Chennai Super Kings,SK Raina,ML Hayden,DS Kulkarni,6,0,,,,,,"",""
ball,2,2.1,Chennai Super Kings,ML Hayden,SK Raina,SL Malinga,0,0,,,,,,"",""
ball,2,2.2,Chennai Super Kings,ML Hayden,SK Raina,SL Malinga,0,0,,,,,,"",""
ball,2,2.3,Chennai Super Kings,ML Hayden,SK Raina,SL Malinga,0,0,,,,,,"",""
ball,2,2.4,Chennai Super Kings,ML Hayden,SK Raina,SL Malinga,0,0,,,,,,"",""
ball,2,2.5,Chennai Super Kings,ML Hayden,SK Raina,SL Malinga,0,1,1,,,,,"",""
ball,2,2.6,Chennai Super Kings,ML Hayden,SK Raina,SL Malinga,0,0,,,,,,"",""
ball,2,2.7,Chennai Super Kings,ML Hayden,SK Raina,SL Malinga,0,0,,,,,,"",""
ball,2,3.1,Chennai Super Kings,SK Raina,ML Hayden,DJ Bravo,0,0,,,,,,"",""
ball,2,3.2,Chennai Super Kings,SK Raina,ML Hayden,DJ Bravo,6,0,,,,,,"",""
ball,2,3.3,Chennai Super Kings,SK Raina,ML Hayden,DJ Bravo,0,0,,,,,,"",""
ball,2,3.4,Chennai Super Kings,SK Raina,ML Hayden,DJ Bravo,0,0,,,,,,"",""
ball,2,3.5,Chennai Super Kings,SK Raina,ML Hayden,DJ Bravo,0,0,,,,,,caught and bowled,SK Raina
ball,2,3.6,Chennai Super Kings,ML Hayden,S Badrinath,DJ Bravo,0,0,,,,,,"",""
ball,2,4.1,Chennai Super Kings,S Badrinath,ML Hayden,DS Kulkarni,4,0,,,,,,"",""
ball,2,4.2,Chennai Super Kings,S Badrinath,ML Hayden,DS Kulkarni,1,0,,,,,,"",""
ball,2,4.3,Chennai Super Kings,ML Hayden,S Badrinath,DS Kulkarni,1,0,,,,,,"",""
ball,2,4.4,Chennai Super Kings,S Badrinath,ML Hayden,DS Kulkarni,0,0,,,,,,"",""
ball,2,4.5,Chennai Super Kings,S Badrinath,ML Hayden,DS Kulkarni,0,0,,,,,,"",""
ball,2,4.6,Chennai Super Kings,S Badrinath,ML Hayden,DS Kulkarni,4,0,,,,,,"",""
ball,2,5.1,Chennai Super Kings,ML Hayden,S Badrinath,DJ Bravo,0,0,,,,,,"",""
ball,2,5.2,Chennai Super Kings,ML Hayden,S Badrinath,DJ Bravo,0,0,,,,,,"",""
ball,2,5.3,Chennai Super Kings,ML Hayden,S Badrinath,DJ Bravo,0,0,,,,,,"",""
ball,2,5.4,Chennai Super Kings,ML Hayden,S Badrinath,DJ Bravo,1,0,,,,,,"",""
ball,2,5.5,Chennai Super Kings,S Badrinath,ML Hayden,DJ Bravo,0,0,,,,,,"",""
ball,2,5.6,Chennai Super Kings,S Badrinath,ML Hayden,DJ Bravo,0,0,,,,,,"",""
ball,2,6.1,Chennai Super Kings,ML Hayden,S Badrinath,Harbhajan Singh,1,0,,,,,,"",""
ball,2,6.2,Chennai Super Kings,S Badrinath,ML Hayden,Harbhajan Singh,1,0,,,,,,"",""
ball,2,6.3,Chennai Super Kings,ML Hayden,S Badrinath,Harbhajan Singh,0,0,,,,,,"",""
ball,2,6.4,Chennai Super Kings,ML Hayden,S Badrinath,Harbhajan Singh,0,0,,,,,,"",""
ball,2,6.5,Chennai Super Kings,ML Hayden,S Badrinath,Harbhajan Singh,1,0,,,,,,"",""
ball,2,6.6,Chennai Super Kings,S Badrinath,ML Hayden,Harbhajan Singh,1,0,,,,,,"",""
ball,2,7.1,Chennai Super Kings,S Badrinath,ML Hayden,JP Duminy,1,0,,,,,,"",""
ball,2,7.2,Chennai Super Kings,ML Hayden,S Badrinath,JP Duminy,1,0,,,,,,"",""
ball,2,7.3,Chennai Super Kings,S Badrinath,ML Hayden,JP Duminy,1,0,,,,,,"",""
ball,2,7.4,Chennai Super Kings,ML Hayden,S Badrinath,JP Duminy,0,0,,,,,,"",""
ball,2,7.5,Chennai Super Kings,ML Hayden,S Badrinath,JP Duminy,1,0,,,,,,"",""
ball,2,7.6,Chennai Super Kings,S Badrinath,ML Hayden,JP Duminy,0,0,,,,,,"",""
ball,2,8.1,Chennai Super Kings,ML Hayden,S Badrinath,Harbhajan Singh,1,0,,,,,,"",""
ball,2,8.2,Chennai Super Kings,S Badrinath,ML Hayden,Harbhajan Singh,0,0,,,,,,"",""
ball,2,8.3,Chennai Super Kings,S Badrinath,ML Hayden,Harbhajan Singh,1,0,,,,,,"",""
ball,2,8.4,Chennai Super Kings,ML Hayden,S Badrinath,Harbhajan Singh,1,0,,,,,,"",""
ball,2,8.5,Chennai Super Kings,S Badrinath,ML Hayden,Harbhajan Singh,0,4,,,,4,,"",""
ball,2,8.6,Chennai Super Kings,S Badrinath,ML Hayden,Harbhajan Singh,0,0,,,,,,"",""
ball,2,9.1,Chennai Super Kings,ML Hayden,S Badrinath,JP Duminy,2,0,,,,,,"",""
ball,2,9.2,Chennai Super Kings,ML Hayden,S Badrinath,JP Duminy,1,0,,,,,,"",""
ball,2,9.3,Chennai Super Kings,S Badrinath,ML Hayden,JP Duminy,0,0,,,,,,"",""
ball,2,9.4,Chennai Super Kings,S Badrinath,ML Hayden,JP Duminy,0,1,,,,1,,"",""
ball,2,9.5,Chennai Super Kings,ML Hayden,S Badrinath,JP Duminy,1,0,,,,,,"",""
ball,2,9.6,Chennai Super Kings,S Badrinath,ML Hayden,JP Duminy,1,0,,,,,,"",""
ball,2,10.1,Chennai Super Kings,S Badrinath,ML Hayden,DS Kulkarni,6,0,,,,,,"",""
ball,2,10.2,Chennai Super Kings,S Badrinath,ML Hayden,DS Kulkarni,0,0,,,,,,"",""
ball,2,10.3,Chennai Super Kings,S Badrinath,ML Hayden,DS Kulkarni,1,0,,,,,,"",""
ball,2,10.4,Chennai Super Kings,ML Hayden,S Badrinath,DS Kulkarni,1,0,,,,,,"",""
ball,2,10.5,Chennai Super Kings,S Badrinath,ML Hayden,DS Kulkarni,0,0,,,,,,caught,S Badrinath
ball,2,10.6,Chennai Super Kings,MS Dhoni,ML Hayden,DS Kulkarni,0,0,,,,,,"",""
ball,2,11.1,Chennai Super Kings,ML Hayden,MS Dhoni,C Nanda,0,1,,,,1,,"",""
ball,2,11.2,Chennai Super Kings,MS Dhoni,ML Hayden,C Nanda,0,0,,,,,,"",""
ball,2,11.3,Chennai Super Kings,MS Dhoni,ML Hayden,C Nanda,1,0,,,,,,"",""
ball,2,11.4,Chennai Super Kings,ML Hayden,MS Dhoni,C Nanda,2,0,,,,,,"",""
ball,2,11.5,Chennai Super Kings,ML Hayden,MS Dhoni,C Nanda,0,0,,,,,,"",""
ball,2,11.6,Chennai Super Kings,ML Hayden,MS Dhoni,C Nanda,2,0,,,,,,"",""
ball,2,12.1,Chennai Super Kings,MS Dhoni,ML Hayden,DS Kulkarni,2,0,,,,,,"",""
ball,2,12.2,Chennai Super Kings,MS Dhoni,ML Hayden,DS Kulkarni,1,0,,,,,,"",""
ball,2,12.3,Chennai Super Kings,ML Hayden,MS Dhoni,DS Kulkarni,4,0,,,,,,"",""
ball,2,12.4,Chennai Super Kings,ML Hayden,MS Dhoni,DS Kulkarni,0,5,5,,,,,"",""
ball,2,12.5,Chennai Super Kings,ML Hayden,MS Dhoni,DS Kulkarni,1,0,,,,,,"",""
ball,2,12.6,Chennai Super Kings,MS Dhoni,ML Hayden,DS Kulkarni,0,0,,,,,,"",""
ball,2,12.7,Chennai Super Kings,MS Dhoni,ML Hayden,DS Kulkarni,1,0,,,,,,"",""
ball,2,13.1,Chennai Super Kings,MS Dhoni,ML Hayden,C Nanda,0,0,,,,,,"",""
ball,2,13.2,Chennai Super Kings,MS Dhoni,ML Hayden,C Nanda,1,0,,,,,,"",""
ball,2,13.3,Chennai Super Kings,ML Hayden,MS Dhoni,C Nanda,0,1,1,,,,,"",""
ball,2,13.4,Chennai Super Kings,ML Hayden,MS Dhoni,C Nanda,2,0,,,,,,"",""
ball,2,13.5,Chennai Super Kings,ML Hayden,MS Dhoni,C Nanda,1,0,,,,,,"",""
ball,2,13.6,Chennai Super Kings,MS Dhoni,ML Hayden,C Nanda,1,0,,,,,,"",""
ball,2,13.7,Chennai Super Kings,ML Hayden,MS Dhoni,C Nanda,2,0,,,,,,"",""
ball,2,14.1,Chennai Super Kings,MS Dhoni,ML Hayden,DJ Bravo,1,0,,,,,,"",""
ball,2,14.2,Chennai Super Kings,ML Hayden,MS Dhoni,DJ Bravo,0,4,,,,4,,"",""
ball,2,14.3,Chennai Super Kings,ML Hayden,MS Dhoni,DJ Bravo,4,0,,,,,,"",""
ball,2,14.4,Chennai Super Kings,ML Hayden,MS Dhoni,DJ Bravo,1,0,,,,,,"",""
ball,2,14.5,Chennai Super Kings,MS Dhoni,ML Hayden,DJ Bravo,0,0,,,,,,"",""
ball,2,14.6,Chennai Super Kings,MS Dhoni,ML Hayden,DJ Bravo,0,0,,,,,,"",""
ball,2,15.1,Chennai Super Kings,ML Hayden,MS Dhoni,C Nanda,4,0,,,,,,"",""
ball,2,15.2,Chennai Super Kings,ML Hayden,MS Dhoni,C Nanda,1,0,,,,,,"",""
ball,2,15.3,Chennai Super Kings,MS Dhoni,ML Hayden,C Nanda,0,1,1,,,,,"",""
ball,2,15.4,Chennai Super Kings,MS Dhoni,ML Hayden,C Nanda,1,0,,,,,,"",""
ball,2,15.5,Chennai Super Kings,ML Hayden,MS Dhoni,C Nanda,0,0,,,,,,"",""
ball,2,15.6,Chennai Super Kings,ML Hayden,MS Dhoni,C Nanda,1,0,,,,,,"",""
ball,2,15.7,Chennai Super Kings,MS Dhoni,ML Hayden,C Nanda,0,0,,,,,,"",""
ball,2,16.1,Chennai Super Kings,ML Hayden,MS Dhoni,SL Malinga,2,0,,,,,,"",""
ball,2,16.2,Chennai Super Kings,ML Hayden,MS Dhoni,SL Malinga,1,0,,,,,,"",""
ball,2,16.3,Chennai Super Kings,MS Dhoni,ML Hayden,SL Malinga,1,0,,,,,,"",""
ball,2,16.4,Chennai Super Kings,ML Hayden,MS Dhoni,SL Malinga,0,4,,,,4,,"",""
ball,2,16.5,Chennai Super Kings,ML Hayden,MS Dhoni,SL Malinga,1,0,,,,,,"",""
ball,2,16.6,Chennai Super Kings,MS Dhoni,ML Hayden,SL Malinga,2,0,,,,,,"",""
ball,2,17.1,Chennai Super Kings,ML Hayden,MS Dhoni,Harbhajan Singh,0,2,,,,2,,"",""
ball,2,17.2,Chennai Super Kings,ML Hayden,MS Dhoni,Harbhajan Singh,6,0,,,,,,"",""
ball,2,17.3,Chennai Super Kings,ML Hayden,MS Dhoni,Harbhajan Singh,2,0,,,,,,"",""
ball,2,17.4,Chennai Super Kings,ML Hayden,MS Dhoni,Harbhajan Singh,1,0,,,,,,"",""
ball,2,17.5,Chennai Super Kings,MS Dhoni,ML Hayden,Harbhajan Singh,4,0,,,,,,"",""
ball,2,17.6,Chennai Super Kings,MS Dhoni,ML Hayden,Harbhajan Singh,2,0,,,,,,"",""
ball,2,18.1,Chennai Super Kings,ML Hayden,MS Dhoni,SL Malinga,1,0,,,,,,"",""
ball,2,18.2,Chennai Super Kings,MS Dhoni,ML Hayden,SL Malinga,0,0,,,,,,"",""
ball,2,18.3,Chennai Super Kings,MS Dhoni,ML Hayden,SL Malinga,1,0,,,,,,"",""
ball,2,18.4,Chennai Super Kings,ML Hayden,MS Dhoni,SL Malinga,0,0,,,,,,"",""
ball,2,18.5,Chennai Super Kings,ML Hayden,MS Dhoni,SL Malinga,4,0,,,,,,"",""
ball,2,18.6,Chennai Super Kings,ML Hayden,MS Dhoni,SL Malinga,1,0,,,,,,"",""
ball,2,19.1,Chennai Super Kings,ML Hayden,MS Dhoni,DJ Bravo,0,2,2,,,,,"",""
ball,2,19.2,Chennai Super Kings,MS Dhoni,ML Hayden,DJ Bravo,4,0,,,,,,"",""
