version,1.6.0
info,balls_per_over,6
info,team,Delhi Daredevils
info,team,Mumbai Indians
info,gender,male
info,season,2009
info,date,2009/05/21
info,event,Indian Premier League
info,match_number,55
info,venue,SuperSport Park
info,city,Centurion
info,neutralvenue,true
info,toss_winner,Delhi Daredevils
info,toss_decision,field
info,player_of_match,V Sehwag
info,umpire,IL Howell
info,umpire,S Ravi
info,reserve_umpire,MW Brown
info,tv_umpire,SK Tarapore
info,match_referee,S Venkataraghavan
info,winner,Delhi Daredevils
info,winner_wickets,4
info,player,Delhi Daredevils,G Gambhir
info,player,Delhi Daredevils,DA Warner
info,player,Delhi Daredevils,V Sehwag
info,player,Delhi Daredevils,TM Dilshan
info,player,Delhi Daredevils,R Bhatia
info,player,Delhi Daredevils,AB de Villiers
info,player,Delhi Daredevils,KD Karthik
info,player,Delhi Daredevils,A Mishra
info,player,Delhi Daredevils,AM Salvi
info,player,Delhi Daredevils,DP Nannes
info,player,Delhi Daredevils,PJ Sangwan
info,player,Mumbai Indians,ST Jayasuriya
info,player,Mumbai Indians,SR Tendulkar
info,player,Mumbai Indians,JP Duminy
info,player,Mumbai Indians,Mohammad Ashraful
info,player,Mumbai Indians,AM Rahane
info,player,Mumbai Indians,AM Nayar
info,player,Mumbai Indians,PR Shah
info,player,Mumbai Indians,Harbhajan Singh
info,player,Mumbai Indians,SL Malinga
info,player,Mumbai Indians,DS Kulkarni
info,player,Mumbai Indians,RA Shaikh
info,registry,people,A Mishra,6b19d823
info,registry,people,AB de Villiers,c4487b84
info,registry,people,AM Nayar,a45a5e8d
info,registry,people,AM Rahane,29e95537
info,registry,people,AM Salvi,260fd380
info,registry,people,DA Warner,dcce6f09
info,registry,people,DP Nannes,c404f58a
info,registry,people,DS Kulkarni,d2a989fc
info,registry,people,G Gambhir,bb345e0b
info,registry,people,Harbhajan Singh,8b5b6769
info,registry,people,IL Howell,c1cd91c3
info,registry,people,JP Duminy,2e8994e7
info,registry,people,KD Karthik,c03f1114
info,registry,people,MW Brown,d83d7796
info,registry,people,Mohammad Ashraful,2bb09eb2
info,registry,people,PJ Sangwan,9fc0ef64
info,registry,people,PR Shah,0aadc906
info,registry,people,R Bhatia,33a364a6
info,registry,people,RA Shaikh,7c390b03
info,registry,people,S Ravi,9b9ee0df
info,registry,people,S Venkataraghavan,12453319
info,registry,people,SK Tarapore,62a824b4
info,registry,people,SL Malinga,a12e1d51
info,registry,people,SR Tendulkar,d2c2b2d5
info,registry,people,ST Jayasuriya,f233bbb4
info,registry,people,TM Dilshan,5bdcdb72
info,registry,people,V Sehwag,8ba8195d
ball,1,0.1,Mumbai Indians,ST Jayasuriya,SR Tendulkar,DP Nannes,0,1,1,,,,,"",""
ball,1,0.2,Mumbai Indians,ST Jayasuriya,SR Tendulkar,DP Nannes,0,1,1,,,,,"",""
ball,1,0.3,Mumbai Indians,ST Jayasuriya,SR Tendulkar,DP Nannes,0,0,,,,,,lbw,ST Jayasuriya
ball,1,0.4,Mumbai Indians,JP Duminy,SR Tendulkar,DP Nannes,1,0,,,,,,"",""
ball,1,0.5,Mumbai Indians,SR Tendulkar,JP Duminy,DP Nannes,0,1,1,,,,,"",""
ball,1,0.6,Mumbai Indians,SR Tendulkar,JP Duminy,DP Nannes,0,0,,,,,,"",""
ball,1,0.7,Mumbai Indians,SR Tendulkar,JP Duminy,DP Nannes,1,0,,,,,,"",""
ball,1,0.8,Mumbai Indians,JP Duminy,SR Tendulkar,DP Nannes,0,0,,,,,,"",""
ball,1,0.9,Mumbai Indians,JP Duminy,SR Tendulkar,DP Nannes,0,0,,,,,,"",""
ball,1,1.1,Mumbai Indians,SR Tendulkar,JP Duminy,AM Salvi,0,0,,,,,,"",""
ball,1,1.2,Mumbai Indians,SR Tendulkar,JP Duminy,AM Salvi,0,0,,,,,,"",""
ball,1,1.3,Mumbai Indians,SR Tendulkar,JP Duminy,AM Salvi,4,0,,,,,,"",""
ball,1,1.4,Mumbai Indians,SR Tendulkar,JP Duminy,AM Salvi,0,0,,,,,,"",""
ball,1,1.5,Mumbai Indians,SR Tendulkar,JP Duminy,AM Salvi,4,0,,,,,,"",""
ball,1,1.6,Mumbai Indians,SR Tendulkar,JP Duminy,AM Salvi,0,0,,,,,,"",""
ball,1,2.1,Mumbai Indians,JP Duminy,SR Tendulkar,DP Nannes,4,0,,,,,,"",""
ball,1,2.2,Mumbai Indians,JP Duminy,SR Tendulkar,DP Nannes,4,0,,,,,,"",""
ball,1,2.3,Mumbai Indians,JP Duminy,SR Tendulkar,DP Nannes,0,0,,,,,,caught,JP Duminy
ball,1,2.4,Mumbai Indians,Mohammad Ashraful,SR Tendulkar,DP Nannes,0,0,,,,,,"",""
ball,1,2.5,Mumbai Indians,Mohammad Ashraful,SR Tendulkar,DP Nannes,0,0,,,,,,"",""
ball,1,2.6,Mumbai Indians,Mohammad Ashraful,SR Tendulkar,DP Nannes,0,1,1,,,,,"",""
ball,1,2.7,Mumbai Indians,Mohammad Ashraful,SR Tendulkar,DP Nannes,0,1,,,,1,,"",""
ball,1,3.1,Mumbai Indians,Mohammad Ashraful,SR Tendulkar,AM Salvi,0,0,,,,,,"",""
ball,1,3.2,Mumbai Indians,Mohammad Ashraful,SR Tendulkar,AM Salvi,0,0,,,,,,"",""
ball,1,3.3,Mumbai Indians,Mohammad Ashraful,SR Tendulkar,AM Salvi,1,0,,,,,,"",""
ball,1,3.4,Mumbai Indians,SR Tendulkar,Mohammad Ashraful,AM Salvi,0,0,,,,,,"",""
ball,1,3.5,Mumbai Indians,SR Tendulkar,Mohammad Ashraful,AM Salvi,0,1,1,,,,,"",""
ball,1,3.6,Mumbai Indians,SR Tendulkar,Mohammad Ashraful,AM Salvi,1,0,,,,,,"",""
ball,1,3.7,Mumbai Indians,Mohammad Ashraful,SR Tendulkar,AM Salvi,1,0,,,,,,"",""
ball,1,4.1,Mumbai Indians,Mohammad Ashraful,SR Tendulkar,PJ Sangwan,0,0,,,,,,"",""
ball,1,4.2,Mumbai Indians,Mohammad Ashraful,SR Tendulkar,PJ Sangwan,0,1,1,,,,,"",""
ball,1,4.3,Mumbai Indians,Mohammad Ashraful,SR Tendulkar,PJ Sangwan,0,0,,,,,,"",""
ball,1,4.4,Mumbai Indians,Mohammad Ashraful,SR Tendulkar,PJ Sangwan,0,0,,,,,,caught,Mohammad Ashraful
ball,1,4.5,Mumbai Indians,AM Rahane,SR Tendulkar,PJ Sangwan,0,0,,,,,,"",""
ball,1,4.6,Mumbai Indians,AM Rahane,SR Tendulkar,PJ Sangwan,0,0,,,,,,"",""
ball,1,4.7,Mumbai Indians,AM Rahane,SR Tendulkar,PJ Sangwan,0,0,,,,,,"",""
ball,1,5.1,Mumbai Indians,SR Tendulkar,AM Rahane,DP Nannes,0,0,,,,,,"",""
ball,1,5.2,Mumbai Indians,SR Tendulkar,AM Rahane,DP Nannes,0,0,,,,,,"",""
ball,1,5.3,Mumbai Indians,SR Tendulkar,AM Rahane,DP Nannes,0,0,,,,,,"",""
ball,1,5.4,Mumbai Indians,SR Tendulkar,AM Rahane,DP Nannes,1,0,,,,,,"",""
ball,1,5.5,Mumbai Indians,AM Rahane,SR Tendulkar,DP Nannes,1,0,,,,,,"",""
ball,1,5.6,Mumbai Indians,SR Tendulkar,AM Rahane,DP Nannes,0,0,,,,,,"",""
ball,1,6.1,Mumbai Indians,AM Rahane,SR Tendulkar,PJ Sangwan,2,0,,,,,,"",""
ball,1,6.2,Mumbai Indians,AM Rahane,SR Tendulkar,PJ Sangwan,0,1,1,,,,,"",""
ball,1,6.3,Mumbai Indians,AM Rahane,SR Tendulkar,PJ Sangwan,2,0,,,,,,"",""
ball,1,6.4,Mumbai Indians,AM Rahane,SR Tendulkar,PJ Sangwan,0,0,,,,,,"",""
ball,1,6.5,Mumbai Indians,AM Rahane,SR Tendulkar,PJ Sangwan,4,0,,,,,,"",""
ball,1,6.6,Mumbai Indians,AM Rahane,SR Tendulkar,PJ Sangwan,0,0,,,,,,"",""
ball,1,6.7,Mumbai Indians,AM Rahane,SR Tendulkar,PJ Sangwan,4,0,,,,,,"",""
ball,1,7.1,Mumbai Indians,SR Tendulkar,AM Rahane,A Mishra,0,1,,1,,,,"",""
ball,1,7.2,Mumbai Indians,SR Tendulkar,AM Rahane,A Mishra,4,0,,,,,,"",""
ball,1,7.3,Mumbai Indians,SR Tendulkar,AM Rahane,A Mishra,1,0,,,,,,"",""
ball,1,7.4,Mumbai Indians,AM Rahane,SR Tendulkar,A Mishra,1,0,,,,,,"",""
ball,1,7.5,Mumbai Indians,SR Tendulkar,AM Rahane,A Mishra,1,0,,,,,,"",""
ball,1,7.6,Mumbai Indians,AM Rahane,SR Tendulkar,A Mishra,1,0,,,,,,"",""
ball,1,7.7,Mumbai Indians,SR Tendulkar,AM Rahane,A Mishra,1,0,,,,,,"",""
ball,1,8.1,Mumbai Indians,SR Tendulkar,AM Rahane,R Bhatia,0,2,2,,,,,"",""
ball,1,8.2,Mumbai Indians,AM Rahane,SR Tendulkar,R Bhatia,1,0,,,,,,"",""
ball,1,8.3,Mumbai Indians,SR Tendulkar,AM Rahane,R Bhatia,0,0,,,,,,"",""
ball,1,8.4,Mumbai Indians,SR Tendulkar,AM Rahane,R Bhatia,1,0,,,,,,"",""
ball,1,8.5,Mumbai Indians,AM Rahane,SR Tendulkar,R Bhatia,1,0,,,,,,"",""
ball,1,8.6,Mumbai Indians,SR Tendulkar,AM Rahane,R Bhatia,4,0,,,,,,"",""
ball,1,8.7,Mumbai Indians,SR Tendulkar,AM Rahane,R Bhatia,4,0,,,,,,"",""
ball,1,9.1,Mumbai Indians,AM Rahane,SR Tendulkar,A Mishra,0,0,,,,,,"",""
ball,1,9.2,Mumbai Indians,AM Rahane,SR Tendulkar,A Mishra,0,2,,,,2,,"",""
ball,1,9.3,Mumbai Indians,AM Rahane,SR Tendulkar,A Mishra,1,0,,,,,,"",""
ball,1,9.4,Mumbai Indians,SR Tendulkar,AM Rahane,A Mishra,1,0,,,,,,"",""
ball,1,9.5,Mumbai Indians,AM Rahane,SR Tendulkar,A Mishra,2,0,,,,,,"",""
ball,1,9.6,Mumbai Indians,AM Rahane,SR Tendulkar,A Mishra,0,0,,,,,,"",""
ball,1,10.1,Mumbai Indians,SR Tendulkar,AM Rahane,R Bhatia,1,0,,,,,,"",""
ball,1,10.2,Mumbai Indians,AM Rahane,SR Tendulkar,R Bhatia,0,1,,,,1,,"",""
ball,1,10.3,Mumbai Indians,SR Tendulkar,AM Rahane,R Bhatia,0,0,,,,,,"",""
ball,1,10.4,Mumbai Indians,SR Tendulkar,AM Rahane,R Bhatia,0,0,,,,,,"",""
ball,1,10.5,Mumbai Indians,SR Tendulkar,AM Rahane,R Bhatia,0,0,,,,,,"",""
ball,1,10.6,Mumbai Indians,SR Tendulkar,AM Rahane,R Bhatia,1,0,,,,,,"",""
ball,1,11.1,Mumbai Indians,SR Tendulkar,AM Rahane,A Mishra,4,0,,,,,,"",""
ball,1,11.2,Mumbai Indians,SR Tendulkar,AM Rahane,A Mishra,1,0,,,,,,"",""
ball,1,11.3,Mumbai Indians,AM Rahane,SR Tendulkar,A Mishra,4,0,,,,,,"",""
ball,1,11.4,Mumbai Indians,AM Rahane,SR Tendulkar,A Mishra,1,0,,,,,,"",""
ball,1,11.5,Mumbai Indians,SR Tendulkar,AM Rahane,A Mishra,4,0,,,,,,"",""
ball,1,11.6,Mumbai Indians,SR Tendulkar,AM Rahane,A Mishra,1,0,,,,,,"",""
ball,1,12.1,Mumbai Indians,SR Tendulkar,AM Rahane,PJ Sangwan,0,0,,,,,,"",""
ball,1,12.2,Mumbai Indians,SR Tendulkar,AM Rahane,PJ Sangwan,1,0,,,,,,"",""
ball,1,12.3,Mumbai Indians,AM Rahane,SR Tendulkar,PJ Sangwan,0,1,,,,1,,"",""
ball,1,12.4,Mumbai Indians,SR Tendulkar,AM Rahane,PJ Sangwan,4,0,,,,,,"",""
ball,1,12.5,Mumbai Indians,SR Tendulkar,AM Rahane,PJ Sangwan,1,0,,,,,,"",""
ball,1,12.6,Mumbai Indians,AM Rahane,SR Tendulkar,PJ Sangwan,0,4,,,4,,,"",""
ball,1,13.1,Mumbai Indians,SR Tendulkar,AM Rahane,R Bhatia,0,0,,,,,,"",""
ball,1,13.2,Mumbai Indians,SR Tendulkar,AM Rahane,R Bhatia,0,0,,,,,,"",""
ball,1,13.3,Mumbai Indians,SR Tendulkar,AM Rahane,R Bhatia,0,0,,,,,,bowled,SR Tendulkar
ball,1,13.4,Mumbai Indians,AM Nayar,AM Rahane,R Bhatia,2,0,,,,,,"",""
ball,1,13.5,Mumbai Indians,AM Nayar,AM Rahane,R Bhatia,0,0,,,,,,"",""
ball,1,13.6,Mumbai Indians,AM Nayar,AM Rahane,R Bhatia,2,0,,,,,,"",""
ball,1,14.1,Mumbai Indians,AM Rahane,AM Nayar,AM Salvi,1,0,,,,,,"",""
ball,1,14.2,Mumbai Indians,AM Nayar,AM Rahane,AM Salvi,0,0,,,,,,lbw,AM Nayar
ball,1,14.3,Mumbai Indians,PR Shah,AM Rahane,AM Salvi,0,1,,,,1,,"",""
ball,1,14.4,Mumbai Indians,AM Rahane,PR Shah,AM Salvi,1,0,,,,,,"",""
ball,1,14.5,Mumbai Indians,PR Shah,AM Rahane,AM Salvi,0,0,,,,,,"",""
ball,1,14.6,Mumbai Indians,PR Shah,AM Rahane,AM Salvi,1,0,,,,,,"",""
ball,1,15.1,Mumbai Indians,PR Shah,AM Rahane,R Bhatia,2,0,,,,,,"",""
ball,1,15.2,Mumbai Indians,PR Shah,AM Rahane,R Bhatia,4,0,,,,,,"",""
ball,1,15.3,Mumbai Indians,PR Shah,AM Rahane,R Bhatia,1,0,,,,,,"",""
ball,1,15.4,Mumbai Indians,AM Rahane,PR Shah,R Bhatia,1,0,,,,,,"",""
ball,1,15.5,Mumbai Indians,PR Shah,AM Rahane,R Bhatia,1,0,,,,,,"",""
ball,1,15.6,Mumbai Indians,AM Rahane,PR Shah,R Bhatia,1,0,,,,,,"",""
ball,1,16.1,Mumbai Indians,AM Rahane,PR Shah,A Mishra,4,0,,,,,,"",""
ball,1,16.2,Mumbai Indians,AM Rahane,PR Shah,A Mishra,6,0,,,,,,"",""
ball,1,16.3,Mumbai Indians,AM Rahane,PR Shah,A Mishra,0,0,,,,,,"",""
ball,1,16.4,Mumbai Indians,AM Rahane,PR Shah,A Mishra,0,0,,,,,,"",""
ball,1,16.5,Mumbai Indians,AM Rahane,PR Shah,A Mishra,2,0,,,,,,"",""
ball,1,16.6,Mumbai Indians,AM Rahane,PR Shah,A Mishra,1,0,,,,,,"",""
ball,1,17.1,Mumbai Indians,AM Rahane,PR Shah,AM Salvi,0,1,1,,,,,"",""
ball,1,17.2,Mumbai Indians,AM Rahane,PR Shah,AM Salvi,1,0,,,,,,"",""
ball,1,17.3,Mumbai Indians,PR Shah,AM Rahane,AM Salvi,1,0,,,,,,"",""
ball,1,17.4,Mumbai Indians,AM Rahane,PR Shah,AM Salvi,6,0,,,,,,"",""
ball,1,17.5,Mumbai Indians,AM Rahane,PR Shah,AM Salvi,1,0,,,,,,"",""
ball,1,17.6,Mumbai Indians,PR Shah,AM Rahane,AM Salvi,0,0,,,,,,"",""
ball,1,17.7,Mumbai Indians,PR Shah,AM Rahane,AM Salvi,2,0,,,,,,"",""
ball,1,18.1,Mumbai Indians,AM Rahane,PR Shah,DP Nannes,4,0,,,,,,"",""
ball,1,18.2,Mumbai Indians,AM Rahane,PR Shah,DP Nannes,1,0,,,,,,"",""
ball,1,18.3,Mumbai Indians,PR Shah,AM Rahane,DP Nannes,0,0,,,,,,caught and bowled,PR Shah
ball,1,18.4,Mumbai Indians,Harbhajan Singh,AM Rahane,DP Nannes,1,0,,,,,,"",""
ball,1,18.5,Mumbai Indians,AM Rahane,Harbhajan Singh,DP Nannes,1,0,,,,,,"",""
ball,1,18.6,Mumbai Indians,Harbhajan Singh,AM Rahane,DP Nannes,4,0,,,,,,"",""
ball,1,19.1,Mumbai Indians,AM Rahane,Harbhajan Singh,PJ Sangwan,0,0,,,,,,caught,AM Rahane
ball,1,19.2,Mumbai Indians,Harbhajan Singh,SL Malinga,PJ Sangwan,0,1,1,,,,,"",""
ball,1,19.3,Mumbai Indians,Harbhajan Singh,SL Malinga,PJ Sangwan,0,0,,,,,,"",""
ball,1,19.4,Mumbai Indians,Harbhajan Singh,SL Malinga,PJ Sangwan,0,2,,,2,,,"",""
ball,1,19.5,Mumbai Indians,Harbhajan Singh,SL Malinga,PJ Sangwan,1,0,,,,,,run out,SL Malinga
ball,1,19.6,Mumbai Indians,Harbhajan Singh,DS Kulkarni,PJ Sangwan,2,0,,,,,,"",""
ball,1,19.7,Mumbai Indians,Harbhajan Singh,DS Kulkarni,PJ Sangwan,4,0,,,,,,"",""
ball,2,0.1,Delhi Daredevils,G Gambhir,DA Warner,SL Malinga,2,0,,,,,,"",""
ball,2,0.2,Delhi Daredevils,G Gambhir,DA Warner,SL Malinga,0,0,,,,,,"",""
ball,2,0.3,Delhi Daredevils,G Gambhir,DA Warner,SL Malinga,1,0,,,,,,"",""
ball,2,0.4,Delhi Daredevils,DA Warner,G Gambhir,SL Malinga,1,0,,,,,,"",""
ball,2,0.5,Delhi Daredevils,G Gambhir,DA Warner,SL Malinga,0,0,,,,,,"",""
ball,2,0.6,Delhi Daredevils,G Gambhir,DA Warner,SL Malinga,4,0,,,,,,"",""
ball,2,1.1,Delhi Daredevils,DA Warner,G Gambhir,DS Kulkarni,1,0,,,,,,"",""
ball,2,1.2,Delhi Daredevils,G Gambhir,DA Warner,DS Kulkarni,4,0,,,,,,"",""
ball,2,1.3,Delhi Daredevils,G Gambhir,DA Warner,DS Kulkarni,0,0,,,,,,"",""
ball,2,1.4,Delhi Daredevils,G Gambhir,DA Warner,DS Kulkarni,4,0,,,,,,"",""
ball,2,1.5,Delhi Daredevils,G Gambhir,DA Warner,DS Kulkarni,1,0,,,,,,"",""
ball,2,1.6,Delhi Daredevils,DA Warner,G Gambhir,DS Kulkarni,1,0,,,,,,"",""
ball,2,2.1,Delhi Daredevils,DA Warner,G Gambhir,RA Shaikh,4,0,,,,,,"",""
ball,2,2.2,Delhi Daredevils,DA Warner,G Gambhir,RA Shaikh,1,0,,,,,,"",""
ball,2,2.3,Delhi Daredevils,G Gambhir,DA Warner,RA Shaikh,1,0,,,,,,"",""
ball,2,2.4,Delhi Daredevils,DA Warner,G Gambhir,RA Shaikh,1,0,,,,,,"",""
ball,2,2.5,Delhi Daredevils,G Gambhir,DA Warner,RA Shaikh,4,0,,,,,,"",""
ball,2,2.6,Delhi Daredevils,G Gambhir,DA Warner,RA Shaikh,0,0,,,,,,"",""
ball,2,3.1,Delhi Daredevils,DA Warner,G Gambhir,DS Kulkarni,6,0,,,,,,"",""
ball,2,3.2,Delhi Daredevils,DA Warner,G Gambhir,DS Kulkarni,0,0,,,,,,"",""
ball,2,3.3,Delhi Daredevils,DA Warner,G Gambhir,DS Kulkarni,0,0,,,,,,caught,DA Warner
ball,2,3.4,Delhi Daredevils,G Gambhir,V Sehwag,DS Kulkarni,0,0,,,,,,"",""
ball,2,3.5,Delhi Daredevils,G Gambhir,V Sehwag,DS Kulkarni,4,0,,,,,,"",""
ball,2,3.6,Delhi Daredevils,G Gambhir,V Sehwag,DS Kulkarni,1,0,,,,,,"",""
ball,2,4.1,Delhi Daredevils,G Gambhir,V Sehwag,SL Malinga,0,0,,,,,,"",""
ball,2,4.2,Delhi Daredevils,G Gambhir,V Sehwag,SL Malinga,1,0,,,,,,"",""
ball,2,4.3,Delhi Daredevils,V Sehwag,G Gambhir,SL Malinga,1,0,,,,,,"",""
ball,2,4.4,Delhi Daredevils,G Gambhir,V Sehwag,SL Malinga,1,0,,,,,,"",""
ball,2,4.5,Delhi Daredevils,V Sehwag,G Gambhir,SL Malinga,1,0,,,,,,"",""
ball,2,4.6,Delhi Daredevils,G Gambhir,V Sehwag,SL Malinga,1,0,,,,,,"",""
ball,2,5.1,Delhi Daredevils,G Gambhir,V Sehwag,DS Kulkarni,1,0,,,,,,"",""
ball,2,5.2,Delhi Daredevils,V Sehwag,G Gambhir,DS Kulkarni,4,0,,,,,,"",""
ball,2,5.3,Delhi Daredevils,V Sehwag,G Gambhir,DS Kulkarni,4,0,,,,,,"",""
ball,2,5.4,Delhi Daredevils,V Sehwag,G Gambhir,DS Kulkarni,0,0,,,,,,"",""
ball,2,5.5,Delhi Daredevils,V Sehwag,G Gambhir,DS Kulkarni,4,0,,,,,,"",""
ball,2,5.6,Delhi Daredevils,V Sehwag,G Gambhir,DS Kulkarni,1,0,,,,,,"",""
ball,2,6.1,Delhi Daredevils,V Sehwag,G Gambhir,Harbhajan Singh,0,0,,,,,,"",""
ball,2,6.2,Delhi Daredevils,V Sehwag,G Gambhir,Harbhajan Singh,1,0,,,,,,"",""
ball,2,6.3,Delhi Daredevils,G Gambhir,V Sehwag,Harbhajan Singh,0,0,,,,,,"",""
ball,2,6.4,Delhi Daredevils,G Gambhir,V Sehwag,Harbhajan Singh,1,0,,,,,,"",""
ball,2,6.5,Delhi Daredevils,V Sehwag,G Gambhir,Harbhajan Singh,1,0,,,,,,"",""
ball,2,6.6,Delhi Daredevils,G Gambhir,V Sehwag,Harbhajan Singh,0,0,,,,,,"",""
ball,2,7.1,Delhi Daredevils,V Sehwag,G Gambhir,AM Nayar,2,0,,,,,,"",""
ball,2,7.2,Delhi Daredevils,V Sehwag,G Gambhir,AM Nayar,1,0,,,,,,"",""
ball,2,7.3,Delhi Daredevils,G Gambhir,V Sehwag,AM Nayar,4,0,,,,,,"",""
ball,2,7.4,Delhi Daredevils,G Gambhir,V Sehwag,AM Nayar,2,0,,,,,,"",""
ball,2,7.5,Delhi Daredevils,G Gambhir,V Sehwag,AM Nayar,0,0,,,,,,"",""
ball,2,7.6,Delhi Daredevils,G Gambhir,V Sehwag,AM Nayar,0,0,,,,,,"",""
ball,2,8.1,Delhi Daredevils,V Sehwag,G Gambhir,Harbhajan Singh,1,0,,,,,,"",""
ball,2,8.2,Delhi Daredevils,G Gambhir,V Sehwag,Harbhajan Singh,0,0,,,,,,"",""
ball,2,8.3,Delhi Daredevils,G Gambhir,V Sehwag,Harbhajan Singh,1,0,,,,,,"",""
ball,2,8.4,Delhi Daredevils,V Sehwag,G Gambhir,Harbhajan Singh,1,0,,,,,,"",""
ball,2,8.5,Delhi Daredevils,G Gambhir,V Sehwag,Harbhajan Singh,2,0,,,,,,"",""
ball,2,8.6,Delhi Daredevils,G Gambhir,V Sehwag,Harbhajan Singh,0,0,,,,,,"",""
ball,2,9.1,Delhi Daredevils,V Sehwag,G Gambhir,AM Nayar,6,0,,,,,,"",""
ball,2,9.2,Delhi Daredevils,V Sehwag,G Gambhir,AM Nayar,1,0,,,,,,"",""
ball,2,9.3,Delhi Daredevils,G Gambhir,V Sehwag,AM Nayar,0,0,,,,,,"",""
ball,2,9.4,Delhi Daredevils,G Gambhir,V Sehwag,AM Nayar,4,0,,,,,,"",""
ball,2,9.5,Delhi Daredevils,G Gambhir,V Sehwag,AM Nayar,1,0,,,,,,"",""
ball,2,9.6,Delhi Daredevils,V Sehwag,G Gambhir,AM Nayar,4,0,,,,,,"",""
ball,2,10.1,Delhi Daredevils,G Gambhir,V Sehwag,ST Jayasuriya,1,0,,,,,,"",""
ball,2,10.2,Delhi Daredevils,V Sehwag,G Gambhir,ST Jayasuriya,0,0,,,,,,"",""
ball,2,10.3,Delhi Daredevils,V Sehwag,G Gambhir,ST Jayasuriya,0,5,5,,,,,"",""
ball,2,10.4,Delhi Daredevils,V Sehwag,G Gambhir,ST Jayasuriya,2,0,,,,,,"",""
ball,2,10.5,Delhi Daredevils,V Sehwag,G Gambhir,ST Jayasuriya,0,1,1,,,,,"",""
ball,2,10.6,Delhi Daredevils,V Sehwag,G Gambhir,ST Jayasuriya,1,0,,,,,,"",""
ball,2,10.7,Delhi Daredevils,G Gambhir,V Sehwag,ST Jayasuriya,0,0,,,,,,"",""
ball,2,10.8,Delhi Daredevils,G Gambhir,V Sehwag,ST Jayasuriya,1,0,,,,,,"",""
ball,2,11.1,Delhi Daredevils,G Gambhir,V Sehwag,SL Malinga,0,0,,,,,,caught,G Gambhir
ball,2,11.2,Delhi Daredevils,V Sehwag,TM Dilshan,SL Malinga,1,0,,,,,,"",""
ball,2,11.3,Delhi Daredevils,TM Dilshan,V Sehwag,SL Malinga,0,1,1,,,,,"",""
ball,2,11.4,Delhi Daredevils,TM Dilshan,V Sehwag,SL Malinga,2,0,,,,,,"",""
ball,2,11.5,Delhi Daredevils,TM Dilshan,V Sehwag,SL Malinga,6,0,,,,,,"",""
ball,2,11.6,Delhi Daredevils,TM Dilshan,V Sehwag,SL Malinga,0,0,,,,,,"",""
ball,2,11.7,Delhi Daredevils,TM Dilshan,V Sehwag,SL Malinga,0,0,,,,,,"",""
ball,2,12.1,Delhi Daredevils,V Sehwag,TM Dilshan,ST Jayasuriya,4,0,,,,,,"",""
ball,2,12.2,Delhi Daredevils,V Sehwag,TM Dilshan,ST Jayasuriya,1,0,,,,,,"",""
ball,2,12.3,Delhi Daredevils,TM Dilshan,V Sehwag,ST Jayasuriya,1,0,,,,,,"",""
ball,2,12.4,Delhi Daredevils,V Sehwag,TM Dilshan,ST Jayasuriya,6,0,,,,,,"",""
ball,2,12.5,Delhi Daredevils,V Sehwag,TM Dilshan,ST Jayasuriya,1,0,,,,,,"",""
ball,2,12.6,Delhi Daredevils,TM Dilshan,V Sehwag,ST Jayasuriya,1,0,,,,,,"",""
ball,2,13.1,Delhi Daredevils,TM Dilshan,V Sehwag,SL Malinga,6,0,,,,,,"",""
ball,2,13.2,Delhi Daredevils,TM Dilshan,V Sehwag,SL Malinga,0,0,,,,,,"",""
ball,2,13.3,Delhi Daredevils,TM Dilshan,V Sehwag,SL Malinga,0,0,,,,,,"",""
ball,2,13.4,Delhi Daredevils,TM Dilshan,V Sehwag,SL Malinga,0,0,,,,,,"",""
ball,2,13.5,Delhi Daredevils,TM Dilshan,V Sehwag,SL Malinga,0,1,,1,,,,"",""
ball,2,13.6,Delhi Daredevils,TM Dilshan,V Sehwag,SL Malinga,4,0,,,,,,"",""
ball,2,13.7,Delhi Daredevils,TM Dilshan,V Sehwag,SL Malinga,4,0,,,,,,"",""
ball,2,14.1,Delhi Daredevils,V Sehwag,TM Dilshan,Harbhajan Singh,1,0,,,,,,"",""
ball,2,14.2,Delhi Daredevils,TM Dilshan,V Sehwag,Harbhajan Singh,0,0,,,,,,caught,TM Dilshan
ball,2,14.3,Delhi Daredevils,V Sehwag,R Bhatia,Harbhajan Singh,0,0,,,,,,bowled,V Sehwag
ball,2,14.4,Delhi Daredevils,AB de Villiers,R Bhatia,Harbhajan Singh,1,0,,,,,,"",""
ball,2,14.5,Delhi Daredevils,R Bhatia,AB de Villiers,Harbhajan Singh,0,0,,,,,,"",""
ball,2,14.6,Delhi Daredevils,R Bhatia,AB de Villiers,Harbhajan Singh,1,0,,,,,,"",""
ball,2,15.1,Delhi Daredevils,R Bhatia,AB de Villiers,JP Duminy,1,0,,,,,,"",""
ball,2,15.2,Delhi Daredevils,AB de Villiers,R Bhatia,JP Duminy,0,0,,,,,,"",""
ball,2,15.3,Delhi Daredevils,AB de Villiers,R Bhatia,JP Duminy,1,0,,,,,,"",""
ball,2,15.4,Delhi Daredevils,R Bhatia,AB de Villiers,JP Duminy,0,0,,,,,,"",""
ball,2,15.5,Delhi Daredevils,R Bhatia,AB de Villiers,JP Duminy,0,0,,,,,,"",""
ball,2,15.6,Delhi Daredevils,R Bhatia,AB de Villiers,JP Duminy,0,0,,,,,,"",""
ball,2,16.1,Delhi Daredevils,AB de Villiers,R Bhatia,Harbhajan Singh,4,0,,,,,,"",""
ball,2,16.2,Delhi Daredevils,AB de Villiers,R Bhatia,Harbhajan Singh,0,1,1,,,,,"",""
ball,2,16.3,Delhi Daredevils,AB de Villiers,R Bhatia,Harbhajan Singh,0,0,,,,,,"",""
ball,2,16.4,Delhi Daredevils,AB de Villiers,R Bhatia,Harbhajan Singh,0,0,,,,,,caught,AB de Villiers
ball,2,16.5,Delhi Daredevils,R Bhatia,KD Karthik,Harbhajan Singh,0,0,,,,,,bowled,R Bhatia
ball,2,16.6,Delhi Daredevils,A Mishra,KD Karthik,Harbhajan Singh,1,0,,,,,,"",""
ball,2,16.7,Delhi Daredevils,KD Karthik,A Mishra,Harbhajan Singh,0,0,,,,,,"",""
ball,2,17.1,Delhi Daredevils,A Mishra,KD Karthik,JP Duminy,2,0,,,,,,"",""
ball,2,17.2,Delhi Daredevils,A Mishra,KD Karthik,JP Duminy,4,0,,,,,,"",""
ball,2,17.3,Delhi Daredevils,A Mishra,KD Karthik,JP Duminy,6,0,,,,,,"",""
