version,1.6.0
info,balls_per_over,6
info,team,Royal Challengers Bangalore
info,team,Rajasthan Royals
info,gender,male
info,season,2009/10
info,date,2010/03/18
info,event,Indian Premier League
info,match_number,10
info,venue,M Chinnaswamy Stadium
info,city,Bangalore
info,toss_winner,Royal Challengers Bangalore
info,toss_decision,field
info,player_of_match,JH Kallis
info,umpire,K Hariharan
info,umpire,DJ Harper
info,reserve_umpire,KN Ananthapadmanabhan
info,tv_umpire,S Das
info,match_referee,D Govindjee
info,winner,Royal Challengers Bangalore
info,winner_wickets,10
info,player,Rajasthan Royals,NV Ojha
info,player,Rajasthan Royals,MJ Lumb
info,player,Rajasthan Royals,DR Martyn
info,player,Rajasthan Royals,AA Jhunjhunwala
info,player,Rajasthan Royals,YK Pathan
info,player,Rajasthan Royals,P Dogra
info,player,Rajasthan Royals,S Narwal
info,player,Rajasthan Royals,SK Warne
info,player,Rajasthan Royals,M Morkel
info,player,Rajasthan Royals,MM Patel
info,player,Rajasthan Royals,SK Trivedi
info,player,Royal Challengers Bangalore,MK Pandey
info,player,Royal Challengers Bangalore,JH Kallis
info,player,Royal Challengers Bangalore,RV Uthappa
info,player,Royal Challengers Bangalore,V Kohli
info,player,Royal Challengers Bangalore,R Dravid
info,player,Royal Challengers Bangalore,EJG Morgan
info,player,Royal Challengers Bangalore,MV Boucher
info,player,Royal Challengers Bangalore,P Kumar
info,player,Royal Challengers Bangalore,A Kumble
info,player,Royal Challengers Bangalore,DW Steyn
info,player,Royal Challengers Bangalore,R Vinay Kumar
info,registry,people,A Kumble,0c2730df
info,registry,people,AA Jhunjhunwala,2815fe50
info,registry,people,D Govindjee,8b4c4069
info,registry,people,DJ Harper,0ec08b27
info,registry,people,DR Martyn,69762509
info,registry,people,DW Steyn,8fd1a8f5
info,registry,people,EJG Morgan,d2a6c0e6
info,registry,people,JH Kallis,86dc8f2e
info,registry,people,K Hariharan,2386ccff
info,registry,people,KN Ananthapadmanabhan,3144063a
info,registry,people,M Morkel,5bb5a915
info,registry,people,MJ Lumb,11df3dc8
info,registry,people,MK Pandey,93b4fc78
info,registry,people,MM Patel,f0f628c7
info,registry,people,MV Boucher,f3cb53a1
info,registry,people,NV Ojha,890946a0
info,registry,people,P Dogra,2728e7e9
info,registry,people,P Kumar,e938e1bc
info,registry,people,R Dravid,0184dc35
info,registry,people,R Vinay Kumar,41eb4a4f
info,registry,people,RV Uthappa,1c17e270
info,registry,people,S Das,475e38b6
info,registry,people,S Narwal,287686fd
info,registry,people,SK Trivedi,3d7e087f
info,registry,people,SK Warne,bb18be76
info,registry,people,V Kohli,ba607b88
info,registry,people,YK Pathan,3c6ffae8
ball,1,0.1,Rajasthan Royals,NV Ojha,MJ Lumb,P Kumar,0,0,,,,,,"",""
ball,1,0.2,Rajasthan Royals,NV Ojha,MJ Lumb,P Kumar,1,0,,,,,,"",""
ball,1,0.3,Rajasthan Royals,MJ Lumb,NV Ojha,P Kumar,0,0,,,,,,"",""
ball,1,0.4,Rajasthan Royals,MJ Lumb,NV Ojha,P Kumar,4,0,,,,,,"",""
ball,1,0.5,Rajasthan Royals,MJ Lumb,NV Ojha,P Kumar,1,0,,,,,,"",""
ball,1,0.6,Rajasthan Royals,NV Ojha,MJ Lumb,P Kumar,1,0,,,,,,"",""
ball,1,1.1,Rajasthan Royals,NV Ojha,MJ Lumb,DW Steyn,3,0,,,,,,"",""
ball,1,1.2,Rajasthan Royals,MJ Lumb,NV Ojha,DW Steyn,0,0,,,,,,"",""
ball,1,1.3,Rajasthan Royals,MJ Lumb,NV Ojha,DW Steyn,0,0,,,,,,"",""
ball,1,1.4,Rajasthan Royals,MJ Lumb,NV Ojha,DW Steyn,0,0,,,,,,"",""
ball,1,1.5,Rajasthan Royals,MJ Lumb,NV Ojha,DW Steyn,1,0,,,,,,"",""
ball,1,1.6,Rajasthan Royals,NV Ojha,MJ Lumb,DW Steyn,3,0,,,,,,"",""
ball,1,2.1,Rajasthan Royals,NV Ojha,MJ Lumb,P Kumar,0,0,,,,,,"",""
ball,1,2.2,Rajasthan Royals,NV Ojha,MJ Lumb,P Kumar,0,0,,,,,,"",""
ball,1,2.3,Rajasthan Royals,NV Ojha,MJ Lumb,P Kumar,0,1,1,,,,,"",""
ball,1,2.4,Rajasthan Royals,NV Ojha,MJ Lumb,P Kumar,1,0,,,,,,"",""
ball,1,2.5,Rajasthan Royals,MJ Lumb,NV Ojha,P Kumar,0,0,,,,,,"",""
ball,1,2.6,Rajasthan Royals,MJ Lumb,NV Ojha,P Kumar,0,0,,,,,,"",""
ball,1,2.7,Rajasthan Royals,MJ Lumb,NV Ojha,P Kumar,1,0,,,,,,"",""
ball,1,3.1,Rajasthan Royals,MJ Lumb,NV Ojha,DW Steyn,0,1,,,,1,,"",""
ball,1,3.2,Rajasthan Royals,NV Ojha,MJ Lumb,DW Steyn,0,0,,,,,,"",""
ball,1,3.3,Rajasthan Royals,NV Ojha,MJ Lumb,DW Steyn,0,0,,,,,,"",""
ball,1,3.4,Rajasthan Royals,NV Ojha,MJ Lumb,DW Steyn,0,0,,,,,,"",""
ball,1,3.5,Rajasthan Royals,NV Ojha,MJ Lumb,DW Steyn,0,1,1,,,,,"",""
ball,1,3.6,Rajasthan Royals,NV Ojha,MJ Lumb,DW Steyn,0,0,,,,,,"",""
ball,1,3.7,Rajasthan Royals,NV Ojha,MJ Lumb,DW Steyn,1,0,,,,,,"",""
ball,1,4.1,Rajasthan Royals,NV Ojha,MJ Lumb,R Vinay Kumar,4,0,,,,,,"",""
ball,1,4.2,Rajasthan Royals,NV Ojha,MJ Lumb,R Vinay Kumar,1,0,,,,,,"",""
ball,1,4.3,Rajasthan Royals,MJ Lumb,NV Ojha,R Vinay Kumar,1,0,,,,,,"",""
ball,1,4.4,Rajasthan Royals,NV Ojha,MJ Lumb,R Vinay Kumar,0,0,,,,,,"",""
ball,1,4.5,Rajasthan Royals,NV Ojha,MJ Lumb,R Vinay Kumar,1,0,,,,,,"",""
ball,1,4.6,Rajasthan Royals,MJ Lumb,NV Ojha,R Vinay Kumar,0,0,,,,,,"",""
ball,1,5.1,Rajasthan Royals,NV Ojha,MJ Lumb,JH Kallis,0,0,,,,,,caught,NV Ojha
ball,1,5.2,Rajasthan Royals,MJ Lumb,DR Martyn,JH Kallis,0,1,,1,,,,"",""
ball,1,5.3,Rajasthan Royals,MJ Lumb,DR Martyn,JH Kallis,1,0,,,,,,"",""
ball,1,5.4,Rajasthan Royals,DR Martyn,MJ Lumb,JH Kallis,1,0,,,,,,"",""
ball,1,5.5,Rajasthan Royals,MJ Lumb,DR Martyn,JH Kallis,1,0,,,,,,"",""
ball,1,5.6,Rajasthan Royals,DR Martyn,MJ Lumb,JH Kallis,0,0,,,,,,"",""
ball,1,5.7,Rajasthan Royals,DR Martyn,MJ Lumb,JH Kallis,0,0,,,,,,"",""
ball,1,6.1,Rajasthan Royals,MJ Lumb,DR Martyn,A Kumble,0,0,,,,,,"",""
ball,1,6.2,Rajasthan Royals,MJ Lumb,DR Martyn,A Kumble,0,0,,,,,,stumped,MJ Lumb
ball,1,6.3,Rajasthan Royals,AA Jhunjhunwala,DR Martyn,A Kumble,1,0,,,,,,"",""
ball,1,6.4,Rajasthan Royals,DR Martyn,AA Jhunjhunwala,A Kumble,1,0,,,,,,"",""
ball,1,6.5,Rajasthan Royals,AA Jhunjhunwala,DR Martyn,A Kumble,0,0,,,,,,"",""
ball,1,6.6,Rajasthan Royals,AA Jhunjhunwala,DR Martyn,A Kumble,0,0,,,,,,"",""
ball,1,7.1,Rajasthan Royals,DR Martyn,AA Jhunjhunwala,JH Kallis,1,0,,,,,,"",""
ball,1,7.2,Rajasthan Royals,AA Jhunjhunwala,DR Martyn,JH Kallis,0,0,,,,,,"",""
ball,1,7.3,Rajasthan Royals,AA Jhunjhunwala,DR Martyn,JH Kallis,0,0,,,,,,"",""
ball,1,7.4,Rajasthan Royals,AA Jhunjhunwala,DR Martyn,JH Kallis,4,0,,,,,,"",""
ball,1,7.5,Rajasthan Royals,AA Jhunjhunwala,DR Martyn,JH Kallis,0,0,,,,,,bowled,AA Jhunjhunwala
ball,1,7.6,Rajasthan Royals,YK Pathan,DR Martyn,JH Kallis,1,0,,,,,,"",""
ball,1,8.1,Rajasthan Royals,YK Pathan,DR Martyn,A Kumble,1,0,,,,,,"",""
ball,1,8.2,Rajasthan Royals,DR Martyn,YK Pathan,A Kumble,1,0,,,,,,"",""
ball,1,8.3,Rajasthan Royals,YK Pathan,DR Martyn,A Kumble,1,0,,,,,,"",""
ball,1,8.4,Rajasthan Royals,DR Martyn,YK Pathan,A Kumble,0,0,,,,,,"",""
ball,1,8.5,Rajasthan Royals,DR Martyn,YK Pathan,A Kumble,0,0,,,,,,"",""
ball,1,8.6,Rajasthan Royals,DR Martyn,YK Pathan,A Kumble,1,0,,,,,,"",""
ball,1,9.1,Rajasthan Royals,DR Martyn,YK Pathan,DW Steyn,0,0,,,,,,"",""
ball,1,9.2,Rajasthan Royals,DR Martyn,YK Pathan,DW Steyn,1,0,,,,,,"",""
ball,1,9.3,Rajasthan Royals,YK Pathan,DR Martyn,DW Steyn,0,0,,,,,,"",""
ball,1,9.4,Rajasthan Royals,YK Pathan,DR Martyn,DW Steyn,0,0,,,,,,"",""
ball,1,9.5,Rajasthan Royals,YK Pathan,DR Martyn,DW Steyn,0,0,,,,,,"",""
ball,1,9.6,Rajasthan Royals,YK Pathan,DR Martyn,DW Steyn,1,0,,,,,,"",""
ball,1,10.1,Rajasthan Royals,YK Pathan,DR Martyn,JH Kallis,1,0,,,,,,"",""
ball,1,10.2,Rajasthan Royals,DR Martyn,YK Pathan,JH Kallis,1,0,,,,,,"",""
ball,1,10.3,Rajasthan Royals,YK Pathan,DR Martyn,JH Kallis,1,0,,,,,,"",""
ball,1,10.4,Rajasthan Royals,DR Martyn,YK Pathan,JH Kallis,1,0,,,,,,"",""
ball,1,10.5,Rajasthan Royals,YK Pathan,DR Martyn,JH Kallis,0,0,,,,,,"",""
ball,1,10.6,Rajasthan Royals,YK Pathan,DR Martyn,JH Kallis,0,0,,,,,,"",""
ball,1,11.1,Rajasthan Royals,DR Martyn,YK Pathan,R Vinay Kumar,1,0,,,,,,"",""
ball,1,11.2,Rajasthan Royals,YK Pathan,DR Martyn,R Vinay Kumar,0,0,,,,,,"",""
ball,1,11.3,Rajasthan Royals,YK Pathan,DR Martyn,R Vinay Kumar,0,0,,,,,,"",""
ball,1,11.4,Rajasthan Royals,YK Pathan,DR Martyn,R Vinay Kumar,6,0,,,,,,"",""
ball,1,11.5,Rajasthan Royals,YK Pathan,DR Martyn,R Vinay Kumar,6,0,,,,,,"",""
ball,1,11.6,Rajasthan Royals,YK Pathan,DR Martyn,R Vinay Kumar,0,0,,,,,,"",""
ball,1,12.1,Rajasthan Royals,DR Martyn,YK Pathan,JH Kallis,1,0,,,,,,"",""
ball,1,12.2,Rajasthan Royals,YK Pathan,DR Martyn,JH Kallis,1,0,,,,,,"",""
ball,1,12.3,Rajasthan Royals,DR Martyn,YK Pathan,JH Kallis,0,1,1,,,,,"",""
ball,1,12.4,Rajasthan Royals,DR Martyn,YK Pathan,JH Kallis,1,0,,,,,,"",""
ball,1,12.5,Rajasthan Royals,YK Pathan,DR Martyn,JH Kallis,0,0,,,,,,"",""
ball,1,12.6,Rajasthan Royals,YK Pathan,DR Martyn,JH Kallis,1,0,,,,,,"",""
ball,1,12.7,Rajasthan Royals,DR Martyn,YK Pathan,JH Kallis,1,0,,,,,,"",""
ball,1,13.1,Rajasthan Royals,DR Martyn,YK Pathan,DW Steyn,1,0,,,,,,"",""
ball,1,13.2,Rajasthan Royals,YK Pathan,DR Martyn,DW Steyn,0,0,,,,,,"",""
ball,1,13.3,Rajasthan Royals,YK Pathan,DR Martyn,DW Steyn,0,0,,,,,,"",""
ball,1,13.4,Rajasthan Royals,YK Pathan,DR Martyn,DW Steyn,0,0,,,,,,"",""
ball,1,13.5,Rajasthan Royals,YK Pathan,DR Martyn,DW Steyn,4,0,,,,,,"",""
ball,1,13.6,Rajasthan Royals,YK Pathan,DR Martyn,DW Steyn,2,0,,,,,,"",""
ball,1,14.1,Rajasthan Royals,DR Martyn,YK Pathan,A Kumble,0,0,,,,,,run out,YK Pathan
ball,1,14.2,Rajasthan Royals,P Dogra,DR Martyn,A Kumble,1,0,,,,,,"",""
ball,1,14.3,Rajasthan Royals,DR Martyn,P Dogra,A Kumble,0,0,,,,,,"",""
ball,1,14.4,Rajasthan Royals,DR Martyn,P Dogra,A Kumble,1,0,,,,,,"",""
ball,1,14.5,Rajasthan Royals,P Dogra,DR Martyn,A Kumble,0,0,,,,,,"",""
ball,1,14.6,Rajasthan Royals,P Dogra,DR Martyn,A Kumble,1,0,,,,,,"",""
ball,1,15.1,Rajasthan Royals,P Dogra,DR Martyn,R Vinay Kumar,0,0,,,,,,"",""
ball,1,15.2,Rajasthan Royals,P Dogra,DR Martyn,R Vinay Kumar,0,0,,,,,,"",""
ball,1,15.3,Rajasthan Royals,P Dogra,DR Martyn,R Vinay Kumar,0,0,,,,,,"",""
ball,1,15.4,Rajasthan Royals,P Dogra,DR Martyn,R Vinay Kumar,0,0,,,,,,"",""
ball,1,15.5,Rajasthan Royals,P Dogra,DR Martyn,R Vinay Kumar,1,0,,,,,,"",""
ball,1,15.6,Rajasthan Royals,DR Martyn,P Dogra,R Vinay Kumar,1,0,,,,,,"",""
ball,1,16.1,Rajasthan Royals,DR Martyn,P Dogra,P Kumar,0,1,1,,,,,"",""
ball,1,16.2,Rajasthan Royals,DR Martyn,P Dogra,P Kumar,4,0,,,,,,"",""
ball,1,16.3,Rajasthan Royals,DR Martyn,P Dogra,P Kumar,0,0,,,,,,bowled,DR Martyn
ball,1,16.4,Rajasthan Royals,S Narwal,P Dogra,P Kumar,0,0,,,,,,caught,S Narwal
ball,1,16.5,Rajasthan Royals,P Dogra,SK Warne,P Kumar,0,0,,,,,,bowled,P Dogra
ball,1,16.6,Rajasthan Royals,M Morkel,SK Warne,P Kumar,0,0,,,,,,"",""
ball,1,16.7,Rajasthan Royals,M Morkel,SK Warne,P Kumar,0,0,,,,,,"",""
ball,1,17.1,Rajasthan Royals,SK Warne,M Morkel,R Vinay Kumar,0,0,,,,,,"",""
ball,1,17.2,Rajasthan Royals,SK Warne,M Morkel,R Vinay Kumar,0,0,,,,,,"",""
ball,1,17.3,Rajasthan Royals,SK Warne,M Morkel,R Vinay Kumar,2,0,,,,,,"",""
ball,1,17.4,Rajasthan Royals,SK Warne,M Morkel,R Vinay Kumar,0,0,,,,,,"",""
ball,1,17.5,Rajasthan Royals,SK Warne,M Morkel,R Vinay Kumar,1,0,,,,,,"",""
ball,1,17.6,Rajasthan Royals,M Morkel,SK Warne,R Vinay Kumar,0,0,,,,,,"",""
ball,1,18.1,Rajasthan Royals,SK Warne,M Morkel,P Kumar,1,0,,,,,,"",""
ball,1,18.2,Rajasthan Royals,M Morkel,SK Warne,P Kumar,0,0,,,,,,"",""
ball,1,18.3,Rajasthan Royals,M Morkel,SK Warne,P Kumar,0,0,,,,,,"",""
ball,1,18.4,Rajasthan Royals,M Morkel,SK Warne,P Kumar,0,0,,,,,,"",""
ball,1,18.5,Rajasthan Royals,M Morkel,SK Warne,P Kumar,2,0,,,,,,"",""
ball,1,18.6,Rajasthan Royals,M Morkel,SK Warne,P Kumar,0,0,,,,,,"",""
ball,1,19.1,Rajasthan Royals,SK Warne,M Morkel,A Kumble,0,0,,,,,,bowled,SK Warne
ball,1,19.2,Rajasthan Royals,MM Patel,M Morkel,A Kumble,0,0,,,,,,"",""
ball,1,19.3,Rajasthan Royals,MM Patel,M Morkel,A Kumble,0,1,,,,1,,"",""
ball,1,19.4,Rajasthan Royals,M Morkel,MM Patel,A Kumble,0,0,,,,,,stumped,M Morkel
ball,1,19.5,Rajasthan Royals,SK Trivedi,MM Patel,A Kumble,0,0,,,,,,run out,MM Patel
ball,2,0.1,Royal Challengers Bangalore,MK Pandey,JH Kallis,MM Patel,4,0,,,,,,"",""
ball,2,0.2,Royal Challengers Bangalore,MK Pandey,JH Kallis,MM Patel,1,0,,,,,,"",""
ball,2,0.3,Royal Challengers Bangalore,JH Kallis,MK Pandey,MM Patel,1,0,,,,,,"",""
ball,2,0.4,Royal Challengers Bangalore,MK Pandey,JH Kallis,MM Patel,4,0,,,,,,"",""
ball,2,0.5,Royal Challengers Bangalore,MK Pandey,JH Kallis,MM Patel,2,0,,,,,,"",""
ball,2,0.6,Royal Challengers Bangalore,MK Pandey,JH Kallis,MM Patel,0,0,,,,,,"",""
ball,2,1.1,Royal Challengers Bangalore,JH Kallis,MK Pandey,M Morkel,4,0,,,,,,"",""
ball,2,1.2,Royal Challengers Bangalore,JH Kallis,MK Pandey,M Morkel,4,0,,,,,,"",""
ball,2,1.3,Royal Challengers Bangalore,JH Kallis,MK Pandey,M Morkel,0,1,1,,,,,"",""
ball,2,1.4,Royal Challengers Bangalore,JH Kallis,MK Pandey,M Morkel,0,1,1,,,,,"",""
ball,2,1.5,Royal Challengers Bangalore,JH Kallis,MK Pandey,M Morkel,4,0,,,,,,"",""
ball,2,1.6,Royal Challengers Bangalore,JH Kallis,MK Pandey,M Morkel,0,0,,,,,,"",""
ball,2,1.7,Royal Challengers Bangalore,JH Kallis,MK Pandey,M Morkel,4,0,,,,,,"",""
ball,2,1.8,Royal Challengers Bangalore,JH Kallis,MK Pandey,M Morkel,0,1,1,,,,,"",""
ball,2,1.9,Royal Challengers Bangalore,JH Kallis,MK Pandey,M Morkel,1,0,,,,,,"",""
ball,2,2.1,Royal Challengers Bangalore,JH Kallis,MK Pandey,MM Patel,1,0,,,,,,"",""
ball,2,2.2,Royal Challengers Bangalore,MK Pandey,JH Kallis,MM Patel,1,0,,,,,,"",""
ball,2,2.3,Royal Challengers Bangalore,JH Kallis,MK Pandey,MM Patel,0,0,,,,,,"",""
ball,2,2.4,Royal Challengers Bangalore,JH Kallis,MK Pandey,MM Patel,0,0,,,,,,"",""
ball,2,2.5,Royal Challengers Bangalore,JH Kallis,MK Pandey,MM Patel,1,0,,,,,,"",""
ball,2,2.6,Royal Challengers Bangalore,MK Pandey,JH Kallis,MM Patel,0,0,,,,,,"",""
ball,2,3.1,Royal Challengers Bangalore,JH Kallis,MK Pandey,M Morkel,4,0,,,,,,"",""
ball,2,3.2,Royal Challengers Bangalore,JH Kallis,MK Pandey,M Morkel,0,0,,,,,,"",""
ball,2,3.3,Royal Challengers Bangalore,JH Kallis,MK Pandey,M Morkel,0,0,,,,,,"",""
ball,2,3.4,Royal Challengers Bangalore,JH Kallis,MK Pandey,M Morkel,0,0,,,,,,"",""
ball,2,3.5,Royal Challengers Bangalore,JH Kallis,MK Pandey,M Morkel,0,1,1,,,,,"",""
ball,2,3.6,Royal Challengers Bangalore,JH Kallis,MK Pandey,M Morkel,0,0,,,,,,"",""
ball,2,3.7,Royal Challengers Bangalore,JH Kallis,MK Pandey,M Morkel,4,0,,,,,,"",""
ball,2,4.1,Royal Challengers Bangalore,MK Pandey,JH Kallis,MM Patel,0,0,,,,,,"",""
ball,2,4.2,Royal Challengers Bangalore,MK Pandey,JH Kallis,MM Patel,4,0,,,,,,"",""
ball,2,4.3,Royal Challengers Bangalore,MK Pandey,JH Kallis,MM Patel,0,0,,,,,,"",""
ball,2,4.4,Royal Challengers Bangalore,MK Pandey,JH Kallis,MM Patel,0,0,,,,,,"",""
ball,2,4.5,Royal Challengers Bangalore,MK Pandey,JH Kallis,MM Patel,0,0,,,,,,"",""
ball,2,4.6,Royal Challengers Bangalore,MK Pandey,JH Kallis,MM Patel,4,0,,,,,,"",""
ball,2,5.1,Royal Challengers Bangalore,JH Kallis,MK Pandey,SK Warne,0,0,,,,,,"",""
ball,2,5.2,Royal Challengers Bangalore,JH Kallis,MK Pandey,SK Warne,1,0,,,,,,"",""
ball,2,5.3,Royal Challengers Bangalore,MK Pandey,JH Kallis,SK Warne,1,0,,,,,,"",""
ball,2,5.4,Royal Challengers Bangalore,JH Kallis,MK Pandey,SK Warne,1,0,,,,,,"",""
ball,2,5.5,Royal Challengers Bangalore,MK Pandey,JH Kallis,SK Warne,0,0,,,,,,"",""
ball,2,5.6,Royal Challengers Bangalore,MK Pandey,JH Kallis,SK Warne,4,0,,,,,,"",""
ball,2,6.1,Royal Challengers Bangalore,JH Kallis,MK Pandey,S Narwal,0,0,,,,,,"",""
ball,2,6.2,Royal Challengers Bangalore,JH Kallis,MK Pandey,S Narwal,1,0,,,,,,"",""
ball,2,6.3,Royal Challengers Bangalore,MK Pandey,JH Kallis,S Narwal,0,0,,,,,,"",""
ball,2,6.4,Royal Challengers Bangalore,MK Pandey,JH Kallis,S Narwal,0,0,,,,,,"",""
ball,2,6.5,Royal Challengers Bangalore,MK Pandey,JH Kallis,S Narwal,1,0,,,,,,"",""
ball,2,6.6,Royal Challengers Bangalore,JH Kallis,MK Pandey,S Narwal,1,0,,,,,,"",""
ball,2,7.1,Royal Challengers Bangalore,JH Kallis,MK Pandey,SK Warne,1,0,,,,,,"",""
ball,2,7.2,Royal Challengers Bangalore,MK Pandey,JH Kallis,SK Warne,0,0,,,,,,"",""
ball,2,7.3,Royal Challengers Bangalore,MK Pandey,JH Kallis,SK Warne,0,0,,,,,,"",""
ball,2,7.4,Royal Challengers Bangalore,MK Pandey,JH Kallis,SK Warne,4,0,,,,,,"",""
ball,2,7.5,Royal Challengers Bangalore,MK Pandey,JH Kallis,SK Warne,0,0,,,,,,"",""
ball,2,7.6,Royal Challengers Bangalore,MK Pandey,JH Kallis,SK Warne,0,0,,,,,,"",""
ball,2,8.1,Royal Challengers Bangalore,JH Kallis,MK Pandey,S Narwal,4,0,,,,,,"",""
ball,2,8.2,Royal Challengers Bangalore,JH Kallis,MK Pandey,S Narwal,2,0,,,,,,"",""
ball,2,8.3,Royal Challengers Bangalore,JH Kallis,MK Pandey,S Narwal,0,1,1,,,,,"",""
ball,2,8.4,Royal Challengers Bangalore,JH Kallis,MK Pandey,S Narwal,1,0,,,,,,"",""
ball,2,8.5,Royal Challengers Bangalore,MK Pandey,JH Kallis,S Narwal,0,0,,,,,,"",""
ball,2,8.6,Royal Challengers Bangalore,MK Pandey,JH Kallis,S Narwal,4,0,,,,,,"",""
ball,2,8.7,Royal Challengers Bangalore,MK Pandey,JH Kallis,S Narwal,6,0,,,,,,"",""
ball,2,9.1,Royal Challengers Bangalore,JH Kallis,MK Pandey,M Morkel,1,0,,,,,,"",""
ball,2,9.2,Royal Challengers Bangalore,MK Pandey,JH Kallis,M Morkel,1,0,,,,,,"",""
ball,2,9.3,Royal Challengers Bangalore,JH Kallis,MK Pandey,M Morkel,1,0,,,,,,"",""
ball,2,9.4,Royal Challengers Bangalore,MK Pandey,JH Kallis,M Morkel,0,0,,,,,,"",""
ball,2,9.5,Royal Challengers Bangalore,MK Pandey,JH Kallis,M Morkel,1,0,,,,,,"",""
ball,2,9.6,Royal Challengers Bangalore,JH Kallis,MK Pandey,M Morkel,1,0,,,,,,"",""
ball,2,10.1,Royal Challengers Bangalore,JH Kallis,MK Pandey,S Narwal,0,0,,,,,,"",""
ball,2,10.2,Royal Challengers Bangalore,JH Kallis,MK Pandey,S Narwal,0,0,,,,,,"",""
ball,2,10.3,Royal Challengers Bangalore,JH Kallis,MK Pandey,S Narwal,0,1,1,,,,,"",""
ball,2,10.4,Royal Challengers Bangalore,JH Kallis,MK Pandey,S Narwal,0,0,,,,,,"",""
ball,2,10.5,Royal Challengers Bangalore,JH Kallis,MK Pandey,S Narwal,0,1,1,,,,,"",""
ball,2,10.6,Royal Challengers Bangalore,JH Kallis,MK Pandey,S Narwal,1,0,,,,,,"",""
