version,1.6.0
info,balls_per_over,6
info,team,Royal Challengers Bangalore
info,team,Kolkata Knight Riders
info,gender,male
info,season,2009/10
info,date,2010/04/10
info,event,Indian Premier League
info,match_number,43
info,venue,M Chinnaswamy Stadium
info,city,Bangalore
info,toss_winner,Royal Challengers Bangalore
info,toss_decision,field
info,player_of_match,R Vinay Kumar
info,umpire,K Hariharan
info,umpire,DJ Harper
info,reserve_umpire,KN Ananthapadmanabhan
info,tv_umpire,S Asnani
info,match_referee,J Srinath
info,winner,Royal Challengers Bangalore
info,winner_wickets,7
info,player,Kolkata Knight Riders,SC Ganguly
info,player,Kolkata Knight Riders,CH Gayle
info,player,Kolkata Knight Riders,BB McCullum
info,player,Kolkata Knight Riders,MK Tiwary
info,player,Kolkata Knight Riders,AD Mathews
info,player,Kolkata Knight Riders,WP Saha
info,player,Kolkata Knight Riders,CA Pujara
info,player,Kolkata Knight Riders,AB Agarkar
info,player,Kolkata Knight Riders,AB Dinda
info,player,Kolkata Knight Riders,I Sharma
info,player,Kolkata Knight Riders,BAW Mendis
info,player,Royal Challengers Bangalore,S Sriram
info,player,Royal Challengers Bangalore,JH Kallis
info,player,Royal Challengers Bangalore,R Dravid
info,player,Royal Challengers Bangalore,RV Uthappa
info,player,Royal Challengers Bangalore,LRPL Taylor
info,player,Royal Challengers Bangalore,CL White
info,player,Royal Challengers Bangalore,V Kohli
info,player,Royal Challengers Bangalore,R Vinay Kumar
info,player,Royal Challengers Bangalore,P Kumar
info,player,Royal Challengers Bangalore,A Kumble
info,player,Royal Challengers Bangalore,DW Steyn
info,registry,people,A Kumble,0c2730df
info,registry,people,AB Agarkar,fa463154
info,registry,people,AB Dinda,66b30f71
info,registry,people,AD Mathews,896d78ad
info,registry,people,BAW Mendis,ea0cdc12
info,registry,people,BB McCullum,b8a55852
info,registry,people,CA Pujara,d4f9dbd4
info,registry,people,CH Gayle,db584dad
info,registry,people,CL White,d0513f63
info,registry,people,DJ Harper,0ec08b27
info,registry,people,DW Steyn,8fd1a8f5
info,registry,people,I Sharma,5bb1a1c4
info,registry,people,J Srinath,bad31fac
info,registry,people,JH Kallis,86dc8f2e
info,registry,people,K Hariharan,2386ccff
info,registry,people,KN Ananthapadmanabhan,3144063a
info,registry,people,LRPL Taylor,b61a3e1a
info,registry,people,MK Tiwary,26e5cabf
info,registry,people,P Kumar,e938e1bc
info,registry,people,R Dravid,0184dc35
info,registry,people,R Vinay Kumar,41eb4a4f
info,registry,people,RV Uthappa,1c17e270
info,registry,people,S Asnani,b04524bc
info,registry,people,S Sriram,64a4c383
info,registry,people,SC Ganguly,725529bc
info,registry,people,V Kohli,ba607b88
info,registry,people,WP Saha,fe11caa6
ball,1,0.1,Kolkata Knight Riders,SC Ganguly,CH Gayle,P Kumar,0,0,,,,,,"",""
ball,1,0.2,Kolkata Knight Riders,SC Ganguly,CH Gayle,P Kumar,0,0,,,,,,"",""
ball,1,0.3,Kolkata Knight Riders,SC Ganguly,CH Gayle,P Kumar,0,0,,,,,,"",""
ball,1,0.4,Kolkata Knight Riders,SC Ganguly,CH Gayle,P Kumar,1,0,,,,,,"",""
ball,1,0.5,Kolkata Knight Riders,CH Gayle,SC Ganguly,P Kumar,0,1,1,,,,,"",""
ball,1,0.6,Kolkata Knight Riders,CH Gayle,SC Ganguly,P Kumar,1,0,,,,,,"",""
ball,1,0.7,Kolkata Knight Riders,SC Ganguly,CH Gayle,P Kumar,4,0,,,,,,"",""
ball,1,1.1,Kolkata Knight Riders,CH Gayle,SC Ganguly,DW Steyn,0,0,,,,,,"",""
ball,1,1.2,Kolkata Knight Riders,CH Gayle,SC Ganguly,DW Steyn,0,0,,,,,,"",""
ball,1,1.3,Kolkata Knight Riders,CH Gayle,SC Ganguly,DW Steyn,4,0,,,,,,"",""
ball,1,1.4,Kolkata Knight Riders,CH Gayle,SC Ganguly,DW Steyn,1,0,,,,,,"",""
ball,1,1.5,Kolkata Knight Riders,SC Ganguly,CH Gayle,DW Steyn,0,0,,,,,,"",""
ball,1,1.6,Kolkata Knight Riders,SC Ganguly,CH Gayle,DW Steyn,0,0,,,,,,"",""
ball,1,2.1,Kolkata Knight Riders,CH Gayle,SC Ganguly,P Kumar,0,0,,,,,,"",""
ball,1,2.2,Kolkata Knight Riders,CH Gayle,SC Ganguly,P Kumar,1,0,,,,,,"",""
ball,1,2.3,Kolkata Knight Riders,SC Ganguly,CH Gayle,P Kumar,1,0,,,,,,"",""
ball,1,2.4,Kolkata Knight Riders,CH Gayle,SC Ganguly,P Kumar,1,0,,,,,,"",""
ball,1,2.5,Kolkata Knight Riders,SC Ganguly,CH Gayle,P Kumar,1,0,,,,,,"",""
ball,1,2.6,Kolkata Knight Riders,CH Gayle,SC Ganguly,P Kumar,0,1,1,,,,,"",""
ball,1,2.7,Kolkata Knight Riders,CH Gayle,SC Ganguly,P Kumar,4,0,,,,,,"",""
ball,1,3.1,Kolkata Knight Riders,SC Ganguly,CH Gayle,DW Steyn,0,0,,,,,,"",""
ball,1,3.2,Kolkata Knight Riders,SC Ganguly,CH Gayle,DW Steyn,0,0,,,,,,"",""
ball,1,3.3,Kolkata Knight Riders,SC Ganguly,CH Gayle,DW Steyn,0,0,,,,,,"",""
ball,1,3.4,Kolkata Knight Riders,SC Ganguly,CH Gayle,DW Steyn,1,0,,,,,,"",""
ball,1,3.5,Kolkata Knight Riders,CH Gayle,SC Ganguly,DW Steyn,4,0,,,,,,"",""
ball,1,3.6,Kolkata Knight Riders,CH Gayle,SC Ganguly,DW Steyn,4,0,,,,,,"",""
ball,1,4.1,Kolkata Knight Riders,SC Ganguly,CH Gayle,P Kumar,0,0,,,,,,"",""
ball,1,4.2,Kolkata Knight Riders,SC Ganguly,CH Gayle,P Kumar,6,0,,,,,,"",""
ball,1,4.3,Kolkata Knight Riders,SC Ganguly,CH Gayle,P Kumar,1,0,,,,,,"",""
ball,1,4.4,Kolkata Knight Riders,CH Gayle,SC Ganguly,P Kumar,4,0,,,,,,"",""
ball,1,4.5,Kolkata Knight Riders,CH Gayle,SC Ganguly,P Kumar,6,0,,,,,,"",""
ball,1,4.6,Kolkata Knight Riders,CH Gayle,SC Ganguly,P Kumar,4,0,,,,,,"",""
ball,1,5.1,Kolkata Knight Riders,SC Ganguly,CH Gayle,JH Kallis,1,0,,,,,,"",""
ball,1,5.2,Kolkata Knight Riders,CH Gayle,SC Ganguly,JH Kallis,0,0,,,,,,caught,CH Gayle
ball,1,5.3,Kolkata Knight Riders,BB McCullum,SC Ganguly,JH Kallis,0,1,1,,,,,"",""
ball,1,5.4,Kolkata Knight Riders,BB McCullum,SC Ganguly,JH Kallis,0,0,,,,,,"",""
ball,1,5.5,Kolkata Knight Riders,BB McCullum,SC Ganguly,JH Kallis,1,0,,,,,,"",""
ball,1,5.6,Kolkata Knight Riders,SC Ganguly,BB McCullum,JH Kallis,6,0,,,,,,"",""
ball,1,5.7,Kolkata Knight Riders,SC Ganguly,BB McCullum,JH Kallis,1,0,,,,,,"",""
ball,1,6.1,Kolkata Knight Riders,SC Ganguly,BB McCullum,A Kumble,0,0,,,,,,"",""
ball,1,6.2,Kolkata Knight Riders,SC Ganguly,BB McCullum,A Kumble,0,0,,,,,,"",""
ball,1,6.3,Kolkata Knight Riders,SC Ganguly,BB McCullum,A Kumble,4,0,,,,,,"",""
ball,1,6.4,Kolkata Knight Riders,SC Ganguly,BB McCullum,A Kumble,0,1,,,,1,,"",""
ball,1,6.5,Kolkata Knight Riders,BB McCullum,SC Ganguly,A Kumble,0,5,5,,,,,"",""
ball,1,6.6,Kolkata Knight Riders,BB McCullum,SC Ganguly,A Kumble,0,0,,,,,,"",""
ball,1,6.7,Kolkata Knight Riders,BB McCullum,SC Ganguly,A Kumble,1,0,,,,,,"",""
ball,1,7.1,Kolkata Knight Riders,BB McCullum,SC Ganguly,JH Kallis,0,0,,,,,,"",""
ball,1,7.2,Kolkata Knight Riders,BB McCullum,SC Ganguly,JH Kallis,1,0,,,,,,"",""
ball,1,7.3,Kolkata Knight Riders,SC Ganguly,BB McCullum,JH Kallis,1,0,,,,,,"",""
ball,1,7.4,Kolkata Knight Riders,BB McCullum,SC Ganguly,JH Kallis,1,0,,,,,,"",""
ball,1,7.5,Kolkata Knight Riders,SC Ganguly,BB McCullum,JH Kallis,1,0,,,,,,"",""
ball,1,7.6,Kolkata Knight Riders,BB McCullum,SC Ganguly,JH Kallis,0,0,,,,,,"",""
ball,1,8.1,Kolkata Knight Riders,SC Ganguly,BB McCullum,S Sriram,1,0,,,,,,"",""
ball,1,8.2,Kolkata Knight Riders,BB McCullum,SC Ganguly,S Sriram,1,0,,,,,,"",""
ball,1,8.3,Kolkata Knight Riders,SC Ganguly,BB McCullum,S Sriram,1,0,,,,,,"",""
ball,1,8.4,Kolkata Knight Riders,BB McCullum,SC Ganguly,S Sriram,1,0,,,,,,"",""
ball,1,8.5,Kolkata Knight Riders,SC Ganguly,BB McCullum,S Sriram,1,0,,,,,,"",""
ball,1,8.6,Kolkata Knight Riders,BB McCullum,SC Ganguly,S Sriram,1,0,,,,,,"",""
ball,1,9.1,Kolkata Knight Riders,BB McCullum,SC Ganguly,A Kumble,0,0,,,,,,"",""
ball,1,9.2,Kolkata Knight Riders,BB McCullum,SC Ganguly,A Kumble,0,0,,,,,,"",""
ball,1,9.3,Kolkata Knight Riders,BB McCullum,SC Ganguly,A Kumble,0,0,,,,,,"",""
ball,1,9.4,Kolkata Knight Riders,BB McCullum,SC Ganguly,A Kumble,0,0,,,,,,"",""
ball,1,9.5,Kolkata Knight Riders,BB McCullum,SC Ganguly,A Kumble,1,0,,,,,,"",""
ball,1,9.6,Kolkata Knight Riders,SC Ganguly,BB McCullum,A Kumble,0,0,,,,,,"",""
ball,1,10.1,Kolkata Knight Riders,BB McCullum,SC Ganguly,S Sriram,4,0,,,,,,"",""
ball,1,10.2,Kolkata Knight Riders,BB McCullum,SC Ganguly,S Sriram,6,0,,,,,,"",""
ball,1,10.3,Kolkata Knight Riders,BB McCullum,SC Ganguly,S Sriram,0,0,,,,,,"",""
ball,1,10.4,Kolkata Knight Riders,BB McCullum,SC Ganguly,S Sriram,4,0,,,,,,"",""
ball,1,10.5,Kolkata Knight Riders,BB McCullum,SC Ganguly,S Sriram,4,0,,,,,,"",""
ball,1,10.6,Kolkata Knight Riders,BB McCullum,SC Ganguly,S Sriram,0,0,,,,,,"",""
ball,1,11.1,Kolkata Knight Riders,SC Ganguly,BB McCullum,R Vinay Kumar,1,0,,,,,,"",""
ball,1,11.2,Kolkata Knight Riders,BB McCullum,SC Ganguly,R Vinay Kumar,0,0,,,,,,"",""
ball,1,11.3,Kolkata Knight Riders,BB McCullum,SC Ganguly,R Vinay Kumar,1,0,,,,,,"",""
ball,1,11.4,Kolkata Knight Riders,SC Ganguly,BB McCullum,R Vinay Kumar,0,0,,,,,,"",""
ball,1,11.5,Kolkata Knight Riders,SC Ganguly,BB McCullum,R Vinay Kumar,0,0,,,,,,caught,SC Ganguly
ball,1,11.6,Kolkata Knight Riders,BB McCullum,MK Tiwary,R Vinay Kumar,0,0,,,,,,"",""
ball,1,12.1,Kolkata Knight Riders,MK Tiwary,BB McCullum,JH Kallis,0,0,,,,,,"",""
ball,1,12.2,Kolkata Knight Riders,MK Tiwary,BB McCullum,JH Kallis,0,0,,,,,,caught,MK Tiwary
ball,1,12.3,Kolkata Knight Riders,BB McCullum,AD Mathews,JH Kallis,1,0,,,,,,"",""
ball,1,12.4,Kolkata Knight Riders,AD Mathews,BB McCullum,JH Kallis,1,0,,,,,,"",""
ball,1,12.5,Kolkata Knight Riders,BB McCullum,AD Mathews,JH Kallis,0,0,,,,,,"",""
ball,1,12.6,Kolkata Knight Riders,BB McCullum,AD Mathews,JH Kallis,0,0,,,,,,"",""
ball,1,13.1,Kolkata Knight Riders,AD Mathews,BB McCullum,R Vinay Kumar,0,0,,,,,,caught,AD Mathews
ball,1,13.2,Kolkata Knight Riders,BB McCullum,WP Saha,R Vinay Kumar,0,0,,,,,,"",""
ball,1,13.3,Kolkata Knight Riders,BB McCullum,WP Saha,R Vinay Kumar,4,0,,,,,,"",""
ball,1,13.4,Kolkata Knight Riders,BB McCullum,WP Saha,R Vinay Kumar,6,0,,,,,,"",""
ball,1,13.5,Kolkata Knight Riders,BB McCullum,WP Saha,R Vinay Kumar,4,0,,,,,,"",""
ball,1,13.6,Kolkata Knight Riders,BB McCullum,WP Saha,R Vinay Kumar,2,0,,,,,,"",""
ball,1,14.1,Kolkata Knight Riders,WP Saha,BB McCullum,A Kumble,1,0,,,,,,"",""
ball,1,14.2,Kolkata Knight Riders,BB McCullum,WP Saha,A Kumble,1,0,,,,,,"",""
ball,1,14.3,Kolkata Knight Riders,WP Saha,BB McCullum,A Kumble,0,0,,,,,,"",""
ball,1,14.4,Kolkata Knight Riders,WP Saha,BB McCullum,A Kumble,0,0,,,,,,"",""
ball,1,14.5,Kolkata Knight Riders,WP Saha,BB McCullum,A Kumble,1,0,,,,,,"",""
ball,1,14.6,Kolkata Knight Riders,BB McCullum,WP Saha,A Kumble,0,0,,,,,,"",""
ball,1,15.1,Kolkata Knight Riders,WP Saha,BB McCullum,DW Steyn,0,0,,,,,,"",""
ball,1,15.2,Kolkata Knight Riders,WP Saha,BB McCullum,DW Steyn,2,0,,,,,,"",""
ball,1,15.3,Kolkata Knight Riders,WP Saha,BB McCullum,DW Steyn,0,0,,,,,,"",""
ball,1,15.4,Kolkata Knight Riders,WP Saha,BB McCullum,DW Steyn,0,0,,,,,,"",""
ball,1,15.5,Kolkata Knight Riders,WP Saha,BB McCullum,DW Steyn,6,0,,,,,,"",""
ball,1,15.6,Kolkata Knight Riders,WP Saha,BB McCullum,DW Steyn,1,0,,,,,,"",""
ball,1,16.1,Kolkata Knight Riders,WP Saha,BB McCullum,A Kumble,0,0,,,,,,"",""
ball,1,16.2,Kolkata Knight Riders,WP Saha,BB McCullum,A Kumble,1,0,,,,,,"",""
ball,1,16.3,Kolkata Knight Riders,BB McCullum,WP Saha,A Kumble,0,0,,,,,,caught,BB McCullum
ball,1,16.4,Kolkata Knight Riders,WP Saha,CA Pujara,A Kumble,1,0,,,,,,"",""
ball,1,16.5,Kolkata Knight Riders,CA Pujara,WP Saha,A Kumble,1,0,,,,,,"",""
ball,1,16.6,Kolkata Knight Riders,WP Saha,CA Pujara,A Kumble,0,0,,,,,,"",""
ball,1,17.1,Kolkata Knight Riders,CA Pujara,WP Saha,DW Steyn,0,0,,,,,,"",""
ball,1,17.2,Kolkata Knight Riders,CA Pujara,WP Saha,DW Steyn,1,0,,,,,,"",""
ball,1,17.3,Kolkata Knight Riders,WP Saha,CA Pujara,DW Steyn,0,0,,,,,,caught,WP Saha
ball,1,17.4,Kolkata Knight Riders,CA Pujara,AB Agarkar,DW Steyn,0,1,1,,,,,"",""
ball,1,17.5,Kolkata Knight Riders,CA Pujara,AB Agarkar,DW Steyn,1,0,,,,,,"",""
ball,1,17.6,Kolkata Knight Riders,AB Agarkar,CA Pujara,DW Steyn,0,0,,,,,,"",""
ball,1,17.7,Kolkata Knight Riders,AB Agarkar,CA Pujara,DW Steyn,1,0,,,,,,"",""
ball,1,18.1,Kolkata Knight Riders,AB Agarkar,CA Pujara,JH Kallis,1,0,,,,,,"",""
ball,1,18.2,Kolkata Knight Riders,CA Pujara,AB Agarkar,JH Kallis,1,0,,,,,,"",""
ball,1,18.3,Kolkata Knight Riders,AB Agarkar,CA Pujara,JH Kallis,1,0,,,,,,"",""
ball,1,18.4,Kolkata Knight Riders,CA Pujara,AB Agarkar,JH Kallis,6,0,,,,,,"",""
ball,1,18.5,Kolkata Knight Riders,CA Pujara,AB Agarkar,JH Kallis,6,0,,,,,,"",""
ball,1,18.6,Kolkata Knight Riders,CA Pujara,AB Agarkar,JH Kallis,0,0,,,,,,run out,CA Pujara
ball,1,19.1,Kolkata Knight Riders,AB Dinda,AB Agarkar,R Vinay Kumar,0,0,,,,,,run out,AB Dinda
ball,1,19.2,Kolkata Knight Riders,I Sharma,AB Agarkar,R Vinay Kumar,0,0,,,,,,"",""
ball,1,19.3,Kolkata Knight Riders,I Sharma,AB Agarkar,R Vinay Kumar,0,0,,,,,,caught,I Sharma
ball,1,19.4,Kolkata Knight Riders,BAW Mendis,AB Agarkar,R Vinay Kumar,1,0,,,,,,"",""
ball,1,19.5,Kolkata Knight Riders,AB Agarkar,BAW Mendis,R Vinay Kumar,0,1,1,,,,,"",""
ball,1,19.6,Kolkata Knight Riders,AB Agarkar,BAW Mendis,R Vinay Kumar,2,0,,,,,,"",""
ball,1,19.7,Kolkata Knight Riders,AB Agarkar,BAW Mendis,R Vinay Kumar,1,0,,,,,,"",""
ball,2,0.1,Royal Challengers Bangalore,S Sriram,JH Kallis,AB Dinda,1,0,,,,,,"",""
ball,2,0.2,Royal Challengers Bangalore,JH Kallis,S Sriram,AB Dinda,0,0,,,,,,"",""
ball,2,0.3,Royal Challengers Bangalore,JH Kallis,S Sriram,AB Dinda,0,0,,,,,,"",""
ball,2,0.4,Royal Challengers Bangalore,JH Kallis,S Sriram,AB Dinda,0,0,,,,,,"",""
ball,2,0.5,Royal Challengers Bangalore,JH Kallis,S Sriram,AB Dinda,2,0,,,,,,"",""
ball,2,0.6,Royal Challengers Bangalore,JH Kallis,S Sriram,AB Dinda,1,0,,,,,,"",""
ball,2,1.1,Royal Challengers Bangalore,JH Kallis,S Sriram,I Sharma,1,0,,,,,,"",""
ball,2,1.2,Royal Challengers Bangalore,S Sriram,JH Kallis,I Sharma,0,0,,,,,,"",""
ball,2,1.3,Royal Challengers Bangalore,S Sriram,JH Kallis,I Sharma,0,0,,,,,,"",""
ball,2,1.4,Royal Challengers Bangalore,S Sriram,JH Kallis,I Sharma,1,0,,,,,,"",""
ball,2,1.5,Royal Challengers Bangalore,JH Kallis,S Sriram,I Sharma,0,0,,,,,,"",""
ball,2,1.6,Royal Challengers Bangalore,JH Kallis,S Sriram,I Sharma,1,0,,,,,,"",""
ball,2,2.1,Royal Challengers Bangalore,JH Kallis,S Sriram,AB Dinda,1,0,,,,,,"",""
ball,2,2.2,Royal Challengers Bangalore,S Sriram,JH Kallis,AB Dinda,0,0,,,,,,"",""
ball,2,2.3,Royal Challengers Bangalore,S Sriram,JH Kallis,AB Dinda,1,0,,,,,,"",""
ball,2,2.4,Royal Challengers Bangalore,JH Kallis,S Sriram,AB Dinda,2,0,,,,,,"",""
ball,2,2.5,Royal Challengers Bangalore,JH Kallis,S Sriram,AB Dinda,0,0,,,,,,caught,JH Kallis
ball,2,2.6,Royal Challengers Bangalore,R Dravid,S Sriram,AB Dinda,0,0,,,,,,"",""
ball,2,3.1,Royal Challengers Bangalore,S Sriram,R Dravid,I Sharma,0,0,,,,,,"",""
ball,2,3.2,Royal Challengers Bangalore,S Sriram,R Dravid,I Sharma,0,2,2,,,,,"",""
ball,2,3.3,Royal Challengers Bangalore,R Dravid,S Sriram,I Sharma,2,0,,,,,,"",""
ball,2,3.4,Royal Challengers Bangalore,R Dravid,S Sriram,I Sharma,1,0,,,,,,"",""
ball,2,3.5,Royal Challengers Bangalore,S Sriram,R Dravid,I Sharma,1,0,,,,,,"",""
ball,2,3.6,Royal Challengers Bangalore,R Dravid,S Sriram,I Sharma,1,0,,,,,,"",""
ball,2,3.7,Royal Challengers Bangalore,S Sriram,R Dravid,I Sharma,4,0,,,,,,"",""
ball,2,4.1,Royal Challengers Bangalore,R Dravid,S Sriram,AB Agarkar,0,0,,,,,,"",""
ball,2,4.2,Royal Challengers Bangalore,R Dravid,S Sriram,AB Agarkar,1,0,,,,,,"",""
ball,2,4.3,Royal Challengers Bangalore,S Sriram,R Dravid,AB Agarkar,4,0,,,,,,"",""
ball,2,4.4,Royal Challengers Bangalore,S Sriram,R Dravid,AB Agarkar,1,0,,,,,,"",""
ball,2,4.5,Royal Challengers Bangalore,R Dravid,S Sriram,AB Agarkar,4,0,,,,,,"",""
ball,2,4.6,Royal Challengers Bangalore,R Dravid,S Sriram,AB Agarkar,0,1,,,,1,,"",""
ball,2,5.1,Royal Challengers Bangalore,R Dravid,S Sriram,I Sharma,4,0,,,,,,"",""
ball,2,5.2,Royal Challengers Bangalore,R Dravid,S Sriram,I Sharma,0,0,,,,,,"",""
ball,2,5.3,Royal Challengers Bangalore,R Dravid,S Sriram,I Sharma,4,0,,,,,,"",""
ball,2,5.4,Royal Challengers Bangalore,R Dravid,S Sriram,I Sharma,2,0,,,,,,"",""
ball,2,5.5,Royal Challengers Bangalore,R Dravid,S Sriram,I Sharma,4,0,,,,,,"",""
ball,2,5.6,Royal Challengers Bangalore,R Dravid,S Sriram,I Sharma,1,0,,,,,,"",""
ball,2,6.1,Royal Challengers Bangalore,R Dravid,S Sriram,AB Agarkar,0,0,,,,,,"",""
ball,2,6.2,Royal Challengers Bangalore,R Dravid,S Sriram,AB Agarkar,0,0,,,,,,"",""
ball,2,6.3,Royal Challengers Bangalore,R Dravid,S Sriram,AB Agarkar,0,0,,,,,,"",""
ball,2,6.4,Royal Challengers Bangalore,R Dravid,S Sriram,AB Agarkar,1,0,,,,,,"",""
ball,2,6.5,Royal Challengers Bangalore,S Sriram,R Dravid,AB Agarkar,1,0,,,,,,"",""
ball,2,6.6,Royal Challengers Bangalore,R Dravid,S Sriram,AB Agarkar,1,0,,,,,,"",""
ball,2,7.1,Royal Challengers Bangalore,R Dravid,S Sriram,AD Mathews,2,0,,,,,,"",""
ball,2,7.2,Royal Challengers Bangalore,R Dravid,S Sriram,AD Mathews,4,0,,,,,,"",""
ball,2,7.3,Royal Challengers Bangalore,R Dravid,S Sriram,AD Mathews,1,0,,,,,,"",""
ball,2,7.4,Royal Challengers Bangalore,S Sriram,R Dravid,AD Mathews,1,0,,,,,,"",""
ball,2,7.5,Royal Challengers Bangalore,R Dravid,S Sriram,AD Mathews,1,0,,,,,,"",""
ball,2,7.6,Royal Challengers Bangalore,S Sriram,R Dravid,AD Mathews,1,0,,,,,,"",""
ball,2,8.1,Royal Challengers Bangalore,S Sriram,R Dravid,BAW Mendis,0,0,,,,,,"",""
ball,2,8.2,Royal Challengers Bangalore,S Sriram,R Dravid,BAW Mendis,1,0,,,,,,"",""
ball,2,8.3,Royal Challengers Bangalore,R Dravid,S Sriram,BAW Mendis,1,0,,,,,,"",""
ball,2,8.4,Royal Challengers Bangalore,S Sriram,R Dravid,BAW Mendis,0,5,5,,,,,"",""
ball,2,8.5,Royal Challengers Bangalore,S Sriram,R Dravid,BAW Mendis,0,0,,,,,,"",""
ball,2,8.6,Royal Challengers Bangalore,S Sriram,R Dravid,BAW Mendis,0,0,,,,,,"",""
ball,2,8.7,Royal Challengers Bangalore,S Sriram,R Dravid,BAW Mendis,0,1,,,,1,,"",""
ball,2,9.1,Royal Challengers Bangalore,S Sriram,R Dravid,AD Mathews,1,0,,,,,,"",""
ball,2,9.2,Royal Challengers Bangalore,R Dravid,S Sriram,AD Mathews,0,0,,,,,,"",""
ball,2,9.3,Royal Challengers Bangalore,R Dravid,S Sriram,AD Mathews,0,1,,,,1,,"",""
ball,2,9.4,Royal Challengers Bangalore,S Sriram,R Dravid,AD Mathews,4,0,,,,,,"",""
ball,2,9.5,Royal Challengers Bangalore,S Sriram,R Dravid,AD Mathews,0,0,,,,,,"",""
ball,2,9.6,Royal Challengers Bangalore,S Sriram,R Dravid,AD Mathews,1,0,,,,,,"",""
ball,2,10.1,Royal Challengers Bangalore,S Sriram,R Dravid,BAW Mendis,2,0,,,,,,"",""
ball,2,10.2,Royal Challengers Bangalore,S Sriram,R Dravid,BAW Mendis,1,0,,,,,,"",""
ball,2,10.3,Royal Challengers Bangalore,R Dravid,S Sriram,BAW Mendis,0,0,,,,,,"",""
ball,2,10.4,Royal Challengers Bangalore,R Dravid,S Sriram,BAW Mendis,1,0,,,,,,"",""
ball,2,10.5,Royal Challengers Bangalore,S Sriram,R Dravid,BAW Mendis,1,0,,,,,,"",""
ball,2,10.6,Royal Challengers Bangalore,R Dravid,S Sriram,BAW Mendis,1,0,,,,,,"",""
ball,2,11.1,Royal Challengers Bangalore,R Dravid,S Sriram,AB Dinda,1,0,,,,,,"",""
ball,2,11.2,Royal Challengers Bangalore,S Sriram,R Dravid,AB Dinda,0,0,,,,,,"",""
ball,2,11.3,Royal Challengers Bangalore,S Sriram,R Dravid,AB Dinda,0,0,,,,,,"",""
ball,2,11.4,Royal Challengers Bangalore,S Sriram,R Dravid,AB Dinda,0,0,,,,,,bowled,S Sriram
ball,2,11.5,Royal Challengers Bangalore,RV Uthappa,R Dravid,AB Dinda,0,0,,,,,,"",""
ball,2,11.6,Royal Challengers Bangalore,RV Uthappa,R Dravid,AB Dinda,2,0,,,,,,"",""
ball,2,12.1,Royal Challengers Bangalore,R Dravid,RV Uthappa,AB Agarkar,1,0,,,,,,"",""
ball,2,12.2,Royal Challengers Bangalore,RV Uthappa,R Dravid,AB Agarkar,1,0,,,,,,"",""
ball,2,12.3,Royal Challengers Bangalore,R Dravid,RV Uthappa,AB Agarkar,6,0,,,,,,"",""
ball,2,12.4,Royal Challengers Bangalore,R Dravid,RV Uthappa,AB Agarkar,6,0,,,,,,"",""
ball,2,12.5,Royal Challengers Bangalore,R Dravid,RV Uthappa,AB Agarkar,1,0,,,,,,"",""
ball,2,12.6,Royal Challengers Bangalore,RV Uthappa,R Dravid,AB Agarkar,1,0,,,,,,"",""
ball,2,13.1,Royal Challengers Bangalore,RV Uthappa,R Dravid,AD Mathews,1,0,,,,,,"",""
ball,2,13.2,Royal Challengers Bangalore,R Dravid,RV Uthappa,AD Mathews,0,0,,,,,,caught,R Dravid
ball,2,13.3,Royal Challengers Bangalore,RV Uthappa,LRPL Taylor,AD Mathews,0,0,,,,,,"",""
ball,2,13.4,Royal Challengers Bangalore,RV Uthappa,LRPL Taylor,AD Mathews,1,0,,,,,,"",""
ball,2,13.5,Royal Challengers Bangalore,LRPL Taylor,RV Uthappa,AD Mathews,1,0,,,,,,"",""
ball,2,13.6,Royal Challengers Bangalore,RV Uthappa,LRPL Taylor,AD Mathews,6,0,,,,,,"",""
ball,2,14.1,Royal Challengers Bangalore,LRPL Taylor,RV Uthappa,BAW Mendis,1,0,,,,,,"",""
ball,2,14.2,Royal Challengers Bangalore,RV Uthappa,LRPL Taylor,BAW Mendis,0,0,,,,,,"",""
ball,2,14.3,Royal Challengers Bangalore,RV Uthappa,LRPL Taylor,BAW Mendis,1,0,,,,,,"",""
ball,2,14.4,Royal Challengers Bangalore,LRPL Taylor,RV Uthappa,BAW Mendis,1,0,,,,,,"",""
ball,2,14.5,Royal Challengers Bangalore,RV Uthappa,LRPL Taylor,BAW Mendis,6,0,,,,,,"",""
ball,2,14.6,Royal Challengers Bangalore,RV Uthappa,LRPL Taylor,BAW Mendis,1,0,,,,,,"",""
ball,2,15.1,Royal Challengers Bangalore,RV Uthappa,LRPL Taylor,I Sharma,6,0,,,,,,"",""
ball,2,15.2,Royal Challengers Bangalore,RV Uthappa,LRPL Taylor,I Sharma,4,0,,,,,,"",""
ball,2,15.3,Royal Challengers Bangalore,RV Uthappa,LRPL Taylor,I Sharma,4,0,,,,,,"",""
ball,2,15.4,Royal Challengers Bangalore,RV Uthappa,LRPL Taylor,I Sharma,2,0,,,,,,"",""
ball,2,15.5,Royal Challengers Bangalore,RV Uthappa,LRPL Taylor,I Sharma,0,1,1,,,,,"",""
ball,2,15.6,Royal Challengers Bangalore,RV Uthappa,LRPL Taylor,I Sharma,0,0,,,,,,"",""
ball,2,15.7,Royal Challengers Bangalore,RV Uthappa,LRPL Taylor,I Sharma,0,0,,,,,,"",""
ball,2,16.1,Royal Challengers Bangalore,LRPL Taylor,RV Uthappa,BAW Mendis,6,0,,,,,,"",""
ball,2,16.2,Royal Challengers Bangalore,LRPL Taylor,RV Uthappa,BAW Mendis,1,0,,,,,,"",""
ball,2,16.3,Royal Challengers Bangalore,RV Uthappa,LRPL Taylor,BAW Mendis,4,0,,,,,,"",""
ball,2,16.4,Royal Challengers Bangalore,RV Uthappa,LRPL Taylor,BAW Mendis,0,0,,,,,,"",""
ball,2,16.5,Royal Challengers Bangalore,RV Uthappa,LRPL Taylor,BAW Mendis,4,0,,,,,,"",""
ball,2,16.6,Royal Challengers Bangalore,RV Uthappa,LRPL Taylor,BAW Mendis,6,0,,,,,,"",""
ball,2,17.1,Royal Challengers Bangalore,LRPL Taylor,RV Uthappa,AB Dinda,4,0,,,,,,"",""
