version,1.6.0
info,balls_per_over,6
info,team,Rajasthan Royals
info,team,Deccan Chargers
info,gender,male
info,season,2009/10
info,date,2010/03/26
info,event,Indian Premier League
info,match_number,22
info,venue,"Sardar Patel Stadium, Motera"
info,city,Ahmedabad
info,toss_winner,Deccan Chargers
info,toss_decision,bat
info,player_of_match,YK Pathan
info,umpire,HDPK Dharmasena
info,umpire,SJA Taufel
info,reserve_umpire,S Dua
info,tv_umpire,SS Hazare
info,match_referee,RS Mahanama
info,winner,Rajasthan Royals
info,winner_wickets,8
info,player,Deccan Chargers,AC Gilchrist
info,player,Deccan Chargers,VVS Laxman
info,player,Deccan Chargers,HH Gibbs
info,player,Deccan Chargers,A Symonds
info,player,Deccan Chargers,RG Sharma
info,player,Deccan Chargers,TL Suman
info,player,Deccan Chargers,Y Venugopal Rao
info,player,Deccan Chargers,WPUJC Vaas
info,player,Deccan Chargers,R Sharma
info,player,Deccan Chargers,RP Singh
info,player,Deccan Chargers,PP Ojha
info,player,Rajasthan Royals,MJ Lumb
info,player,Rajasthan Royals,NV Ojha
info,player,Rajasthan Royals,YK Pathan
info,player,Rajasthan Royals,FY Fazal
info,player,Rajasthan Royals,AC Voges
info,player,Rajasthan Royals,AA Jhunjhunwala
info,player,Rajasthan Royals,P Dogra
info,player,Rajasthan Royals,SK Warne
info,player,Rajasthan Royals,S Narwal
info,player,Rajasthan Royals,SK Trivedi
info,player,Rajasthan Royals,SW Tait
info,registry,people,A Symonds,bd77eb62
info,registry,people,AA Jhunjhunwala,2815fe50
info,registry,people,AC Gilchrist,2b6e6dec
info,registry,people,AC Voges,864c199e
info,registry,people,FY Fazal,c15e2193
info,registry,people,HDPK Dharmasena,323e4c16
info,registry,people,HH Gibbs,e1d1b294
info,registry,people,MJ Lumb,11df3dc8
info,registry,people,NV Ojha,890946a0
info,registry,people,P Dogra,2728e7e9
info,registry,people,PP Ojha,6c6591ab
info,registry,people,R Sharma,5d9a1a73
info,registry,people,RG Sharma,740742ef
info,registry,people,RP Singh,c3d1402f
info,registry,people,RS Mahanama,57910393
info,registry,people,S Dua,f1375866
info,registry,people,S Narwal,287686fd
info,registry,people,SJA Taufel,4b43d5ac
info,registry,people,SK Trivedi,3d7e087f
info,registry,people,SK Warne,bb18be76
info,registry,people,SS Hazare,166e5081
info,registry,people,SW Tait,addfb70e
info,registry,people,TL Suman,aaa1b522
info,registry,people,VVS Laxman,de8cce37
info,registry,people,WPUJC Vaas,bcce309e
info,registry,people,Y Venugopal Rao,fe763256
info,registry,people,YK Pathan,3c6ffae8
ball,1,0.1,Deccan Chargers,AC Gilchrist,VVS Laxman,S Narwal,1,0,,,,,,"",""
ball,1,0.2,Deccan Chargers,VVS Laxman,AC Gilchrist,S Narwal,1,0,,,,,,"",""
ball,1,0.3,Deccan Chargers,AC Gilchrist,VVS Laxman,S Narwal,0,0,,,,,,"",""
ball,1,0.4,Deccan Chargers,AC Gilchrist,VVS Laxman,S Narwal,0,0,,,,,,caught,AC Gilchrist
ball,1,0.5,Deccan Chargers,VVS Laxman,HH Gibbs,S Narwal,0,0,,,,,,"",""
ball,1,0.6,Deccan Chargers,VVS Laxman,HH Gibbs,S Narwal,0,0,,,,,,"",""
ball,1,1.1,Deccan Chargers,HH Gibbs,VVS Laxman,AA Jhunjhunwala,0,1,1,,,,,"",""
ball,1,1.2,Deccan Chargers,HH Gibbs,VVS Laxman,AA Jhunjhunwala,1,0,,,,,,"",""
ball,1,1.3,Deccan Chargers,VVS Laxman,HH Gibbs,AA Jhunjhunwala,1,0,,,,,,"",""
ball,1,1.4,Deccan Chargers,HH Gibbs,VVS Laxman,AA Jhunjhunwala,0,0,,,,,,"",""
ball,1,1.5,Deccan Chargers,HH Gibbs,VVS Laxman,AA Jhunjhunwala,6,0,,,,,,"",""
ball,1,1.6,Deccan Chargers,HH Gibbs,VVS Laxman,AA Jhunjhunwala,0,1,1,,,,,"",""
ball,1,1.7,Deccan Chargers,HH Gibbs,VVS Laxman,AA Jhunjhunwala,0,0,,,,,,"",""
ball,1,1.8,Deccan Chargers,HH Gibbs,VVS Laxman,AA Jhunjhunwala,6,0,,,,,,"",""
ball,1,2.1,Deccan Chargers,VVS Laxman,HH Gibbs,S Narwal,1,0,,,,,,"",""
ball,1,2.2,Deccan Chargers,HH Gibbs,VVS Laxman,S Narwal,2,0,,,,,,"",""
ball,1,2.3,Deccan Chargers,HH Gibbs,VVS Laxman,S Narwal,1,0,,,,,,"",""
ball,1,2.4,Deccan Chargers,VVS Laxman,HH Gibbs,S Narwal,0,1,,,,1,,"",""
ball,1,2.5,Deccan Chargers,HH Gibbs,VVS Laxman,S Narwal,0,0,,,,,,"",""
ball,1,2.6,Deccan Chargers,HH Gibbs,VVS Laxman,S Narwal,0,0,,,,,,"",""
ball,1,3.1,Deccan Chargers,VVS Laxman,HH Gibbs,SK Trivedi,0,0,,,,,,"",""
ball,1,3.2,Deccan Chargers,VVS Laxman,HH Gibbs,SK Trivedi,1,0,,,,,,"",""
ball,1,3.3,Deccan Chargers,HH Gibbs,VVS Laxman,SK Trivedi,4,0,,,,,,"",""
ball,1,3.4,Deccan Chargers,HH Gibbs,VVS Laxman,SK Trivedi,1,0,,,,,,"",""
ball,1,3.5,Deccan Chargers,VVS Laxman,HH Gibbs,SK Trivedi,4,0,,,,,,"",""
ball,1,3.6,Deccan Chargers,VVS Laxman,HH Gibbs,SK Trivedi,1,0,,,,,,"",""
ball,1,4.1,Deccan Chargers,VVS Laxman,HH Gibbs,SW Tait,1,0,,,,,,"",""
ball,1,4.2,Deccan Chargers,HH Gibbs,VVS Laxman,SW Tait,4,0,,,,,,"",""
ball,1,4.3,Deccan Chargers,HH Gibbs,VVS Laxman,SW Tait,0,1,,,,1,,"",""
ball,1,4.4,Deccan Chargers,VVS Laxman,HH Gibbs,SW Tait,0,0,,,,,,caught,VVS Laxman
ball,1,4.5,Deccan Chargers,A Symonds,HH Gibbs,SW Tait,0,1,1,,,,,"",""
ball,1,4.6,Deccan Chargers,A Symonds,HH Gibbs,SW Tait,0,0,,,,,,"",""
ball,1,4.7,Deccan Chargers,A Symonds,HH Gibbs,SW Tait,1,0,,,,,,"",""
ball,1,5.1,Deccan Chargers,A Symonds,HH Gibbs,S Narwal,4,0,,,,,,"",""
ball,1,5.2,Deccan Chargers,A Symonds,HH Gibbs,S Narwal,4,0,,,,,,"",""
ball,1,5.3,Deccan Chargers,A Symonds,HH Gibbs,S Narwal,0,0,,,,,,"",""
ball,1,5.4,Deccan Chargers,A Symonds,HH Gibbs,S Narwal,0,0,,,,,,"",""
ball,1,5.5,Deccan Chargers,A Symonds,HH Gibbs,S Narwal,4,0,,,,,,"",""
ball,1,5.6,Deccan Chargers,A Symonds,HH Gibbs,S Narwal,1,0,,,,,,"",""
ball,1,6.1,Deccan Chargers,A Symonds,HH Gibbs,SK Warne,0,0,,,,,,"",""
ball,1,6.2,Deccan Chargers,A Symonds,HH Gibbs,SK Warne,2,0,,,,,,"",""
ball,1,6.3,Deccan Chargers,A Symonds,HH Gibbs,SK Warne,1,0,,,,,,"",""
ball,1,6.4,Deccan Chargers,HH Gibbs,A Symonds,SK Warne,0,0,,,,,,stumped,HH Gibbs
ball,1,6.5,Deccan Chargers,RG Sharma,A Symonds,SK Warne,1,0,,,,,,"",""
ball,1,6.6,Deccan Chargers,A Symonds,RG Sharma,SK Warne,1,0,,,,,,"",""
ball,1,7.1,Deccan Chargers,A Symonds,RG Sharma,SK Trivedi,1,0,,,,,,"",""
ball,1,7.2,Deccan Chargers,RG Sharma,A Symonds,SK Trivedi,4,0,,,,,,"",""
ball,1,7.3,Deccan Chargers,RG Sharma,A Symonds,SK Trivedi,1,0,,,,,,"",""
ball,1,7.4,Deccan Chargers,A Symonds,RG Sharma,SK Trivedi,3,0,,,,,,"",""
ball,1,7.5,Deccan Chargers,RG Sharma,A Symonds,SK Trivedi,0,0,,,,,,"",""
ball,1,7.6,Deccan Chargers,RG Sharma,A Symonds,SK Trivedi,1,0,,,,,,"",""
ball,1,8.1,Deccan Chargers,RG Sharma,A Symonds,SK Warne,1,0,,,,,,run out,A Symonds
ball,1,8.2,Deccan Chargers,RG Sharma,TL Suman,SK Warne,0,0,,,,,,"",""
ball,1,8.3,Deccan Chargers,RG Sharma,TL Suman,SK Warne,1,0,,,,,,"",""
ball,1,8.4,Deccan Chargers,TL Suman,RG Sharma,SK Warne,0,0,,,,,,"",""
ball,1,8.5,Deccan Chargers,TL Suman,RG Sharma,SK Warne,0,0,,,,,,"",""
ball,1,8.6,Deccan Chargers,TL Suman,RG Sharma,SK Warne,0,0,,,,,,"",""
ball,1,9.1,Deccan Chargers,RG Sharma,TL Suman,YK Pathan,1,0,,,,,,"",""
ball,1,9.2,Deccan Chargers,TL Suman,RG Sharma,YK Pathan,0,1,1,,,,,"",""
ball,1,9.3,Deccan Chargers,TL Suman,RG Sharma,YK Pathan,1,0,,,,,,"",""
ball,1,9.4,Deccan Chargers,RG Sharma,TL Suman,YK Pathan,1,0,,,,,,"",""
ball,1,9.5,Deccan Chargers,TL Suman,RG Sharma,YK Pathan,1,0,,,,,,"",""
ball,1,9.6,Deccan Chargers,RG Sharma,TL Suman,YK Pathan,1,0,,,,,,"",""
ball,1,9.7,Deccan Chargers,TL Suman,RG Sharma,YK Pathan,1,0,,,,,,"",""
ball,1,10.1,Deccan Chargers,TL Suman,RG Sharma,SK Warne,0,0,,,,,,"",""
ball,1,10.2,Deccan Chargers,TL Suman,RG Sharma,SK Warne,1,0,,,,,,"",""
ball,1,10.3,Deccan Chargers,RG Sharma,TL Suman,SK Warne,1,0,,,,,,"",""
ball,1,10.4,Deccan Chargers,TL Suman,RG Sharma,SK Warne,2,0,,,,,,"",""
ball,1,10.5,Deccan Chargers,TL Suman,RG Sharma,SK Warne,0,0,,,,,,"",""
ball,1,10.6,Deccan Chargers,TL Suman,RG Sharma,SK Warne,1,0,,,,,,"",""
ball,1,11.1,Deccan Chargers,TL Suman,RG Sharma,SK Trivedi,1,0,,,,,,"",""
ball,1,11.2,Deccan Chargers,RG Sharma,TL Suman,SK Trivedi,1,0,,,,,,"",""
ball,1,11.3,Deccan Chargers,TL Suman,RG Sharma,SK Trivedi,1,0,,,,,,"",""
ball,1,11.4,Deccan Chargers,RG Sharma,TL Suman,SK Trivedi,6,0,,,,,,"",""
ball,1,11.5,Deccan Chargers,RG Sharma,TL Suman,SK Trivedi,4,0,,,,,,"",""
ball,1,11.6,Deccan Chargers,RG Sharma,TL Suman,SK Trivedi,1,0,,,,,,"",""
ball,1,12.1,Deccan Chargers,RG Sharma,TL Suman,SW Tait,1,0,,,,,,"",""
ball,1,12.2,Deccan Chargers,TL Suman,RG Sharma,SW Tait,0,0,,,,,,"",""
ball,1,12.3,Deccan Chargers,TL Suman,RG Sharma,SW Tait,0,0,,,,,,bowled,TL Suman
ball,1,12.4,Deccan Chargers,Y Venugopal Rao,RG Sharma,SW Tait,0,1,1,,,,,"",""
ball,1,12.5,Deccan Chargers,Y Venugopal Rao,RG Sharma,SW Tait,0,0,,,,,,"",""
ball,1,12.6,Deccan Chargers,Y Venugopal Rao,RG Sharma,SW Tait,0,0,,,,,,"",""
ball,1,12.7,Deccan Chargers,Y Venugopal Rao,RG Sharma,SW Tait,1,0,,,,,,"",""
ball,1,13.1,Deccan Chargers,Y Venugopal Rao,RG Sharma,AC Voges,1,0,,,,,,"",""
ball,1,13.2,Deccan Chargers,RG Sharma,Y Venugopal Rao,AC Voges,1,0,,,,,,"",""
ball,1,13.3,Deccan Chargers,Y Venugopal Rao,RG Sharma,AC Voges,0,0,,,,,,run out,Y Venugopal Rao
ball,1,13.4,Deccan Chargers,RG Sharma,WPUJC Vaas,AC Voges,1,0,,,,,,"",""
ball,1,13.5,Deccan Chargers,WPUJC Vaas,RG Sharma,AC Voges,0,0,,,,,,"",""
ball,1,13.6,Deccan Chargers,WPUJC Vaas,RG Sharma,AC Voges,1,0,,,,,,"",""
ball,1,14.1,Deccan Chargers,WPUJC Vaas,RG Sharma,SK Warne,1,0,,,,,,"",""
ball,1,14.2,Deccan Chargers,RG Sharma,WPUJC Vaas,SK Warne,0,0,,,,,,"",""
ball,1,14.3,Deccan Chargers,RG Sharma,WPUJC Vaas,SK Warne,1,0,,,,,,"",""
ball,1,14.4,Deccan Chargers,WPUJC Vaas,RG Sharma,SK Warne,0,0,,,,,,"",""
ball,1,14.5,Deccan Chargers,WPUJC Vaas,RG Sharma,SK Warne,0,0,,,,,,"",""
ball,1,14.6,Deccan Chargers,WPUJC Vaas,RG Sharma,SK Warne,1,0,,,,,,"",""
ball,1,15.1,Deccan Chargers,WPUJC Vaas,RG Sharma,YK Pathan,1,0,,,,,,"",""
ball,1,15.2,Deccan Chargers,RG Sharma,WPUJC Vaas,YK Pathan,0,1,1,,,,,"",""
ball,1,15.3,Deccan Chargers,RG Sharma,WPUJC Vaas,YK Pathan,1,0,,,,,,"",""
ball,1,15.4,Deccan Chargers,WPUJC Vaas,RG Sharma,YK Pathan,1,0,,,,,,"",""
ball,1,15.5,Deccan Chargers,RG Sharma,WPUJC Vaas,YK Pathan,0,0,,,,,,"",""
ball,1,15.6,Deccan Chargers,RG Sharma,WPUJC Vaas,YK Pathan,0,0,,,,,,"",""
ball,1,15.7,Deccan Chargers,RG Sharma,WPUJC Vaas,YK Pathan,1,0,,,,,,"",""
ball,1,16.1,Deccan Chargers,RG Sharma,WPUJC Vaas,AC Voges,0,0,,,,,,"",""
ball,1,16.2,Deccan Chargers,RG Sharma,WPUJC Vaas,AC Voges,1,0,,,,,,"",""
ball,1,16.3,Deccan Chargers,WPUJC Vaas,RG Sharma,AC Voges,1,0,,,,,,"",""
ball,1,16.4,Deccan Chargers,RG Sharma,WPUJC Vaas,AC Voges,1,0,,,,,,"",""
ball,1,16.5,Deccan Chargers,WPUJC Vaas,RG Sharma,AC Voges,1,0,,,,,,"",""
ball,1,16.6,Deccan Chargers,RG Sharma,WPUJC Vaas,AC Voges,1,0,,,,,,"",""
ball,1,17.1,Deccan Chargers,RG Sharma,WPUJC Vaas,SW Tait,1,0,,,,,,"",""
ball,1,17.2,Deccan Chargers,WPUJC Vaas,RG Sharma,SW Tait,1,0,,,,,,"",""
ball,1,17.3,Deccan Chargers,RG Sharma,WPUJC Vaas,SW Tait,6,0,,,,,,"",""
ball,1,17.4,Deccan Chargers,RG Sharma,WPUJC Vaas,SW Tait,0,1,1,,,,,"",""
ball,1,17.5,Deccan Chargers,RG Sharma,WPUJC Vaas,SW Tait,1,0,,,,,,"",""
ball,1,17.6,Deccan Chargers,WPUJC Vaas,RG Sharma,SW Tait,0,0,,,,,,"",""
ball,1,17.7,Deccan Chargers,WPUJC Vaas,RG Sharma,SW Tait,0,0,,,,,,run out,WPUJC Vaas
ball,1,18.1,Deccan Chargers,R Sharma,RG Sharma,S Narwal,2,0,,,,,,"",""
ball,1,18.2,Deccan Chargers,R Sharma,RG Sharma,S Narwal,0,0,,,,,,"",""
ball,1,18.3,Deccan Chargers,R Sharma,RG Sharma,S Narwal,6,0,,,,,,"",""
ball,1,18.4,Deccan Chargers,R Sharma,RG Sharma,S Narwal,2,0,,,,,,"",""
ball,1,18.5,Deccan Chargers,R Sharma,RG Sharma,S Narwal,0,0,,,,,,caught,R Sharma
ball,1,18.6,Deccan Chargers,RG Sharma,RP Singh,S Narwal,6,0,,,,,,"",""
ball,1,19.1,Deccan Chargers,RP Singh,RG Sharma,SW Tait,1,0,,,,,,"",""
ball,1,19.2,Deccan Chargers,RG Sharma,RP Singh,SW Tait,1,0,,,,,,"",""
ball,1,19.3,Deccan Chargers,RP Singh,RG Sharma,SW Tait,0,1,,,1,,,"",""
ball,1,19.4,Deccan Chargers,RG Sharma,RP Singh,SW Tait,0,0,,,,,,caught,RG Sharma
ball,1,19.5,Deccan Chargers,RP Singh,PP Ojha,SW Tait,0,0,,,,,,"",""
ball,1,19.6,Deccan Chargers,RP Singh,PP Ojha,SW Tait,0,1,,,1,,,"",""
ball,2,0.1,Rajasthan Royals,MJ Lumb,NV Ojha,WPUJC Vaas,0,0,,,,,,"",""
ball,2,0.2,Rajasthan Royals,MJ Lumb,NV Ojha,WPUJC Vaas,0,0,,,,,,"",""
ball,2,0.3,Rajasthan Royals,MJ Lumb,NV Ojha,WPUJC Vaas,0,0,,,,,,"",""
ball,2,0.4,Rajasthan Royals,MJ Lumb,NV Ojha,WPUJC Vaas,0,0,,,,,,"",""
ball,2,0.5,Rajasthan Royals,MJ Lumb,NV Ojha,WPUJC Vaas,4,0,,,,,,"",""
ball,2,0.6,Rajasthan Royals,MJ Lumb,NV Ojha,WPUJC Vaas,4,0,,,,,,"",""
ball,2,1.1,Rajasthan Royals,NV Ojha,MJ Lumb,RP Singh,0,0,,,,,,"",""
ball,2,1.2,Rajasthan Royals,NV Ojha,MJ Lumb,RP Singh,0,0,,,,,,"",""
ball,2,1.3,Rajasthan Royals,NV Ojha,MJ Lumb,RP Singh,0,0,,,,,,"",""
ball,2,1.4,Rajasthan Royals,NV Ojha,MJ Lumb,RP Singh,1,0,,,,,,"",""
ball,2,1.5,Rajasthan Royals,MJ Lumb,NV Ojha,RP Singh,4,0,,,,,,"",""
ball,2,1.6,Rajasthan Royals,MJ Lumb,NV Ojha,RP Singh,1,0,,,,,,"",""
ball,2,2.1,Rajasthan Royals,MJ Lumb,NV Ojha,RG Sharma,2,0,,,,,,"",""
ball,2,2.2,Rajasthan Royals,MJ Lumb,NV Ojha,RG Sharma,1,0,,,,,,"",""
ball,2,2.3,Rajasthan Royals,NV Ojha,MJ Lumb,RG Sharma,1,0,,,,,,"",""
ball,2,2.4,Rajasthan Royals,MJ Lumb,NV Ojha,RG Sharma,0,0,,,,,,"",""
ball,2,2.5,Rajasthan Royals,MJ Lumb,NV Ojha,RG Sharma,1,0,,,,,,"",""
ball,2,2.6,Rajasthan Royals,NV Ojha,MJ Lumb,RG Sharma,0,0,,,,,,"",""
ball,2,3.1,Rajasthan Royals,MJ Lumb,NV Ojha,RP Singh,4,0,,,,,,"",""
ball,2,3.2,Rajasthan Royals,MJ Lumb,NV Ojha,RP Singh,4,0,,,,,,"",""
ball,2,3.3,Rajasthan Royals,MJ Lumb,NV Ojha,RP Singh,4,0,,,,,,"",""
ball,2,3.4,Rajasthan Royals,MJ Lumb,NV Ojha,RP Singh,4,0,,,,,,"",""
ball,2,3.5,Rajasthan Royals,MJ Lumb,NV Ojha,RP Singh,0,0,,,,,,"",""
ball,2,3.6,Rajasthan Royals,MJ Lumb,NV Ojha,RP Singh,0,4,,,,4,,"",""
ball,2,4.1,Rajasthan Royals,NV Ojha,MJ Lumb,RG Sharma,0,0,,,,,,"",""
ball,2,4.2,Rajasthan Royals,NV Ojha,MJ Lumb,RG Sharma,0,0,,,,,,"",""
ball,2,4.3,Rajasthan Royals,NV Ojha,MJ Lumb,RG Sharma,6,0,,,,,,"",""
ball,2,4.4,Rajasthan Royals,NV Ojha,MJ Lumb,RG Sharma,1,0,,,,,,"",""
ball,2,4.5,Rajasthan Royals,MJ Lumb,NV Ojha,RG Sharma,1,0,,,,,,"",""
ball,2,4.6,Rajasthan Royals,NV Ojha,MJ Lumb,RG Sharma,4,0,,,,,,"",""
ball,2,5.1,Rajasthan Royals,MJ Lumb,NV Ojha,R Sharma,1,0,,,,,,"",""
ball,2,5.2,Rajasthan Royals,NV Ojha,MJ Lumb,R Sharma,0,0,,,,,,"",""
ball,2,5.3,Rajasthan Royals,NV Ojha,MJ Lumb,R Sharma,1,0,,,,,,"",""
ball,2,5.4,Rajasthan Royals,MJ Lumb,NV Ojha,R Sharma,1,0,,,,,,"",""
ball,2,5.5,Rajasthan Royals,NV Ojha,MJ Lumb,R Sharma,0,0,,,,,,"",""
ball,2,5.6,Rajasthan Royals,NV Ojha,MJ Lumb,R Sharma,0,0,,,,,,"",""
ball,2,6.1,Rajasthan Royals,MJ Lumb,NV Ojha,PP Ojha,1,0,,,,,,"",""
ball,2,6.2,Rajasthan Royals,NV Ojha,MJ Lumb,PP Ojha,0,0,,,,,,"",""
ball,2,6.3,Rajasthan Royals,NV Ojha,MJ Lumb,PP Ojha,0,0,,,,,,stumped,NV Ojha
ball,2,6.4,Rajasthan Royals,YK Pathan,MJ Lumb,PP Ojha,0,1,1,,,,,"",""
ball,2,6.5,Rajasthan Royals,YK Pathan,MJ Lumb,PP Ojha,6,0,,,,,,"",""
ball,2,6.6,Rajasthan Royals,YK Pathan,MJ Lumb,PP Ojha,1,0,,,,,,"",""
ball,2,6.7,Rajasthan Royals,MJ Lumb,YK Pathan,PP Ojha,0,1,1,,,,,"",""
ball,2,6.8,Rajasthan Royals,MJ Lumb,YK Pathan,PP Ojha,1,0,,,,,,"",""
ball,2,7.1,Rajasthan Royals,MJ Lumb,YK Pathan,R Sharma,1,0,,,,,,"",""
ball,2,7.2,Rajasthan Royals,YK Pathan,MJ Lumb,R Sharma,1,0,,,,,,"",""
ball,2,7.3,Rajasthan Royals,MJ Lumb,YK Pathan,R Sharma,1,0,,,,,,"",""
ball,2,7.4,Rajasthan Royals,YK Pathan,MJ Lumb,R Sharma,1,0,,,,,,"",""
ball,2,7.5,Rajasthan Royals,MJ Lumb,YK Pathan,R Sharma,0,0,,,,,,"",""
ball,2,7.6,Rajasthan Royals,MJ Lumb,YK Pathan,R Sharma,0,0,,,,,,"",""
ball,2,8.1,Rajasthan Royals,YK Pathan,MJ Lumb,PP Ojha,0,0,,,,,,"",""
ball,2,8.2,Rajasthan Royals,YK Pathan,MJ Lumb,PP Ojha,4,0,,,,,,"",""
ball,2,8.3,Rajasthan Royals,YK Pathan,MJ Lumb,PP Ojha,6,0,,,,,,"",""
ball,2,8.4,Rajasthan Royals,YK Pathan,MJ Lumb,PP Ojha,0,0,,,,,,"",""
ball,2,8.5,Rajasthan Royals,YK Pathan,MJ Lumb,PP Ojha,4,0,,,,,,"",""
ball,2,8.6,Rajasthan Royals,YK Pathan,MJ Lumb,PP Ojha,1,0,,,,,,"",""
ball,2,9.1,Rajasthan Royals,YK Pathan,MJ Lumb,R Sharma,1,0,,,,,,"",""
ball,2,9.2,Rajasthan Royals,MJ Lumb,YK Pathan,R Sharma,2,0,,,,,,"",""
ball,2,9.3,Rajasthan Royals,MJ Lumb,YK Pathan,R Sharma,1,0,,,,,,"",""
ball,2,9.4,Rajasthan Royals,YK Pathan,MJ Lumb,R Sharma,6,0,,,,,,"",""
ball,2,9.5,Rajasthan Royals,YK Pathan,MJ Lumb,R Sharma,1,0,,,,,,"",""
ball,2,9.6,Rajasthan Royals,MJ Lumb,YK Pathan,R Sharma,0,0,,,,,,"",""
ball,2,10.1,Rajasthan Royals,YK Pathan,MJ Lumb,WPUJC Vaas,1,0,,,,,,"",""
ball,2,10.2,Rajasthan Royals,MJ Lumb,YK Pathan,WPUJC Vaas,1,0,,,,,,"",""
ball,2,10.3,Rajasthan Royals,YK Pathan,MJ Lumb,WPUJC Vaas,0,0,,,,,,"",""
ball,2,10.4,Rajasthan Royals,YK Pathan,MJ Lumb,WPUJC Vaas,1,0,,,,,,"",""
ball,2,10.5,Rajasthan Royals,MJ Lumb,YK Pathan,WPUJC Vaas,1,0,,,,,,"",""
ball,2,10.6,Rajasthan Royals,YK Pathan,MJ Lumb,WPUJC Vaas,1,0,,,,,,"",""
ball,2,11.1,Rajasthan Royals,YK Pathan,MJ Lumb,A Symonds,0,0,,,,,,"",""
ball,2,11.2,Rajasthan Royals,YK Pathan,MJ Lumb,A Symonds,1,0,,,,,,run out,MJ Lumb
ball,2,11.3,Rajasthan Royals,FY Fazal,YK Pathan,A Symonds,0,0,,,,,,"",""
ball,2,11.4,Rajasthan Royals,FY Fazal,YK Pathan,A Symonds,0,0,,,,,,"",""
ball,2,11.5,Rajasthan Royals,FY Fazal,YK Pathan,A Symonds,4,0,,,,,,"",""
ball,2,11.6,Rajasthan Royals,FY Fazal,YK Pathan,A Symonds,0,0,,,,,,"",""
ball,2,12.1,Rajasthan Royals,YK Pathan,FY Fazal,WPUJC Vaas,6,0,,,,,,"",""
ball,2,12.2,Rajasthan Royals,YK Pathan,FY Fazal,WPUJC Vaas,1,0,,,,,,"",""
ball,2,12.3,Rajasthan Royals,FY Fazal,YK Pathan,WPUJC Vaas,1,0,,,,,,"",""
ball,2,12.4,Rajasthan Royals,YK Pathan,FY Fazal,WPUJC Vaas,1,0,,,,,,"",""
ball,2,12.5,Rajasthan Royals,FY Fazal,YK Pathan,WPUJC Vaas,1,0,,,,,,"",""
ball,2,12.6,Rajasthan Royals,YK Pathan,FY Fazal,WPUJC Vaas,6,0,,,,,,"",""
ball,2,13.1,Rajasthan Royals,FY Fazal,YK Pathan,PP Ojha,0,5,5,,,,,"",""
ball,2,13.2,Rajasthan Royals,FY Fazal,YK Pathan,PP Ojha,1,0,,,,,,"",""
ball,2,13.3,Rajasthan Royals,YK Pathan,FY Fazal,PP Ojha,6,0,,,,,,"",""
ball,2,13.4,Rajasthan Royals,YK Pathan,FY Fazal,PP Ojha,0,0,,,,,,"",""
ball,2,13.5,Rajasthan Royals,YK Pathan,FY Fazal,PP Ojha,0,0,,,,,,"",""
ball,2,13.6,Rajasthan Royals,YK Pathan,FY Fazal,PP Ojha,0,0,,,,,,"",""
ball,2,13.7,Rajasthan Royals,YK Pathan,FY Fazal,PP Ojha,2,0,,,,,,"",""
ball,2,14.1,Rajasthan Royals,FY Fazal,YK Pathan,A Symonds,0,0,,,,,,"",""
ball,2,14.2,Rajasthan Royals,FY Fazal,YK Pathan,A Symonds,0,0,,,,,,"",""
ball,2,14.3,Rajasthan Royals,FY Fazal,YK Pathan,A Symonds,0,0,,,,,,"",""
ball,2,14.4,Rajasthan Royals,FY Fazal,YK Pathan,A Symonds,1,0,,,,,,"",""
ball,2,14.5,Rajasthan Royals,YK Pathan,FY Fazal,A Symonds,2,0,,,,,,"",""
ball,2,14.6,Rajasthan Royals,YK Pathan,FY Fazal,A Symonds,1,0,,,,,,"",""
ball,2,15.1,Rajasthan Royals,YK Pathan,FY Fazal,R Sharma,6,0,,,,,,"",""
ball,2,15.2,Rajasthan Royals,YK Pathan,FY Fazal,R Sharma,0,0,,,,,,"",""
ball,2,15.3,Rajasthan Royals,YK Pathan,FY Fazal,R Sharma,0,0,,,,,,"",""
ball,2,15.4,Rajasthan Royals,YK Pathan,FY Fazal,R Sharma,6,0,,,,,,"",""
