version,1.6.0
info,balls_per_over,6
info,team,Rajasthan Royals
info,team,Kings XI Punjab
info,gender,male
info,season,2009/10
info,date,2010/04/07
info,event,Indian Premier League
info,match_number,38
info,venue,Sawai Mansingh Stadium
info,city,Jaipur
info,toss_winner,Kings XI Punjab
info,toss_decision,bat
info,player_of_match,MJ Lumb
info,umpire,S Ravi
info,umpire,SK Tarapore
info,reserve_umpire,K Sharma
info,tv_umpire,BR Doctrove
info,match_referee,S Venkataraghavan
info,winner,Rajasthan Royals
info,winner_wickets,9
info,player,Kings XI Punjab,MS Bisla
info,player,Kings XI Punjab,DPMD Jayawardene
info,player,Kings XI Punjab,KC Sangakkara
info,player,Kings XI Punjab,Yuvraj Singh
info,player,Kings XI Punjab,IK Pathan
info,player,Kings XI Punjab,RS Bopara
info,player,Kings XI Punjab,PP Chawla
info,player,Kings XI Punjab,Bipul Sharma
info,player,Kings XI Punjab,J Theron
info,player,Kings XI Punjab,S Sreesanth
info,player,Kings XI Punjab,RR Powar
info,player,Rajasthan Royals,MJ Lumb
info,player,Rajasthan Royals,NV Ojha
info,player,Rajasthan Royals,YK Pathan
info,player,Rajasthan Royals,SR Watson
info,player,Rajasthan Royals,FY Fazal
info,player,Rajasthan Royals,AA Jhunjhunwala
info,player,Rajasthan Royals,AC Voges
info,player,Rajasthan Royals,AS Raut
info,player,Rajasthan Royals,SK Warne
info,player,Rajasthan Royals,SK Trivedi
info,player,Rajasthan Royals,AP Dole
info,registry,people,AA Jhunjhunwala,2815fe50
info,registry,people,AC Voges,864c199e
info,registry,people,AP Dole,dbc50253
info,registry,people,AS Raut,c69a7b5c
info,registry,people,BR Doctrove,cbebf805
info,registry,people,Bipul Sharma,c18496e1
info,registry,people,DPMD Jayawardene,d18f9182
info,registry,people,FY Fazal,c15e2193
info,registry,people,IK Pathan,5fa06777
info,registry,people,J Theron,dec8e038
info,registry,people,K Sharma,661b0266
info,registry,people,KC Sangakkara,6b71e6cf
info,registry,people,MJ Lumb,11df3dc8
info,registry,people,MS Bisla,5afd4539
info,registry,people,NV Ojha,890946a0
info,registry,people,PP Chawla,98ae73b1
info,registry,people,RR Powar,5d096f3d
info,registry,people,RS Bopara,7ca5e05d
info,registry,people,S Ravi,9b9ee0df
info,registry,people,S Sreesanth,6b8eb6e5
info,registry,people,S Venkataraghavan,12453319
info,registry,people,SK Tarapore,62a824b4
info,registry,people,SK Trivedi,3d7e087f
info,registry,people,SK Warne,bb18be76
info,registry,people,SR Watson,4329fbb5
info,registry,people,YK Pathan,3c6ffae8
info,registry,people,Yuvraj Singh,1c914163
ball,1,0.1,Kings XI Punjab,MS Bisla,DPMD Jayawardene,AP Dole,0,0,,,,,,"",""
ball,1,0.2,Kings XI Punjab,MS Bisla,DPMD Jayawardene,AP Dole,4,0,,,,,,"",""
ball,1,0.3,Kings XI Punjab,MS Bisla,DPMD Jayawardene,AP Dole,1,0,,,,,,"",""
ball,1,0.4,Kings XI Punjab,DPMD Jayawardene,MS Bisla,AP Dole,0,1,1,,,,,"",""
ball,1,0.5,Kings XI Punjab,DPMD Jayawardene,MS Bisla,AP Dole,1,0,,,,,,"",""
ball,1,0.6,Kings XI Punjab,MS Bisla,DPMD Jayawardene,AP Dole,0,1,1,,,,,"",""
ball,1,0.7,Kings XI Punjab,MS Bisla,DPMD Jayawardene,AP Dole,4,0,,,,,,"",""
ball,1,0.8,Kings XI Punjab,MS Bisla,DPMD Jayawardene,AP Dole,1,0,,,,,,"",""
ball,1,1.1,Kings XI Punjab,MS Bisla,DPMD Jayawardene,SR Watson,4,0,,,,,,"",""
ball,1,1.2,Kings XI Punjab,MS Bisla,DPMD Jayawardene,SR Watson,0,0,,,,,,"",""
ball,1,1.3,Kings XI Punjab,MS Bisla,DPMD Jayawardene,SR Watson,2,0,,,,,,"",""
ball,1,1.4,Kings XI Punjab,MS Bisla,DPMD Jayawardene,SR Watson,4,0,,,,,,"",""
ball,1,1.5,Kings XI Punjab,MS Bisla,DPMD Jayawardene,SR Watson,0,0,,,,,,"",""
ball,1,1.6,Kings XI Punjab,MS Bisla,DPMD Jayawardene,SR Watson,0,0,,,,,,"",""
ball,1,2.1,Kings XI Punjab,DPMD Jayawardene,MS Bisla,YK Pathan,0,0,,,,,,"",""
ball,1,2.2,Kings XI Punjab,DPMD Jayawardene,MS Bisla,YK Pathan,4,0,,,,,,"",""
ball,1,2.3,Kings XI Punjab,DPMD Jayawardene,MS Bisla,YK Pathan,0,0,,,,,,"",""
ball,1,2.4,Kings XI Punjab,DPMD Jayawardene,MS Bisla,YK Pathan,1,0,,,,,,"",""
ball,1,2.5,Kings XI Punjab,MS Bisla,DPMD Jayawardene,YK Pathan,0,0,,,,,,"",""
ball,1,2.6,Kings XI Punjab,MS Bisla,DPMD Jayawardene,YK Pathan,0,0,,,,,,"",""
ball,1,3.1,Kings XI Punjab,DPMD Jayawardene,MS Bisla,SR Watson,0,0,,,,,,"",""
ball,1,3.2,Kings XI Punjab,DPMD Jayawardene,MS Bisla,SR Watson,0,1,,,,1,,"",""
ball,1,3.3,Kings XI Punjab,MS Bisla,DPMD Jayawardene,SR Watson,0,0,,,,,,caught,MS Bisla
ball,1,3.4,Kings XI Punjab,DPMD Jayawardene,KC Sangakkara,SR Watson,0,0,,,,,,"",""
ball,1,3.5,Kings XI Punjab,DPMD Jayawardene,KC Sangakkara,SR Watson,0,0,,,,,,"",""
ball,1,3.6,Kings XI Punjab,DPMD Jayawardene,KC Sangakkara,SR Watson,1,0,,,,,,"",""
ball,1,4.1,Kings XI Punjab,DPMD Jayawardene,KC Sangakkara,AP Dole,6,0,,,,,,"",""
ball,1,4.2,Kings XI Punjab,DPMD Jayawardene,KC Sangakkara,AP Dole,4,0,,,,,,"",""
ball,1,4.3,Kings XI Punjab,DPMD Jayawardene,KC Sangakkara,AP Dole,1,0,,,,,,"",""
ball,1,4.4,Kings XI Punjab,KC Sangakkara,DPMD Jayawardene,AP Dole,0,0,,,,,,"",""
ball,1,4.5,Kings XI Punjab,KC Sangakkara,DPMD Jayawardene,AP Dole,1,0,,,,,,"",""
ball,1,4.6,Kings XI Punjab,DPMD Jayawardene,KC Sangakkara,AP Dole,0,0,,,,,,"",""
ball,1,5.1,Kings XI Punjab,KC Sangakkara,DPMD Jayawardene,YK Pathan,0,1,1,,,,,"",""
ball,1,5.2,Kings XI Punjab,KC Sangakkara,DPMD Jayawardene,YK Pathan,2,0,,,,,,"",""
ball,1,5.3,Kings XI Punjab,KC Sangakkara,DPMD Jayawardene,YK Pathan,1,0,,,,,,"",""
ball,1,5.4,Kings XI Punjab,DPMD Jayawardene,KC Sangakkara,YK Pathan,0,1,,,,1,,"",""
ball,1,5.5,Kings XI Punjab,KC Sangakkara,DPMD Jayawardene,YK Pathan,4,0,,,,,,"",""
ball,1,5.6,Kings XI Punjab,KC Sangakkara,DPMD Jayawardene,YK Pathan,1,0,,,,,,"",""
ball,1,5.7,Kings XI Punjab,DPMD Jayawardene,KC Sangakkara,YK Pathan,0,0,,,,,,"",""
ball,1,6.1,Kings XI Punjab,KC Sangakkara,DPMD Jayawardene,SK Trivedi,0,0,,,,,,caught,KC Sangakkara
ball,1,6.2,Kings XI Punjab,Yuvraj Singh,DPMD Jayawardene,SK Trivedi,1,0,,,,,,"",""
ball,1,6.3,Kings XI Punjab,DPMD Jayawardene,Yuvraj Singh,SK Trivedi,0,0,,,,,,"",""
ball,1,6.4,Kings XI Punjab,DPMD Jayawardene,Yuvraj Singh,SK Trivedi,4,0,,,,,,"",""
ball,1,6.5,Kings XI Punjab,DPMD Jayawardene,Yuvraj Singh,SK Trivedi,1,0,,,,,,"",""
ball,1,6.6,Kings XI Punjab,Yuvraj Singh,DPMD Jayawardene,SK Trivedi,0,0,,,,,,"",""
ball,1,7.1,Kings XI Punjab,DPMD Jayawardene,Yuvraj Singh,YK Pathan,1,0,,,,,,"",""
ball,1,7.2,Kings XI Punjab,Yuvraj Singh,DPMD Jayawardene,YK Pathan,1,0,,,,,,"",""
ball,1,7.3,Kings XI Punjab,DPMD Jayawardene,Yuvraj Singh,YK Pathan,1,0,,,,,,"",""
ball,1,7.4,Kings XI Punjab,Yuvraj Singh,DPMD Jayawardene,YK Pathan,0,0,,,,,,"",""
ball,1,7.5,Kings XI Punjab,Yuvraj Singh,DPMD Jayawardene,YK Pathan,1,0,,,,,,"",""
ball,1,7.6,Kings XI Punjab,DPMD Jayawardene,Yuvraj Singh,YK Pathan,1,0,,,,,,"",""
ball,1,8.1,Kings XI Punjab,DPMD Jayawardene,Yuvraj Singh,SK Warne,0,2,2,,,,,"",""
ball,1,8.2,Kings XI Punjab,Yuvraj Singh,DPMD Jayawardene,SK Warne,1,0,,,,,,"",""
ball,1,8.3,Kings XI Punjab,DPMD Jayawardene,Yuvraj Singh,SK Warne,4,0,,,,,,"",""
ball,1,8.4,Kings XI Punjab,DPMD Jayawardene,Yuvraj Singh,SK Warne,1,0,,,,,,"",""
ball,1,8.5,Kings XI Punjab,Yuvraj Singh,DPMD Jayawardene,SK Warne,6,0,,,,,,"",""
ball,1,8.6,Kings XI Punjab,Yuvraj Singh,DPMD Jayawardene,SK Warne,1,0,,,,,,"",""
ball,1,8.7,Kings XI Punjab,DPMD Jayawardene,Yuvraj Singh,SK Warne,1,0,,,,,,"",""
ball,1,9.1,Kings XI Punjab,DPMD Jayawardene,Yuvraj Singh,YK Pathan,4,0,,,,,,"",""
ball,1,9.2,Kings XI Punjab,DPMD Jayawardene,Yuvraj Singh,YK Pathan,1,0,,,,,,"",""
ball,1,9.3,Kings XI Punjab,Yuvraj Singh,DPMD Jayawardene,YK Pathan,0,0,,,,,,"",""
ball,1,9.4,Kings XI Punjab,Yuvraj Singh,DPMD Jayawardene,YK Pathan,1,0,,,,,,"",""
ball,1,9.5,Kings XI Punjab,DPMD Jayawardene,Yuvraj Singh,YK Pathan,0,0,,,,,,"",""
ball,1,9.6,Kings XI Punjab,DPMD Jayawardene,Yuvraj Singh,YK Pathan,1,0,,,,,,"",""
ball,1,10.1,Kings XI Punjab,DPMD Jayawardene,Yuvraj Singh,SK Warne,1,0,,,,,,"",""
ball,1,10.2,Kings XI Punjab,Yuvraj Singh,DPMD Jayawardene,SK Warne,6,0,,,,,,"",""
ball,1,10.3,Kings XI Punjab,Yuvraj Singh,DPMD Jayawardene,SK Warne,6,0,,,,,,"",""
ball,1,10.4,Kings XI Punjab,Yuvraj Singh,DPMD Jayawardene,SK Warne,0,0,,,,,,"",""
ball,1,10.5,Kings XI Punjab,Yuvraj Singh,DPMD Jayawardene,SK Warne,0,0,,,,,,"",""
ball,1,10.6,Kings XI Punjab,Yuvraj Singh,DPMD Jayawardene,SK Warne,4,0,,,,,,"",""
ball,1,11.1,Kings XI Punjab,DPMD Jayawardene,Yuvraj Singh,AP Dole,4,0,,,,,,"",""
ball,1,11.2,Kings XI Punjab,DPMD Jayawardene,Yuvraj Singh,AP Dole,1,0,,,,,,"",""
ball,1,11.3,Kings XI Punjab,Yuvraj Singh,DPMD Jayawardene,AP Dole,0,0,,,,,,bowled,Yuvraj Singh
ball,1,11.4,Kings XI Punjab,IK Pathan,DPMD Jayawardene,AP Dole,1,0,,,,,,"",""
ball,1,11.5,Kings XI Punjab,DPMD Jayawardene,IK Pathan,AP Dole,0,0,,,,,,caught,DPMD Jayawardene
ball,1,11.6,Kings XI Punjab,RS Bopara,IK Pathan,AP Dole,0,0,,,,,,"",""
ball,1,12.1,Kings XI Punjab,IK Pathan,RS Bopara,SK Trivedi,0,0,,,,,,"",""
ball,1,12.2,Kings XI Punjab,IK Pathan,RS Bopara,SK Trivedi,0,0,,,,,,"",""
ball,1,12.3,Kings XI Punjab,IK Pathan,RS Bopara,SK Trivedi,1,0,,,,,,"",""
ball,1,12.4,Kings XI Punjab,RS Bopara,IK Pathan,SK Trivedi,0,0,,,,,,"",""
ball,1,12.5,Kings XI Punjab,RS Bopara,IK Pathan,SK Trivedi,0,1,1,,,,,"",""
ball,1,12.6,Kings XI Punjab,RS Bopara,IK Pathan,SK Trivedi,0,0,,,,,,"",""
ball,1,12.7,Kings XI Punjab,RS Bopara,IK Pathan,SK Trivedi,1,0,,,,,,"",""
ball,1,13.1,Kings XI Punjab,RS Bopara,IK Pathan,AP Dole,1,0,,,,,,"",""
ball,1,13.2,Kings XI Punjab,IK Pathan,RS Bopara,AP Dole,0,0,,,,,,"",""
ball,1,13.3,Kings XI Punjab,IK Pathan,RS Bopara,AP Dole,1,0,,,,,,"",""
ball,1,13.4,Kings XI Punjab,RS Bopara,IK Pathan,AP Dole,1,0,,,,,,"",""
ball,1,13.5,Kings XI Punjab,IK Pathan,RS Bopara,AP Dole,1,0,,,,,,"",""
ball,1,13.6,Kings XI Punjab,RS Bopara,IK Pathan,AP Dole,1,0,,,,,,"",""
ball,1,14.1,Kings XI Punjab,RS Bopara,IK Pathan,SK Warne,1,0,,,,,,"",""
ball,1,14.2,Kings XI Punjab,IK Pathan,RS Bopara,SK Warne,1,0,,,,,,"",""
ball,1,14.3,Kings XI Punjab,RS Bopara,IK Pathan,SK Warne,1,0,,,,,,"",""
ball,1,14.4,Kings XI Punjab,IK Pathan,RS Bopara,SK Warne,1,0,,,,,,"",""
ball,1,14.5,Kings XI Punjab,RS Bopara,IK Pathan,SK Warne,1,0,,,,,,"",""
ball,1,14.6,Kings XI Punjab,IK Pathan,RS Bopara,SK Warne,4,0,,,,,,"",""
ball,1,15.1,Kings XI Punjab,RS Bopara,IK Pathan,FY Fazal,1,0,,,,,,"",""
ball,1,15.2,Kings XI Punjab,IK Pathan,RS Bopara,FY Fazal,1,0,,,,,,run out,RS Bopara
ball,1,15.3,Kings XI Punjab,PP Chawla,IK Pathan,FY Fazal,1,0,,,,,,"",""
ball,1,15.4,Kings XI Punjab,IK Pathan,PP Chawla,FY Fazal,1,0,,,,,,"",""
ball,1,15.5,Kings XI Punjab,PP Chawla,IK Pathan,FY Fazal,1,0,,,,,,"",""
ball,1,15.6,Kings XI Punjab,IK Pathan,PP Chawla,FY Fazal,1,0,,,,,,"",""
ball,1,16.1,Kings XI Punjab,IK Pathan,PP Chawla,SR Watson,0,0,,,,,,"",""
ball,1,16.2,Kings XI Punjab,IK Pathan,PP Chawla,SR Watson,1,0,,,,,,"",""
ball,1,16.3,Kings XI Punjab,PP Chawla,IK Pathan,SR Watson,0,0,,,,,,"",""
ball,1,16.4,Kings XI Punjab,PP Chawla,IK Pathan,SR Watson,0,0,,,,,,"",""
ball,1,16.5,Kings XI Punjab,PP Chawla,IK Pathan,SR Watson,0,0,,,,,,"",""
ball,1,16.6,Kings XI Punjab,PP Chawla,IK Pathan,SR Watson,1,0,,,,,,"",""
ball,1,17.1,Kings XI Punjab,PP Chawla,IK Pathan,SK Trivedi,1,0,,,,,,"",""
ball,1,17.2,Kings XI Punjab,IK Pathan,PP Chawla,SK Trivedi,2,0,,,,,,"",""
ball,1,17.3,Kings XI Punjab,IK Pathan,PP Chawla,SK Trivedi,1,0,,,,,,"",""
ball,1,17.4,Kings XI Punjab,PP Chawla,IK Pathan,SK Trivedi,1,0,,,,,,"",""
ball,1,17.5,Kings XI Punjab,IK Pathan,PP Chawla,SK Trivedi,1,0,,,,,,"",""
ball,1,17.6,Kings XI Punjab,PP Chawla,IK Pathan,SK Trivedi,1,0,,,,,,"",""
ball,1,18.1,Kings XI Punjab,PP Chawla,IK Pathan,SR Watson,0,1,1,,,,,"",""
ball,1,18.2,Kings XI Punjab,PP Chawla,IK Pathan,SR Watson,0,0,,,,,,"",""
ball,1,18.3,Kings XI Punjab,PP Chawla,IK Pathan,SR Watson,0,0,,,,,,"",""
ball,1,18.4,Kings XI Punjab,PP Chawla,IK Pathan,SR Watson,1,0,,,,,,"",""
ball,1,18.5,Kings XI Punjab,IK Pathan,PP Chawla,SR Watson,2,0,,,,,,"",""
ball,1,18.6,Kings XI Punjab,IK Pathan,PP Chawla,SR Watson,1,0,,,,,,"",""
ball,1,18.7,Kings XI Punjab,PP Chawla,IK Pathan,SR Watson,1,0,,,,,,"",""
ball,1,19.1,Kings XI Punjab,PP Chawla,IK Pathan,SK Trivedi,2,0,,,,,,"",""
ball,1,19.2,Kings XI Punjab,PP Chawla,IK Pathan,SK Trivedi,0,0,,,,,,caught,PP Chawla
ball,1,19.3,Kings XI Punjab,IK Pathan,Bipul Sharma,SK Trivedi,0,0,,,,,,"",""
ball,1,19.4,Kings XI Punjab,IK Pathan,Bipul Sharma,SK Trivedi,1,0,,,,,,"",""
ball,1,19.5,Kings XI Punjab,Bipul Sharma,IK Pathan,SK Trivedi,1,0,,,,,,"",""
ball,1,19.6,Kings XI Punjab,IK Pathan,Bipul Sharma,SK Trivedi,2,0,,,,,,"",""
ball,2,0.1,Rajasthan Royals,MJ Lumb,NV Ojha,S Sreesanth,0,0,,,,,,"",""
ball,2,0.2,Rajasthan Royals,MJ Lumb,NV Ojha,S Sreesanth,0,1,1,,,,,"",""
ball,2,0.3,Rajasthan Royals,MJ Lumb,NV Ojha,S Sreesanth,4,0,,,,,,"",""
ball,2,0.4,Rajasthan Royals,MJ Lumb,NV Ojha,S Sreesanth,0,0,,,,,,"",""
ball,2,0.5,Rajasthan Royals,MJ Lumb,NV Ojha,S Sreesanth,0,0,,,,,,"",""
ball,2,0.6,Rajasthan Royals,MJ Lumb,NV Ojha,S Sreesanth,4,0,,,,,,"",""
ball,2,0.7,Rajasthan Royals,MJ Lumb,NV Ojha,S Sreesanth,0,0,,,,,,"",""
ball,2,1.1,Rajasthan Royals,NV Ojha,MJ Lumb,RR Powar,1,0,,,,,,"",""
ball,2,1.2,Rajasthan Royals,MJ Lumb,NV Ojha,RR Powar,0,0,,,,,,"",""
ball,2,1.3,Rajasthan Royals,MJ Lumb,NV Ojha,RR Powar,4,0,,,,,,"",""
ball,2,1.4,Rajasthan Royals,MJ Lumb,NV Ojha,RR Powar,0,0,,,,,,"",""
ball,2,1.5,Rajasthan Royals,MJ Lumb,NV Ojha,RR Powar,0,0,,,,,,"",""
ball,2,1.6,Rajasthan Royals,MJ Lumb,NV Ojha,RR Powar,4,0,,,,,,"",""
ball,2,2.1,Rajasthan Royals,NV Ojha,MJ Lumb,S Sreesanth,1,0,,,,,,"",""
ball,2,2.2,Rajasthan Royals,MJ Lumb,NV Ojha,S Sreesanth,0,1,1,,,,,"",""
ball,2,2.3,Rajasthan Royals,MJ Lumb,NV Ojha,S Sreesanth,1,0,,,,,,"",""
ball,2,2.4,Rajasthan Royals,NV Ojha,MJ Lumb,S Sreesanth,3,0,,,,,,"",""
ball,2,2.5,Rajasthan Royals,MJ Lumb,NV Ojha,S Sreesanth,4,0,,,,,,"",""
ball,2,2.6,Rajasthan Royals,MJ Lumb,NV Ojha,S Sreesanth,0,1,,1,,,,"",""
ball,2,2.7,Rajasthan Royals,MJ Lumb,NV Ojha,S Sreesanth,0,1,,1,,,,"",""
ball,2,2.8,Rajasthan Royals,MJ Lumb,NV Ojha,S Sreesanth,4,0,,,,,,"",""
ball,2,2.9,Rajasthan Royals,MJ Lumb,NV Ojha,S Sreesanth,1,0,,,,,,"",""
ball,2,3.1,Rajasthan Royals,MJ Lumb,NV Ojha,J Theron,4,0,,,,,,"",""
ball,2,3.2,Rajasthan Royals,MJ Lumb,NV Ojha,J Theron,1,0,,,,,,"",""
ball,2,3.3,Rajasthan Royals,NV Ojha,MJ Lumb,J Theron,1,0,,,,,,"",""
ball,2,3.4,Rajasthan Royals,MJ Lumb,NV Ojha,J Theron,6,0,,,,,,"",""
ball,2,3.5,Rajasthan Royals,MJ Lumb,NV Ojha,J Theron,4,0,,,,,,"",""
ball,2,3.6,Rajasthan Royals,MJ Lumb,NV Ojha,J Theron,4,0,,,,,,"",""
ball,2,4.1,Rajasthan Royals,NV Ojha,MJ Lumb,RR Powar,0,0,,,,,,"",""
ball,2,4.2,Rajasthan Royals,NV Ojha,MJ Lumb,RR Powar,4,0,,,,,,"",""
ball,2,4.3,Rajasthan Royals,NV Ojha,MJ Lumb,RR Powar,4,0,,,,,,"",""
ball,2,4.4,Rajasthan Royals,NV Ojha,MJ Lumb,RR Powar,1,0,,,,,,"",""
ball,2,4.5,Rajasthan Royals,MJ Lumb,NV Ojha,RR Powar,0,0,,,,,,"",""
ball,2,4.6,Rajasthan Royals,MJ Lumb,NV Ojha,RR Powar,0,1,,,,1,,"",""
ball,2,5.1,Rajasthan Royals,MJ Lumb,NV Ojha,PP Chawla,0,0,,,,,,"",""
ball,2,5.2,Rajasthan Royals,MJ Lumb,NV Ojha,PP Chawla,4,0,,,,,,"",""
ball,2,5.3,Rajasthan Royals,MJ Lumb,NV Ojha,PP Chawla,0,0,,,,,,"",""
ball,2,5.4,Rajasthan Royals,MJ Lumb,NV Ojha,PP Chawla,1,0,,,,,,"",""
ball,2,5.5,Rajasthan Royals,NV Ojha,MJ Lumb,PP Chawla,0,0,,,,,,"",""
ball,2,5.6,Rajasthan Royals,NV Ojha,MJ Lumb,PP Chawla,0,0,,,,,,"",""
ball,2,6.1,Rajasthan Royals,MJ Lumb,NV Ojha,Bipul Sharma,1,0,,,,,,"",""
ball,2,6.2,Rajasthan Royals,NV Ojha,MJ Lumb,Bipul Sharma,1,0,,,,,,"",""
ball,2,6.3,Rajasthan Royals,MJ Lumb,NV Ojha,Bipul Sharma,4,0,,,,,,"",""
ball,2,6.4,Rajasthan Royals,MJ Lumb,NV Ojha,Bipul Sharma,4,0,,,,,,"",""
ball,2,6.5,Rajasthan Royals,MJ Lumb,NV Ojha,Bipul Sharma,1,0,,,,,,"",""
ball,2,6.6,Rajasthan Royals,NV Ojha,MJ Lumb,Bipul Sharma,1,0,,,,,,"",""
ball,2,7.1,Rajasthan Royals,NV Ojha,MJ Lumb,PP Chawla,1,0,,,,,,"",""
ball,2,7.2,Rajasthan Royals,MJ Lumb,NV Ojha,PP Chawla,0,0,,,,,,"",""
ball,2,7.3,Rajasthan Royals,MJ Lumb,NV Ojha,PP Chawla,1,0,,,,,,"",""
ball,2,7.4,Rajasthan Royals,NV Ojha,MJ Lumb,PP Chawla,1,0,,,,,,"",""
ball,2,7.5,Rajasthan Royals,MJ Lumb,NV Ojha,PP Chawla,6,0,,,,,,"",""
ball,2,7.6,Rajasthan Royals,MJ Lumb,NV Ojha,PP Chawla,0,0,,,,,,"",""
ball,2,8.1,Rajasthan Royals,NV Ojha,MJ Lumb,IK Pathan,1,0,,,,,,"",""
ball,2,8.2,Rajasthan Royals,MJ Lumb,NV Ojha,IK Pathan,4,0,,,,,,"",""
ball,2,8.3,Rajasthan Royals,MJ Lumb,NV Ojha,IK Pathan,4,0,,,,,,"",""
ball,2,8.4,Rajasthan Royals,MJ Lumb,NV Ojha,IK Pathan,0,0,,,,,,"",""
ball,2,8.5,Rajasthan Royals,MJ Lumb,NV Ojha,IK Pathan,4,0,,,,,,"",""
ball,2,8.6,Rajasthan Royals,MJ Lumb,NV Ojha,IK Pathan,4,0,,,,,,"",""
ball,2,9.1,Rajasthan Royals,NV Ojha,MJ Lumb,RS Bopara,1,0,,,,,,"",""
ball,2,9.2,Rajasthan Royals,MJ Lumb,NV Ojha,RS Bopara,0,0,,,,,,"",""
ball,2,9.3,Rajasthan Royals,MJ Lumb,NV Ojha,RS Bopara,0,0,,,,,,caught,MJ Lumb
ball,2,9.4,Rajasthan Royals,NV Ojha,YK Pathan,RS Bopara,1,0,,,,,,"",""
ball,2,9.5,Rajasthan Royals,YK Pathan,NV Ojha,RS Bopara,1,0,,,,,,"",""
ball,2,9.6,Rajasthan Royals,NV Ojha,YK Pathan,RS Bopara,0,0,,,,,,"",""
ball,2,10.1,Rajasthan Royals,YK Pathan,NV Ojha,PP Chawla,1,0,,,,,,"",""
ball,2,10.2,Rajasthan Royals,NV Ojha,YK Pathan,PP Chawla,1,0,,,,,,"",""
ball,2,10.3,Rajasthan Royals,YK Pathan,NV Ojha,PP Chawla,1,0,,,,,,"",""
ball,2,10.4,Rajasthan Royals,NV Ojha,YK Pathan,PP Chawla,0,0,,,,,,"",""
ball,2,10.5,Rajasthan Royals,NV Ojha,YK Pathan,PP Chawla,2,0,,,,,,"",""
ball,2,10.6,Rajasthan Royals,NV Ojha,YK Pathan,PP Chawla,0,0,,,,,,"",""
ball,2,11.1,Rajasthan Royals,YK Pathan,NV Ojha,RS Bopara,1,0,,,,,,"",""
ball,2,11.2,Rajasthan Royals,NV Ojha,YK Pathan,RS Bopara,0,1,,,,1,,"",""
ball,2,11.3,Rajasthan Royals,YK Pathan,NV Ojha,RS Bopara,0,1,1,,,,,"",""
ball,2,11.4,Rajasthan Royals,YK Pathan,NV Ojha,RS Bopara,1,0,,,,,,"",""
ball,2,11.5,Rajasthan Royals,NV Ojha,YK Pathan,RS Bopara,0,1,1,,,,,"",""
ball,2,11.6,Rajasthan Royals,NV Ojha,YK Pathan,RS Bopara,4,0,,,,,,"",""
ball,2,11.7,Rajasthan Royals,NV Ojha,YK Pathan,RS Bopara,1,0,,,,,,"",""
ball,2,11.8,Rajasthan Royals,YK Pathan,NV Ojha,RS Bopara,6,0,,,,,,"",""
ball,2,12.1,Rajasthan Royals,NV Ojha,YK Pathan,PP Chawla,0,0,,,,,,"",""
ball,2,12.2,Rajasthan Royals,NV Ojha,YK Pathan,PP Chawla,2,0,,,,,,"",""
ball,2,12.3,Rajasthan Royals,NV Ojha,YK Pathan,PP Chawla,6,0,,,,,,"",""
ball,2,12.4,Rajasthan Royals,NV Ojha,YK Pathan,PP Chawla,0,0,,,,,,"",""
ball,2,12.5,Rajasthan Royals,NV Ojha,YK Pathan,PP Chawla,0,0,,,,,,"",""
ball,2,12.6,Rajasthan Royals,NV Ojha,YK Pathan,PP Chawla,0,0,,,,,,"",""
ball,2,13.1,Rajasthan Royals,YK Pathan,NV Ojha,J Theron,0,0,,,,,,"",""
ball,2,13.2,Rajasthan Royals,YK Pathan,NV Ojha,J Theron,1,0,,,,,,"",""
ball,2,13.3,Rajasthan Royals,NV Ojha,YK Pathan,J Theron,1,0,,,,,,"",""
ball,2,13.4,Rajasthan Royals,YK Pathan,NV Ojha,J Theron,1,0,,,,,,"",""
ball,2,13.5,Rajasthan Royals,NV Ojha,YK Pathan,J Theron,0,0,,,,,,"",""
ball,2,13.6,Rajasthan Royals,NV Ojha,YK Pathan,J Theron,0,0,,,,,,"",""
ball,2,14.1,Rajasthan Royals,YK Pathan,NV Ojha,S Sreesanth,1,0,,,,,,"",""
ball,2,14.2,Rajasthan Royals,NV Ojha,YK Pathan,S Sreesanth,1,0,,,,,,"",""
ball,2,14.3,Rajasthan Royals,YK Pathan,NV Ojha,S Sreesanth,0,0,,,,,,"",""
ball,2,14.4,Rajasthan Royals,YK Pathan,NV Ojha,S Sreesanth,6,0,,,,,,"",""
ball,2,14.5,Rajasthan Royals,YK Pathan,NV Ojha,S Sreesanth,1,1,,1,,,,"",""
ball,2,14.6,Rajasthan Royals,NV Ojha,YK Pathan,S Sreesanth,0,0,,,,,,"",""
ball,2,14.7,Rajasthan Royals,NV Ojha,YK Pathan,S Sreesanth,4,0,,,,,,"",""
