version,1.6.0
info,balls_per_over,6
info,team,Delhi Daredevils
info,team,Mumbai Indians
info,gender,male
info,season,2009/10
info,date,2010/03/17
info,event,Indian Premier League
info,match_number,9
info,venue,Feroz Shah Kotla
info,city,Delhi
info,toss_winner,Delhi Daredevils
info,toss_decision,field
info,player_of_match,SR Tendulkar
info,umpire,BR Doctrove
info,umpire,SK Tarapore
info,reserve_umpire,A Chaudhary
info,tv_umpire,S Ravi
info,match_referee,S Venkataraghavan
info,winner,Mumbai Indians
info,winner_runs,98
info,player,Delhi Daredevils,TM Dilshan
info,player,Delhi Daredevils,V Sehwag
info,player,Delhi Daredevils,AB de Villiers
info,player,Delhi Daredevils,MF Maharoof
info,player,Delhi Daredevils,KD Karthik
info,player,Delhi Daredevils,M Manhas
info,player,Delhi Daredevils,A Mishra
info,player,Delhi Daredevils,PJ Sangwan
info,player,Delhi Daredevils,S Ladda
info,player,Delhi Daredevils,DP Nannes
info,player,Delhi Daredevils,G Gambhir
info,player,Mumbai Indians,ST Jayasuriya
info,player,Mumbai Indians,SR Tendulkar
info,player,Mumbai Indians,AP Tare
info,player,Mumbai Indians,SS Tiwary
info,player,Mumbai Indians,AT Rayudu
info,player,Mumbai Indians,KA Pollard
info,player,Mumbai Indians,DJ Bravo
info,player,Mumbai Indians,R Sathish
info,player,Mumbai Indians,Harbhajan Singh
info,player,Mumbai Indians,Z Khan
info,player,Mumbai Indians,SL Malinga
info,registry,people,A Chaudhary,ffead9c2
info,registry,people,A Mishra,6b19d823
info,registry,people,AB de Villiers,c4487b84
info,registry,people,AP Tare,855a210c
info,registry,people,AT Rayudu,70d205c9
info,registry,people,BR Doctrove,cbebf805
info,registry,people,DJ Bravo,87e562a9
info,registry,people,DP Nannes,c404f58a
info,registry,people,G Gambhir,bb345e0b
info,registry,people,Harbhajan Singh,8b5b6769
info,registry,people,KA Pollard,a757b0d8
info,registry,people,KD Karthik,c03f1114
info,registry,people,M Manhas,c42aaf71
info,registry,people,MF Maharoof,ab89348d
info,registry,people,PJ Sangwan,9fc0ef64
info,registry,people,R Sathish,626c5379
info,registry,people,S Ladda,fb693839
info,registry,people,S Ravi,9b9ee0df
info,registry,people,S Venkataraghavan,12453319
info,registry,people,SK Tarapore,62a824b4
info,registry,people,SL Malinga,a12e1d51
info,registry,people,SR Tendulkar,d2c2b2d5
info,registry,people,SS Tiwary,709b0bac
info,registry,people,ST Jayasuriya,f233bbb4
info,registry,people,TM Dilshan,5bdcdb72
info,registry,people,V Sehwag,8ba8195d
info,registry,people,Y Nagar,662c47a6
info,registry,people,Z Khan,91a4a398
ball,1,0.1,Mumbai Indians,ST Jayasuriya,SR Tendulkar,DP Nannes,0,3,3,,,,,"",""
ball,1,0.2,Mumbai Indians,ST Jayasuriya,SR Tendulkar,DP Nannes,1,0,,,,,,"",""
ball,1,0.3,Mumbai Indians,SR Tendulkar,ST Jayasuriya,DP Nannes,4,0,,,,,,"",""
ball,1,0.4,Mumbai Indians,SR Tendulkar,ST Jayasuriya,DP Nannes,0,0,,,,,,"",""
ball,1,0.5,Mumbai Indians,SR Tendulkar,ST Jayasuriya,DP Nannes,3,0,,,,,,"",""
ball,1,0.6,Mumbai Indians,ST Jayasuriya,SR Tendulkar,DP Nannes,0,0,,,,,,"",""
ball,1,0.7,Mumbai Indians,ST Jayasuriya,SR Tendulkar,DP Nannes,0,1,,,,1,,"",""
ball,1,1.1,Mumbai Indians,ST Jayasuriya,SR Tendulkar,MF Maharoof,0,0,,,,,,"",""
ball,1,1.2,Mumbai Indians,ST Jayasuriya,SR Tendulkar,MF Maharoof,4,0,,,,,,"",""
ball,1,1.3,Mumbai Indians,ST Jayasuriya,SR Tendulkar,MF Maharoof,0,0,,,,,,"",""
ball,1,1.4,Mumbai Indians,ST Jayasuriya,SR Tendulkar,MF Maharoof,1,0,,,,,,"",""
ball,1,1.5,Mumbai Indians,SR Tendulkar,ST Jayasuriya,MF Maharoof,4,0,,,,,,"",""
ball,1,1.6,Mumbai Indians,SR Tendulkar,ST Jayasuriya,MF Maharoof,1,0,,,,,,"",""
ball,1,2.1,Mumbai Indians,SR Tendulkar,ST Jayasuriya,DP Nannes,0,0,,,,,,"",""
ball,1,2.2,Mumbai Indians,SR Tendulkar,ST Jayasuriya,DP Nannes,4,0,,,,,,"",""
ball,1,2.3,Mumbai Indians,SR Tendulkar,ST Jayasuriya,DP Nannes,1,0,,,,,,"",""
ball,1,2.4,Mumbai Indians,ST Jayasuriya,SR Tendulkar,DP Nannes,0,0,,,,,,"",""
ball,1,2.5,Mumbai Indians,ST Jayasuriya,SR Tendulkar,DP Nannes,1,0,,,,,,"",""
ball,1,2.6,Mumbai Indians,SR Tendulkar,ST Jayasuriya,DP Nannes,1,0,,,,,,"",""
ball,1,3.1,Mumbai Indians,SR Tendulkar,ST Jayasuriya,MF Maharoof,4,0,,,,,,"",""
ball,1,3.2,Mumbai Indians,SR Tendulkar,ST Jayasuriya,MF Maharoof,4,0,,,,,,"",""
ball,1,3.3,Mumbai Indians,SR Tendulkar,ST Jayasuriya,MF Maharoof,1,0,,,,,,"",""
ball,1,3.4,Mumbai Indians,ST Jayasuriya,SR Tendulkar,MF Maharoof,0,0,,,,,,caught,ST Jayasuriya
ball,1,3.5,Mumbai Indians,SR Tendulkar,AP Tare,MF Maharoof,4,0,,,,,,"",""
ball,1,3.6,Mumbai Indians,SR Tendulkar,AP Tare,MF Maharoof,4,0,,,,,,"",""
ball,1,4.1,Mumbai Indians,AP Tare,SR Tendulkar,PJ Sangwan,0,0,,,,,,"",""
ball,1,4.2,Mumbai Indians,AP Tare,SR Tendulkar,PJ Sangwan,2,0,,,,,,"",""
ball,1,4.3,Mumbai Indians,AP Tare,SR Tendulkar,PJ Sangwan,6,0,,,,,,"",""
ball,1,4.4,Mumbai Indians,AP Tare,SR Tendulkar,PJ Sangwan,0,0,,,,,,"",""
ball,1,4.5,Mumbai Indians,AP Tare,SR Tendulkar,PJ Sangwan,0,0,,,,,,"",""
ball,1,4.6,Mumbai Indians,AP Tare,SR Tendulkar,PJ Sangwan,2,0,,,,,,"",""
ball,1,5.1,Mumbai Indians,SR Tendulkar,AP Tare,S Ladda,1,0,,,,,,"",""
ball,1,5.2,Mumbai Indians,AP Tare,SR Tendulkar,S Ladda,0,0,,,,,,"",""
ball,1,5.3,Mumbai Indians,AP Tare,SR Tendulkar,S Ladda,1,0,,,,,,"",""
ball,1,5.4,Mumbai Indians,SR Tendulkar,AP Tare,S Ladda,4,0,,,,,,"",""
ball,1,5.5,Mumbai Indians,SR Tendulkar,AP Tare,S Ladda,4,0,,,,,,"",""
ball,1,5.6,Mumbai Indians,SR Tendulkar,AP Tare,S Ladda,0,1,,,,1,,"",""
ball,1,6.1,Mumbai Indians,SR Tendulkar,AP Tare,PJ Sangwan,1,0,,,,,,"",""
ball,1,6.2,Mumbai Indians,AP Tare,SR Tendulkar,PJ Sangwan,6,0,,,,,,"",""
ball,1,6.3,Mumbai Indians,AP Tare,SR Tendulkar,PJ Sangwan,0,0,,,,,,bowled,AP Tare
ball,1,6.4,Mumbai Indians,SS Tiwary,SR Tendulkar,PJ Sangwan,1,0,,,,,,"",""
ball,1,6.5,Mumbai Indians,SR Tendulkar,SS Tiwary,PJ Sangwan,1,0,,,,,,"",""
ball,1,6.6,Mumbai Indians,SS Tiwary,SR Tendulkar,PJ Sangwan,4,0,,,,,,"",""
ball,1,7.1,Mumbai Indians,SR Tendulkar,SS Tiwary,S Ladda,1,0,,,,,,"",""
ball,1,7.2,Mumbai Indians,SS Tiwary,SR Tendulkar,S Ladda,1,0,,,,,,"",""
ball,1,7.3,Mumbai Indians,SR Tendulkar,SS Tiwary,S Ladda,1,0,,,,,,"",""
ball,1,7.4,Mumbai Indians,SS Tiwary,SR Tendulkar,S Ladda,1,0,,,,,,"",""
ball,1,7.5,Mumbai Indians,SR Tendulkar,SS Tiwary,S Ladda,3,0,,,,,,"",""
ball,1,7.6,Mumbai Indians,SS Tiwary,SR Tendulkar,S Ladda,1,0,,,,,,"",""
ball,1,8.1,Mumbai Indians,SS Tiwary,SR Tendulkar,A Mishra,1,0,,,,,,"",""
ball,1,8.2,Mumbai Indians,SR Tendulkar,SS Tiwary,A Mishra,0,0,,,,,,"",""
ball,1,8.3,Mumbai Indians,SR Tendulkar,SS Tiwary,A Mishra,1,0,,,,,,"",""
ball,1,8.4,Mumbai Indians,SS Tiwary,SR Tendulkar,A Mishra,2,0,,,,,,"",""
ball,1,8.5,Mumbai Indians,SS Tiwary,SR Tendulkar,A Mishra,6,0,,,,,,"",""
ball,1,8.6,Mumbai Indians,SS Tiwary,SR Tendulkar,A Mishra,0,0,,,,,,"",""
ball,1,9.1,Mumbai Indians,SR Tendulkar,SS Tiwary,MF Maharoof,0,5,5,,,,,"",""
ball,1,9.2,Mumbai Indians,SR Tendulkar,SS Tiwary,MF Maharoof,1,0,,,,,,"",""
ball,1,9.3,Mumbai Indians,SS Tiwary,SR Tendulkar,MF Maharoof,1,0,,,,,,"",""
ball,1,9.4,Mumbai Indians,SR Tendulkar,SS Tiwary,MF Maharoof,0,1,,,,1,,"",""
ball,1,9.5,Mumbai Indians,SS Tiwary,SR Tendulkar,MF Maharoof,4,0,,,,,,"",""
ball,1,9.6,Mumbai Indians,SS Tiwary,SR Tendulkar,MF Maharoof,0,1,,,1,,,"",""
ball,1,9.7,Mumbai Indians,SR Tendulkar,SS Tiwary,MF Maharoof,1,0,,,,,,"",""
ball,1,10.1,Mumbai Indians,SR Tendulkar,SS Tiwary,A Mishra,4,0,,,,,,"",""
ball,1,10.2,Mumbai Indians,SR Tendulkar,SS Tiwary,A Mishra,4,0,,,,,,"",""
ball,1,10.3,Mumbai Indians,SR Tendulkar,SS Tiwary,A Mishra,1,0,,,,,,"",""
ball,1,10.4,Mumbai Indians,SS Tiwary,SR Tendulkar,A Mishra,1,0,,,,,,"",""
ball,1,10.5,Mumbai Indians,SR Tendulkar,SS Tiwary,A Mishra,0,0,,,,,,caught,SR Tendulkar
ball,1,10.6,Mumbai Indians,SS Tiwary,AT Rayudu,A Mishra,0,0,,,,,,"",""
ball,1,11.1,Mumbai Indians,AT Rayudu,SS Tiwary,PJ Sangwan,0,0,,,,,,"",""
ball,1,11.2,Mumbai Indians,AT Rayudu,SS Tiwary,PJ Sangwan,0,0,,,,,,"",""
ball,1,11.3,Mumbai Indians,AT Rayudu,SS Tiwary,PJ Sangwan,0,0,,,,,,"",""
ball,1,11.4,Mumbai Indians,AT Rayudu,SS Tiwary,PJ Sangwan,0,1,1,,,,,"",""
ball,1,11.5,Mumbai Indians,AT Rayudu,SS Tiwary,PJ Sangwan,1,0,,,,,,"",""
ball,1,11.6,Mumbai Indians,SS Tiwary,AT Rayudu,PJ Sangwan,0,0,,,,,,"",""
ball,1,11.7,Mumbai Indians,SS Tiwary,AT Rayudu,PJ Sangwan,1,0,,,,,,"",""
ball,1,12.1,Mumbai Indians,SS Tiwary,AT Rayudu,A Mishra,1,0,,,,,,"",""
ball,1,12.2,Mumbai Indians,AT Rayudu,SS Tiwary,A Mishra,1,0,,,,,,"",""
ball,1,12.3,Mumbai Indians,SS Tiwary,AT Rayudu,A Mishra,1,0,,,,,,"",""
ball,1,12.4,Mumbai Indians,AT Rayudu,SS Tiwary,A Mishra,6,0,,,,,,"",""
ball,1,12.5,Mumbai Indians,AT Rayudu,SS Tiwary,A Mishra,1,0,,,,,,"",""
ball,1,12.6,Mumbai Indians,SS Tiwary,AT Rayudu,A Mishra,1,0,,,,,,"",""
ball,1,13.1,Mumbai Indians,SS Tiwary,AT Rayudu,PJ Sangwan,3,0,,,,,,"",""
ball,1,13.2,Mumbai Indians,AT Rayudu,SS Tiwary,PJ Sangwan,1,0,,,,,,"",""
ball,1,13.3,Mumbai Indians,SS Tiwary,AT Rayudu,PJ Sangwan,0,1,1,,,,,"",""
ball,1,13.4,Mumbai Indians,SS Tiwary,AT Rayudu,PJ Sangwan,6,0,,,,,,"",""
ball,1,13.5,Mumbai Indians,SS Tiwary,AT Rayudu,PJ Sangwan,1,0,,,,,,"",""
ball,1,13.6,Mumbai Indians,AT Rayudu,SS Tiwary,PJ Sangwan,2,0,,,,,,"",""
ball,1,13.7,Mumbai Indians,AT Rayudu,SS Tiwary,PJ Sangwan,1,0,,,,,,"",""
ball,1,14.1,Mumbai Indians,AT Rayudu,SS Tiwary,S Ladda,1,0,,,,,,"",""
ball,1,14.2,Mumbai Indians,SS Tiwary,AT Rayudu,S Ladda,1,0,,,,,,"",""
ball,1,14.3,Mumbai Indians,AT Rayudu,SS Tiwary,S Ladda,4,0,,,,,,"",""
ball,1,14.4,Mumbai Indians,AT Rayudu,SS Tiwary,S Ladda,1,0,,,,,,"",""
ball,1,14.5,Mumbai Indians,SS Tiwary,AT Rayudu,S Ladda,1,0,,,,,,"",""
ball,1,14.6,Mumbai Indians,AT Rayudu,SS Tiwary,S Ladda,6,0,,,,,,"",""
ball,1,15.1,Mumbai Indians,SS Tiwary,AT Rayudu,DP Nannes,1,0,,,,,,"",""
ball,1,15.2,Mumbai Indians,AT Rayudu,SS Tiwary,DP Nannes,0,0,,,,,,"",""
ball,1,15.3,Mumbai Indians,AT Rayudu,SS Tiwary,DP Nannes,1,0,,,,,,"",""
ball,1,15.4,Mumbai Indians,SS Tiwary,AT Rayudu,DP Nannes,1,0,,,,,,"",""
ball,1,15.5,Mumbai Indians,AT Rayudu,SS Tiwary,DP Nannes,6,0,,,,,,"",""
ball,1,15.6,Mumbai Indians,AT Rayudu,SS Tiwary,DP Nannes,0,0,,,,,,"",""
ball,1,16.1,Mumbai Indians,SS Tiwary,AT Rayudu,A Mishra,6,0,,,,,,"",""
ball,1,16.2,Mumbai Indians,SS Tiwary,AT Rayudu,A Mishra,1,0,,,,,,"",""
ball,1,16.3,Mumbai Indians,AT Rayudu,SS Tiwary,A Mishra,1,0,,,,,,"",""
ball,1,16.4,Mumbai Indians,SS Tiwary,AT Rayudu,A Mishra,0,0,,,,,,"",""
ball,1,16.5,Mumbai Indians,SS Tiwary,AT Rayudu,A Mishra,0,1,1,,,,,"",""
ball,1,16.6,Mumbai Indians,SS Tiwary,AT Rayudu,A Mishra,0,0,,,,,,"",""
ball,1,16.7,Mumbai Indians,SS Tiwary,AT Rayudu,A Mishra,4,0,,,,,,"",""
ball,1,17.1,Mumbai Indians,AT Rayudu,SS Tiwary,MF Maharoof,1,0,,,,,,"",""
ball,1,17.2,Mumbai Indians,SS Tiwary,AT Rayudu,MF Maharoof,4,0,,,,,,"",""
ball,1,17.3,Mumbai Indians,SS Tiwary,AT Rayudu,MF Maharoof,1,0,,,,,,"",""
ball,1,17.4,Mumbai Indians,AT Rayudu,SS Tiwary,MF Maharoof,0,0,,,,,,caught,AT Rayudu
ball,1,17.5,Mumbai Indians,SS Tiwary,KA Pollard,MF Maharoof,2,0,,,,,,"",""
ball,1,17.6,Mumbai Indians,SS Tiwary,KA Pollard,MF Maharoof,1,1,,1,,,,"",""
ball,1,17.7,Mumbai Indians,KA Pollard,SS Tiwary,MF Maharoof,1,0,,,,,,"",""
ball,1,18.1,Mumbai Indians,KA Pollard,SS Tiwary,DP Nannes,0,1,,1,,,,"",""
ball,1,18.2,Mumbai Indians,KA Pollard,SS Tiwary,DP Nannes,4,0,,,,,,"",""
ball,1,18.3,Mumbai Indians,KA Pollard,SS Tiwary,DP Nannes,1,0,,,,,,"",""
ball,1,18.4,Mumbai Indians,SS Tiwary,KA Pollard,DP Nannes,0,0,,,,,,"",""
ball,1,18.5,Mumbai Indians,SS Tiwary,KA Pollard,DP Nannes,1,0,,,,,,"",""
ball,1,18.6,Mumbai Indians,KA Pollard,SS Tiwary,DP Nannes,0,0,,,,,,run out,SS Tiwary
ball,1,18.7,Mumbai Indians,DJ Bravo,KA Pollard,DP Nannes,1,0,,,,,,"",""
ball,1,19.1,Mumbai Indians,DJ Bravo,KA Pollard,S Ladda,6,0,,,,,,"",""
ball,1,19.2,Mumbai Indians,DJ Bravo,KA Pollard,S Ladda,2,0,,,,,,"",""
ball,1,19.3,Mumbai Indians,DJ Bravo,KA Pollard,S Ladda,0,0,,,,,,caught,DJ Bravo
ball,1,19.4,Mumbai Indians,KA Pollard,R Sathish,S Ladda,4,0,,,,,,"",""
ball,1,19.5,Mumbai Indians,KA Pollard,R Sathish,S Ladda,0,0,,,,,,"",""
ball,1,19.6,Mumbai Indians,KA Pollard,R Sathish,S Ladda,0,0,,,,,,stumped,KA Pollard
ball,2,0.1,Delhi Daredevils,TM Dilshan,V Sehwag,Z Khan,4,0,,,,,,"",""
ball,2,0.2,Delhi Daredevils,TM Dilshan,V Sehwag,Z Khan,1,0,,,,,,"",""
ball,2,0.3,Delhi Daredevils,V Sehwag,TM Dilshan,Z Khan,2,0,,,,,,"",""
ball,2,0.4,Delhi Daredevils,V Sehwag,TM Dilshan,Z Khan,1,0,,,,,,"",""
ball,2,0.5,Delhi Daredevils,TM Dilshan,V Sehwag,Z Khan,1,0,,,,,,"",""
ball,2,0.6,Delhi Daredevils,V Sehwag,TM Dilshan,Z Khan,4,0,,,,,,"",""
ball,2,1.1,Delhi Daredevils,TM Dilshan,V Sehwag,SL Malinga,0,0,,,,,,"",""
ball,2,1.2,Delhi Daredevils,TM Dilshan,V Sehwag,SL Malinga,0,1,1,,,,,"",""
ball,2,1.3,Delhi Daredevils,TM Dilshan,V Sehwag,SL Malinga,4,0,,,,,,"",""
ball,2,1.4,Delhi Daredevils,TM Dilshan,V Sehwag,SL Malinga,1,0,,,,,,"",""
ball,2,1.5,Delhi Daredevils,V Sehwag,TM Dilshan,SL Malinga,4,0,,,,,,"",""
ball,2,1.6,Delhi Daredevils,V Sehwag,TM Dilshan,SL Malinga,1,0,,,,,,"",""
ball,2,1.7,Delhi Daredevils,TM Dilshan,V Sehwag,SL Malinga,1,0,,,,,,"",""
ball,2,2.1,Delhi Daredevils,TM Dilshan,V Sehwag,Z Khan,1,0,,,,,,"",""
ball,2,2.2,Delhi Daredevils,V Sehwag,TM Dilshan,Z Khan,1,0,,,,,,"",""
ball,2,2.3,Delhi Daredevils,TM Dilshan,V Sehwag,Z Khan,0,1,,,,1,,"",""
ball,2,2.4,Delhi Daredevils,V Sehwag,TM Dilshan,Z Khan,0,0,,,,,,"",""
ball,2,2.5,Delhi Daredevils,V Sehwag,TM Dilshan,Z Khan,4,0,,,,,,"",""
ball,2,2.6,Delhi Daredevils,V Sehwag,TM Dilshan,Z Khan,1,0,,,,,,"",""
ball,2,3.1,Delhi Daredevils,V Sehwag,TM Dilshan,SL Malinga,1,0,,,,,,"",""
ball,2,3.2,Delhi Daredevils,TM Dilshan,V Sehwag,SL Malinga,4,0,,,,,,"",""
ball,2,3.3,Delhi Daredevils,TM Dilshan,V Sehwag,SL Malinga,0,0,,,,,,"",""
ball,2,3.4,Delhi Daredevils,TM Dilshan,V Sehwag,SL Malinga,0,0,,,,,,bowled,TM Dilshan
ball,2,3.5,Delhi Daredevils,AB de Villiers,V Sehwag,SL Malinga,4,0,,,,,,"",""
ball,2,3.6,Delhi Daredevils,AB de Villiers,V Sehwag,SL Malinga,1,0,,,,,,"",""
ball,2,4.1,Delhi Daredevils,AB de Villiers,V Sehwag,DJ Bravo,0,0,,,,,,"",""
ball,2,4.2,Delhi Daredevils,AB de Villiers,V Sehwag,DJ Bravo,0,0,,,,,,"",""
ball,2,4.3,Delhi Daredevils,AB de Villiers,V Sehwag,DJ Bravo,0,0,,,,,,"",""
ball,2,4.4,Delhi Daredevils,AB de Villiers,V Sehwag,DJ Bravo,4,0,,,,,,"",""
ball,2,4.5,Delhi Daredevils,AB de Villiers,V Sehwag,DJ Bravo,1,0,,,,,,"",""
ball,2,4.6,Delhi Daredevils,V Sehwag,AB de Villiers,DJ Bravo,1,0,,,,,,"",""
ball,2,5.1,Delhi Daredevils,V Sehwag,AB de Villiers,KA Pollard,1,0,,,,,,"",""
ball,2,5.2,Delhi Daredevils,AB de Villiers,V Sehwag,KA Pollard,0,0,,,,,,"",""
ball,2,5.3,Delhi Daredevils,AB de Villiers,V Sehwag,KA Pollard,1,0,,,,,,"",""
ball,2,5.4,Delhi Daredevils,V Sehwag,AB de Villiers,KA Pollard,4,0,,,,,,"",""
ball,2,5.5,Delhi Daredevils,V Sehwag,AB de Villiers,KA Pollard,0,0,,,,,,"",""
ball,2,5.6,Delhi Daredevils,V Sehwag,AB de Villiers,KA Pollard,1,0,,,,,,"",""
ball,2,6.1,Delhi Daredevils,V Sehwag,AB de Villiers,DJ Bravo,0,0,,,,,,caught,V Sehwag
ball,2,6.2,Delhi Daredevils,AB de Villiers,MF Maharoof,DJ Bravo,0,1,,,,1,,"",""
ball,2,6.3,Delhi Daredevils,MF Maharoof,AB de Villiers,DJ Bravo,0,0,,,,,,"",""
ball,2,6.4,Delhi Daredevils,MF Maharoof,AB de Villiers,DJ Bravo,1,0,,,,,,"",""
ball,2,6.5,Delhi Daredevils,AB de Villiers,MF Maharoof,DJ Bravo,0,0,,,,,,bowled,AB de Villiers
ball,2,6.6,Delhi Daredevils,KD Karthik,MF Maharoof,DJ Bravo,4,0,,,,,,"",""
ball,2,7.1,Delhi Daredevils,MF Maharoof,KD Karthik,KA Pollard,1,0,,,,,,"",""
ball,2,7.2,Delhi Daredevils,KD Karthik,MF Maharoof,KA Pollard,4,0,,,,,,"",""
ball,2,7.3,Delhi Daredevils,KD Karthik,MF Maharoof,KA Pollard,4,0,,,,,,"",""
ball,2,7.4,Delhi Daredevils,KD Karthik,MF Maharoof,KA Pollard,1,0,,,,,,"",""
ball,2,7.5,Delhi Daredevils,MF Maharoof,KD Karthik,KA Pollard,0,1,,,1,,,"",""
ball,2,7.6,Delhi Daredevils,KD Karthik,MF Maharoof,KA Pollard,2,0,,,,,,"",""
ball,2,8.1,Delhi Daredevils,MF Maharoof,KD Karthik,Harbhajan Singh,1,0,,,,,,"",""
ball,2,8.2,Delhi Daredevils,KD Karthik,MF Maharoof,Harbhajan Singh,1,0,,,,,,"",""
ball,2,8.3,Delhi Daredevils,MF Maharoof,KD Karthik,Harbhajan Singh,0,0,,,,,,"",""
ball,2,8.4,Delhi Daredevils,MF Maharoof,KD Karthik,Harbhajan Singh,1,0,,,,,,"",""
ball,2,8.5,Delhi Daredevils,KD Karthik,MF Maharoof,Harbhajan Singh,0,1,1,,,,,stumped,KD Karthik
ball,2,8.6,Delhi Daredevils,M Manhas,MF Maharoof,Harbhajan Singh,0,0,,,,,,"",""
ball,2,8.7,Delhi Daredevils,M Manhas,MF Maharoof,Harbhajan Singh,1,0,,,,,,"",""
ball,2,9.1,Delhi Daredevils,M Manhas,MF Maharoof,ST Jayasuriya,0,0,,,,,,caught,M Manhas
ball,2,9.2,Delhi Daredevils,MF Maharoof,A Mishra,ST Jayasuriya,0,0,,,,,,"",""
ball,2,9.3,Delhi Daredevils,MF Maharoof,A Mishra,ST Jayasuriya,2,0,,,,,,"",""
ball,2,9.4,Delhi Daredevils,MF Maharoof,A Mishra,ST Jayasuriya,0,0,,,,,,"",""
ball,2,9.5,Delhi Daredevils,MF Maharoof,A Mishra,ST Jayasuriya,1,0,,,,,,"",""
ball,2,9.6,Delhi Daredevils,A Mishra,MF Maharoof,ST Jayasuriya,1,0,,,,,,"",""
ball,2,10.1,Delhi Daredevils,A Mishra,MF Maharoof,Harbhajan Singh,1,0,,,,,,"",""
ball,2,10.2,Delhi Daredevils,MF Maharoof,A Mishra,Harbhajan Singh,4,0,,,,,,"",""
ball,2,10.3,Delhi Daredevils,MF Maharoof,A Mishra,Harbhajan Singh,0,0,,,,,,"",""
ball,2,10.4,Delhi Daredevils,MF Maharoof,A Mishra,Harbhajan Singh,6,0,,,,,,"",""
ball,2,10.5,Delhi Daredevils,MF Maharoof,A Mishra,Harbhajan Singh,6,0,,,,,,"",""
ball,2,10.6,Delhi Daredevils,MF Maharoof,A Mishra,Harbhajan Singh,1,0,,,,,,"",""
ball,2,11.1,Delhi Daredevils,MF Maharoof,A Mishra,ST Jayasuriya,4,0,,,,,,"",""
ball,2,11.2,Delhi Daredevils,MF Maharoof,A Mishra,ST Jayasuriya,0,0,,,,,,stumped,MF Maharoof
ball,2,11.3,Delhi Daredevils,PJ Sangwan,A Mishra,ST Jayasuriya,0,0,,,,,,"",""
ball,2,11.4,Delhi Daredevils,PJ Sangwan,A Mishra,ST Jayasuriya,0,5,5,,,,,"",""
ball,2,11.5,Delhi Daredevils,PJ Sangwan,A Mishra,ST Jayasuriya,0,0,,,,,,"",""
ball,2,11.6,Delhi Daredevils,PJ Sangwan,A Mishra,ST Jayasuriya,0,0,,,,,,"",""
ball,2,11.7,Delhi Daredevils,PJ Sangwan,A Mishra,ST Jayasuriya,1,0,,,,,,"",""
ball,2,12.1,Delhi Daredevils,PJ Sangwan,A Mishra,KA Pollard,0,0,,,,,,"",""
ball,2,12.2,Delhi Daredevils,PJ Sangwan,A Mishra,KA Pollard,1,0,,,,,,"",""
ball,2,12.3,Delhi Daredevils,A Mishra,PJ Sangwan,KA Pollard,1,0,,,,,,"",""
ball,2,12.4,Delhi Daredevils,PJ Sangwan,A Mishra,KA Pollard,1,0,,,,,,"",""
ball,2,12.5,Delhi Daredevils,A Mishra,PJ Sangwan,KA Pollard,0,0,,,,,,"",""
ball,2,12.6,Delhi Daredevils,A Mishra,PJ Sangwan,KA Pollard,0,0,,,,,,bowled,A Mishra
ball,2,13.1,Delhi Daredevils,PJ Sangwan,S Ladda,ST Jayasuriya,0,0,,,,,,"",""
ball,2,13.2,Delhi Daredevils,PJ Sangwan,S Ladda,ST Jayasuriya,1,0,,,,,,"",""
ball,2,13.3,Delhi Daredevils,S Ladda,PJ Sangwan,ST Jayasuriya,0,0,,,,,,run out,PJ Sangwan
ball,2,13.4,Delhi Daredevils,DP Nannes,S Ladda,ST Jayasuriya,0,0,,,,,,"",""
ball,2,13.5,Delhi Daredevils,DP Nannes,S Ladda,ST Jayasuriya,1,0,,,,,,"",""
ball,2,13.6,Delhi Daredevils,S Ladda,DP Nannes,ST Jayasuriya,0,0,,,,,,"",""
ball,2,14.1,Delhi Daredevils,DP Nannes,S Ladda,KA Pollard,0,0,,,,,,"",""
ball,2,14.2,Delhi Daredevils,DP Nannes,S Ladda,KA Pollard,1,0,,,,,,"",""
ball,2,14.3,Delhi Daredevils,S Ladda,DP Nannes,KA Pollard,0,0,,,,,,"",""
ball,2,14.4,Delhi Daredevils,S Ladda,DP Nannes,KA Pollard,0,0,,,,,,"",""
ball,2,14.5,Delhi Daredevils,S Ladda,DP Nannes,KA Pollard,0,0,,,,,,"",""
ball,2,14.6,Delhi Daredevils,S Ladda,DP Nannes,KA Pollard,0,1,1,,,,,"",""
ball,2,14.7,Delhi Daredevils,S Ladda,DP Nannes,KA Pollard,0,0,,,,,,"",""
ball,2,15.1,Delhi Daredevils,DP Nannes,S Ladda,ST Jayasuriya,0,0,,,,,,"",""
ball,2,15.2,Delhi Daredevils,DP Nannes,S Ladda,ST Jayasuriya,0,0,,,,,,"",""
ball,2,15.3,Delhi Daredevils,DP Nannes,S Ladda,ST Jayasuriya,0,0,,,,,,"",""
ball,2,15.4,Delhi Daredevils,DP Nannes,S Ladda,ST Jayasuriya,1,0,,,,,,"",""
ball,2,15.5,Delhi Daredevils,S Ladda,DP Nannes,ST Jayasuriya,0,0,,,,,,"",""
ball,2,15.6,Delhi Daredevils,S Ladda,DP Nannes,ST Jayasuriya,0,0,,,,,,"",""
ball,2,16.1,Delhi Daredevils,DP Nannes,S Ladda,Harbhajan Singh,0,0,,,,,,"",""
ball,2,16.2,Delhi Daredevils,DP Nannes,S Ladda,Harbhajan Singh,0,0,,,,,,"",""
ball,2,16.3,Delhi Daredevils,DP Nannes,S Ladda,Harbhajan Singh,0,0,,,,,,bowled,DP Nannes
