version,1.6.0
info,balls_per_over,6
info,team,Royal Challengers Bangalore
info,team,Deccan Chargers
info,gender,male
info,season,2009/10
info,date,2010/04/08
info,event,Indian Premier League
info,match_number,40
info,venue,M Chinnaswamy Stadium
info,city,Bangalore
info,toss_winner,Deccan Chargers
info,toss_decision,field
info,player_of_match,TL Suman
info,umpire,S Asnani
info,umpire,DJ Harper
info,reserve_umpire,KN Ananthapadmanabhan
info,tv_umpire,K Hariharan
info,match_referee,J Srinath
info,winner,Deccan Chargers
info,winner_wickets,7
info,player,Deccan Chargers,AC Gilchrist
info,player,Deccan Chargers,MD Mishra
info,player,Deccan Chargers,TL Suman
info,player,Deccan Chargers,RG Sharma
info,player,Deccan Chargers,A Symonds
info,player,Deccan Chargers,Y Venugopal Rao
info,player,Deccan Chargers,MR Marsh
info,player,Deccan Chargers,RP Singh
info,player,Deccan Chargers,PP Ojha
info,player,Deccan Chargers,RJ Harris
info,player,Deccan Chargers,Harmeet Singh
info,player,Royal Challengers Bangalore,MK Pandey
info,player,Royal Challengers Bangalore,JH Kallis
info,player,Royal Challengers Bangalore,R Dravid
info,player,Royal Challengers Bangalore,RV Uthappa
info,player,Royal Challengers Bangalore,LRPL Taylor
info,player,Royal Challengers Bangalore,V Kohli
info,player,Royal Challengers Bangalore,CL White
info,player,Royal Challengers Bangalore,P Kumar
info,player,Royal Challengers Bangalore,R Vinay Kumar
info,player,Royal Challengers Bangalore,A Kumble
info,player,Royal Challengers Bangalore,DW Steyn
info,registry,people,A Kumble,0c2730df
info,registry,people,A Symonds,bd77eb62
info,registry,people,AC Gilchrist,2b6e6dec
info,registry,people,CL White,d0513f63
info,registry,people,DJ Harper,0ec08b27
info,registry,people,DW Steyn,8fd1a8f5
info,registry,people,Harmeet Singh,2a72fd4f
info,registry,people,J Srinath,bad31fac
info,registry,people,JH Kallis,86dc8f2e
info,registry,people,K Hariharan,2386ccff
info,registry,people,KN Ananthapadmanabhan,3144063a
info,registry,people,LRPL Taylor,b61a3e1a
info,registry,people,MD Mishra,6afb26d6
info,registry,people,MK Pandey,93b4fc78
info,registry,people,MR Marsh,3d8feaf8
info,registry,people,P Kumar,e938e1bc
info,registry,people,PP Ojha,6c6591ab
info,registry,people,R Dravid,0184dc35
info,registry,people,R Vinay Kumar,41eb4a4f
info,registry,people,RG Sharma,740742ef
info,registry,people,RJ Harris,12eddf28
info,registry,people,RP Singh,c3d1402f
info,registry,people,RV Uthappa,1c17e270
info,registry,people,S Asnani,b04524bc
info,registry,people,TL Suman,aaa1b522
info,registry,people,V Kohli,ba607b88
info,registry,people,Y Venugopal Rao,fe763256
ball,1,0.1,Royal Challengers Bangalore,MK Pandey,JH Kallis,RJ Harris,0,0,,,,,,"",""
ball,1,0.2,Royal Challengers Bangalore,MK Pandey,JH Kallis,RJ Harris,0,1,1,,,,,"",""
ball,1,0.3,Royal Challengers Bangalore,MK Pandey,JH Kallis,RJ Harris,1,0,,,,,,"",""
ball,1,0.4,Royal Challengers Bangalore,JH Kallis,MK Pandey,RJ Harris,0,1,1,,,,,"",""
ball,1,0.5,Royal Challengers Bangalore,JH Kallis,MK Pandey,RJ Harris,0,0,,,,,,"",""
ball,1,0.6,Royal Challengers Bangalore,JH Kallis,MK Pandey,RJ Harris,0,0,,,,,,"",""
ball,1,0.7,Royal Challengers Bangalore,JH Kallis,MK Pandey,RJ Harris,1,0,,,,,,"",""
ball,1,0.8,Royal Challengers Bangalore,MK Pandey,JH Kallis,RJ Harris,0,0,,,,,,"",""
ball,1,1.1,Royal Challengers Bangalore,JH Kallis,MK Pandey,Harmeet Singh,0,1,1,,,,,"",""
ball,1,1.2,Royal Challengers Bangalore,JH Kallis,MK Pandey,Harmeet Singh,0,0,,,,,,"",""
ball,1,1.3,Royal Challengers Bangalore,JH Kallis,MK Pandey,Harmeet Singh,4,0,,,,,,"",""
ball,1,1.4,Royal Challengers Bangalore,JH Kallis,MK Pandey,Harmeet Singh,6,0,,,,,,"",""
ball,1,1.5,Royal Challengers Bangalore,JH Kallis,MK Pandey,Harmeet Singh,0,0,,,,,,"",""
ball,1,1.6,Royal Challengers Bangalore,JH Kallis,MK Pandey,Harmeet Singh,1,0,,,,,,"",""
ball,1,1.7,Royal Challengers Bangalore,MK Pandey,JH Kallis,Harmeet Singh,0,1,1,,,,,"",""
ball,1,1.8,Royal Challengers Bangalore,MK Pandey,JH Kallis,Harmeet Singh,0,0,,,,,,"",""
ball,1,2.1,Royal Challengers Bangalore,JH Kallis,MK Pandey,RJ Harris,1,0,,,,,,"",""
ball,1,2.2,Royal Challengers Bangalore,MK Pandey,JH Kallis,RJ Harris,0,0,,,,,,"",""
ball,1,2.3,Royal Challengers Bangalore,MK Pandey,JH Kallis,RJ Harris,0,0,,,,,,bowled,MK Pandey
ball,1,2.4,Royal Challengers Bangalore,R Dravid,JH Kallis,RJ Harris,0,0,,,,,,"",""
ball,1,2.5,Royal Challengers Bangalore,R Dravid,JH Kallis,RJ Harris,0,0,,,,,,"",""
ball,1,2.6,Royal Challengers Bangalore,R Dravid,JH Kallis,RJ Harris,0,0,,,,,,"",""
ball,1,3.1,Royal Challengers Bangalore,JH Kallis,R Dravid,RP Singh,1,0,,,,,,"",""
ball,1,3.2,Royal Challengers Bangalore,R Dravid,JH Kallis,RP Singh,2,0,,,,,,"",""
ball,1,3.3,Royal Challengers Bangalore,R Dravid,JH Kallis,RP Singh,0,0,,,,,,"",""
ball,1,3.4,Royal Challengers Bangalore,R Dravid,JH Kallis,RP Singh,0,1,1,,,,,"",""
ball,1,3.5,Royal Challengers Bangalore,R Dravid,JH Kallis,RP Singh,0,0,,,,,,"",""
ball,1,3.6,Royal Challengers Bangalore,R Dravid,JH Kallis,RP Singh,2,0,,,,,,"",""
ball,1,3.7,Royal Challengers Bangalore,R Dravid,JH Kallis,RP Singh,1,0,,,,,,"",""
ball,1,4.1,Royal Challengers Bangalore,R Dravid,JH Kallis,MR Marsh,4,0,,,,,,"",""
ball,1,4.2,Royal Challengers Bangalore,R Dravid,JH Kallis,MR Marsh,0,0,,,,,,"",""
ball,1,4.3,Royal Challengers Bangalore,R Dravid,JH Kallis,MR Marsh,1,0,,,,,,"",""
ball,1,4.4,Royal Challengers Bangalore,JH Kallis,R Dravid,MR Marsh,0,1,1,,,,,"",""
ball,1,4.5,Royal Challengers Bangalore,JH Kallis,R Dravid,MR Marsh,4,0,,,,,,"",""
ball,1,4.6,Royal Challengers Bangalore,JH Kallis,R Dravid,MR Marsh,4,0,,,,,,"",""
ball,1,4.7,Royal Challengers Bangalore,JH Kallis,R Dravid,MR Marsh,0,0,,,,,,"",""
ball,1,5.1,Royal Challengers Bangalore,R Dravid,JH Kallis,RP Singh,6,0,,,,,,"",""
ball,1,5.2,Royal Challengers Bangalore,R Dravid,JH Kallis,RP Singh,0,0,,,,,,"",""
ball,1,5.3,Royal Challengers Bangalore,R Dravid,JH Kallis,RP Singh,0,0,,,,,,"",""
ball,1,5.4,Royal Challengers Bangalore,R Dravid,JH Kallis,RP Singh,0,0,,,,,,"",""
ball,1,5.5,Royal Challengers Bangalore,R Dravid,JH Kallis,RP Singh,0,0,,,,,,"",""
ball,1,5.6,Royal Challengers Bangalore,R Dravid,JH Kallis,RP Singh,1,0,,,,,,"",""
ball,1,6.1,Royal Challengers Bangalore,R Dravid,JH Kallis,PP Ojha,1,0,,,,,,"",""
ball,1,6.2,Royal Challengers Bangalore,JH Kallis,R Dravid,PP Ojha,0,0,,,,,,"",""
ball,1,6.3,Royal Challengers Bangalore,JH Kallis,R Dravid,PP Ojha,1,0,,,,,,"",""
ball,1,6.4,Royal Challengers Bangalore,R Dravid,JH Kallis,PP Ojha,4,0,,,,,,"",""
ball,1,6.5,Royal Challengers Bangalore,R Dravid,JH Kallis,PP Ojha,1,0,,,,,,"",""
ball,1,6.6,Royal Challengers Bangalore,JH Kallis,R Dravid,PP Ojha,1,0,,,,,,"",""
ball,1,7.1,Royal Challengers Bangalore,JH Kallis,R Dravid,A Symonds,1,0,,,,,,"",""
ball,1,7.2,Royal Challengers Bangalore,R Dravid,JH Kallis,A Symonds,1,0,,,,,,"",""
ball,1,7.3,Royal Challengers Bangalore,JH Kallis,R Dravid,A Symonds,1,0,,,,,,"",""
ball,1,7.4,Royal Challengers Bangalore,R Dravid,JH Kallis,A Symonds,0,0,,,,,,"",""
ball,1,7.5,Royal Challengers Bangalore,R Dravid,JH Kallis,A Symonds,1,0,,,,,,"",""
ball,1,7.6,Royal Challengers Bangalore,JH Kallis,R Dravid,A Symonds,0,0,,,,,,"",""
ball,1,8.1,Royal Challengers Bangalore,R Dravid,JH Kallis,PP Ojha,1,0,,,,,,"",""
ball,1,8.2,Royal Challengers Bangalore,JH Kallis,R Dravid,PP Ojha,0,0,,,,,,"",""
ball,1,8.3,Royal Challengers Bangalore,JH Kallis,R Dravid,PP Ojha,1,0,,,,,,"",""
ball,1,8.4,Royal Challengers Bangalore,R Dravid,JH Kallis,PP Ojha,0,0,,,,,,caught,R Dravid
ball,1,8.5,Royal Challengers Bangalore,RV Uthappa,JH Kallis,PP Ojha,0,0,,,,,,"",""
ball,1,8.6,Royal Challengers Bangalore,RV Uthappa,JH Kallis,PP Ojha,1,0,,,,,,"",""
ball,1,9.1,Royal Challengers Bangalore,RV Uthappa,JH Kallis,A Symonds,1,0,,,,,,"",""
ball,1,9.2,Royal Challengers Bangalore,JH Kallis,RV Uthappa,A Symonds,1,0,,,,,,"",""
ball,1,9.3,Royal Challengers Bangalore,RV Uthappa,JH Kallis,A Symonds,0,0,,,,,,"",""
ball,1,9.4,Royal Challengers Bangalore,RV Uthappa,JH Kallis,A Symonds,0,0,,,,,,caught,RV Uthappa
ball,1,9.5,Royal Challengers Bangalore,LRPL Taylor,JH Kallis,A Symonds,1,0,,,,,,"",""
ball,1,9.6,Royal Challengers Bangalore,JH Kallis,LRPL Taylor,A Symonds,4,0,,,,,,"",""
ball,1,10.1,Royal Challengers Bangalore,LRPL Taylor,JH Kallis,PP Ojha,0,0,,,,,,lbw,LRPL Taylor
ball,1,10.2,Royal Challengers Bangalore,V Kohli,JH Kallis,PP Ojha,0,0,,,,,,"",""
ball,1,10.3,Royal Challengers Bangalore,V Kohli,JH Kallis,PP Ojha,0,0,,,,,,"",""
ball,1,10.4,Royal Challengers Bangalore,V Kohli,JH Kallis,PP Ojha,0,0,,,,,,"",""
ball,1,10.5,Royal Challengers Bangalore,V Kohli,JH Kallis,PP Ojha,2,0,,,,,,"",""
ball,1,10.6,Royal Challengers Bangalore,V Kohli,JH Kallis,PP Ojha,1,0,,,,,,"",""
ball,1,11.1,Royal Challengers Bangalore,V Kohli,JH Kallis,MR Marsh,1,0,,,,,,"",""
ball,1,11.2,Royal Challengers Bangalore,JH Kallis,V Kohli,MR Marsh,0,0,,,,,,"",""
ball,1,11.3,Royal Challengers Bangalore,JH Kallis,V Kohli,MR Marsh,4,0,,,,,,"",""
ball,1,11.4,Royal Challengers Bangalore,JH Kallis,V Kohli,MR Marsh,1,0,,,,,,"",""
ball,1,11.5,Royal Challengers Bangalore,V Kohli,JH Kallis,MR Marsh,0,0,,,,,,"",""
ball,1,11.6,Royal Challengers Bangalore,V Kohli,JH Kallis,MR Marsh,0,0,,,,,,"",""
ball,1,12.1,Royal Challengers Bangalore,JH Kallis,V Kohli,PP Ojha,2,0,,,,,,"",""
ball,1,12.2,Royal Challengers Bangalore,JH Kallis,V Kohli,PP Ojha,0,0,,,,,,"",""
ball,1,12.3,Royal Challengers Bangalore,JH Kallis,V Kohli,PP Ojha,5,0,,,,,,"",""
ball,1,12.4,Royal Challengers Bangalore,V Kohli,JH Kallis,PP Ojha,1,0,,,,,,"",""
ball,1,12.5,Royal Challengers Bangalore,JH Kallis,V Kohli,PP Ojha,1,0,,,,,,"",""
ball,1,12.6,Royal Challengers Bangalore,V Kohli,JH Kallis,PP Ojha,1,0,,,,,,"",""
ball,1,13.1,Royal Challengers Bangalore,V Kohli,JH Kallis,MR Marsh,0,0,,,,,,"",""
ball,1,13.2,Royal Challengers Bangalore,V Kohli,JH Kallis,MR Marsh,1,0,,,,,,"",""
ball,1,13.3,Royal Challengers Bangalore,JH Kallis,V Kohli,MR Marsh,0,1,1,,,,,"",""
ball,1,13.4,Royal Challengers Bangalore,JH Kallis,V Kohli,MR Marsh,0,0,,,,,,"",""
ball,1,13.5,Royal Challengers Bangalore,JH Kallis,V Kohli,MR Marsh,0,1,1,,,,,"",""
ball,1,13.6,Royal Challengers Bangalore,JH Kallis,V Kohli,MR Marsh,0,0,,,,,,"",""
ball,1,13.7,Royal Challengers Bangalore,JH Kallis,V Kohli,MR Marsh,0,1,,,,1,,"",""
ball,1,13.8,Royal Challengers Bangalore,V Kohli,JH Kallis,MR Marsh,1,0,,,,,,"",""
ball,1,14.1,Royal Challengers Bangalore,V Kohli,JH Kallis,RJ Harris,1,0,,,,,,"",""
ball,1,14.2,Royal Challengers Bangalore,JH Kallis,V Kohli,RJ Harris,2,0,,,,,,"",""
ball,1,14.3,Royal Challengers Bangalore,JH Kallis,V Kohli,RJ Harris,4,0,,,,,,"",""
ball,1,14.4,Royal Challengers Bangalore,JH Kallis,V Kohli,RJ Harris,1,0,,,,,,"",""
ball,1,14.5,Royal Challengers Bangalore,V Kohli,JH Kallis,RJ Harris,0,5,5,,,,,"",""
ball,1,14.6,Royal Challengers Bangalore,V Kohli,JH Kallis,RJ Harris,1,0,,,,,,"",""
ball,1,14.7,Royal Challengers Bangalore,JH Kallis,V Kohli,RJ Harris,1,0,,,,,,"",""
ball,1,15.1,Royal Challengers Bangalore,JH Kallis,V Kohli,RP Singh,1,0,,,,,,"",""
ball,1,15.2,Royal Challengers Bangalore,V Kohli,JH Kallis,RP Singh,0,0,,,,,,"",""
ball,1,15.3,Royal Challengers Bangalore,V Kohli,JH Kallis,RP Singh,1,0,,,,,,"",""
ball,1,15.4,Royal Challengers Bangalore,JH Kallis,V Kohli,RP Singh,4,0,,,,,,"",""
ball,1,15.5,Royal Challengers Bangalore,JH Kallis,V Kohli,RP Singh,1,0,,,,,,"",""
ball,1,15.6,Royal Challengers Bangalore,V Kohli,JH Kallis,RP Singh,1,0,,,,,,"",""
ball,1,16.1,Royal Challengers Bangalore,V Kohli,JH Kallis,A Symonds,6,0,,,,,,"",""
ball,1,16.2,Royal Challengers Bangalore,V Kohli,JH Kallis,A Symonds,4,0,,,,,,"",""
ball,1,16.3,Royal Challengers Bangalore,V Kohli,JH Kallis,A Symonds,0,1,1,,,,,"",""
ball,1,16.4,Royal Challengers Bangalore,V Kohli,JH Kallis,A Symonds,4,0,,,,,,"",""
ball,1,16.5,Royal Challengers Bangalore,V Kohli,JH Kallis,A Symonds,6,0,,,,,,"",""
ball,1,16.6,Royal Challengers Bangalore,V Kohli,JH Kallis,A Symonds,2,0,,,,,,"",""
ball,1,16.7,Royal Challengers Bangalore,V Kohli,JH Kallis,A Symonds,0,0,,,,,,"",""
ball,1,17.1,Royal Challengers Bangalore,JH Kallis,V Kohli,RP Singh,4,0,,,,,,"",""
ball,1,17.2,Royal Challengers Bangalore,JH Kallis,V Kohli,RP Singh,4,0,,,,,,"",""
ball,1,17.3,Royal Challengers Bangalore,JH Kallis,V Kohli,RP Singh,1,0,,,,,,"",""
ball,1,17.4,Royal Challengers Bangalore,V Kohli,JH Kallis,RP Singh,0,0,,,,,,"",""
ball,1,17.5,Royal Challengers Bangalore,V Kohli,JH Kallis,RP Singh,6,0,,,,,,"",""
ball,1,17.6,Royal Challengers Bangalore,V Kohli,JH Kallis,RP Singh,1,0,,,,,,"",""
ball,1,18.1,Royal Challengers Bangalore,V Kohli,JH Kallis,MR Marsh,6,0,,,,,,"",""
ball,1,18.2,Royal Challengers Bangalore,V Kohli,JH Kallis,MR Marsh,0,0,,,,,,"",""
ball,1,18.3,Royal Challengers Bangalore,V Kohli,JH Kallis,MR Marsh,2,0,,,,,,"",""
ball,1,18.4,Royal Challengers Bangalore,V Kohli,JH Kallis,MR Marsh,1,0,,,,,,"",""
ball,1,18.5,Royal Challengers Bangalore,JH Kallis,V Kohli,MR Marsh,0,0,,,,,,caught,JH Kallis
ball,1,18.6,Royal Challengers Bangalore,V Kohli,CL White,MR Marsh,4,0,,,,,,"",""
ball,1,19.1,Royal Challengers Bangalore,CL White,V Kohli,RJ Harris,1,0,,,,,,"",""
ball,1,19.2,Royal Challengers Bangalore,V Kohli,CL White,RJ Harris,4,0,,,,,,"",""
ball,1,19.3,Royal Challengers Bangalore,V Kohli,CL White,RJ Harris,0,0,,,,,,"",""
ball,1,19.4,Royal Challengers Bangalore,V Kohli,CL White,RJ Harris,0,0,,,,,,caught,V Kohli
ball,1,19.5,Royal Challengers Bangalore,CL White,P Kumar,RJ Harris,6,0,,,,,,"",""
ball,1,19.6,Royal Challengers Bangalore,CL White,P Kumar,RJ Harris,6,0,,,,,,"",""
ball,2,0.1,Deccan Chargers,AC Gilchrist,MD Mishra,P Kumar,1,0,,,,,,"",""
ball,2,0.2,Deccan Chargers,MD Mishra,AC Gilchrist,P Kumar,0,0,,,,,,"",""
ball,2,0.3,Deccan Chargers,MD Mishra,AC Gilchrist,P Kumar,0,0,,,,,,"",""
ball,2,0.4,Deccan Chargers,MD Mishra,AC Gilchrist,P Kumar,4,0,,,,,,"",""
ball,2,0.5,Deccan Chargers,MD Mishra,AC Gilchrist,P Kumar,0,0,,,,,,"",""
ball,2,0.6,Deccan Chargers,MD Mishra,AC Gilchrist,P Kumar,0,0,,,,,,"",""
ball,2,1.1,Deccan Chargers,AC Gilchrist,MD Mishra,A Kumble,1,0,,,,,,"",""
ball,2,1.2,Deccan Chargers,MD Mishra,AC Gilchrist,A Kumble,0,0,,,,,,"",""
ball,2,1.3,Deccan Chargers,MD Mishra,AC Gilchrist,A Kumble,0,0,,,,,,"",""
ball,2,1.4,Deccan Chargers,MD Mishra,AC Gilchrist,A Kumble,0,0,,,,,,"",""
ball,2,1.5,Deccan Chargers,MD Mishra,AC Gilchrist,A Kumble,4,0,,,,,,"",""
ball,2,1.6,Deccan Chargers,MD Mishra,AC Gilchrist,A Kumble,1,0,,,,,,"",""
ball,2,2.1,Deccan Chargers,MD Mishra,AC Gilchrist,P Kumar,0,0,,,,,,caught,MD Mishra
ball,2,2.2,Deccan Chargers,TL Suman,AC Gilchrist,P Kumar,0,0,,,,,,"",""
ball,2,2.3,Deccan Chargers,TL Suman,AC Gilchrist,P Kumar,0,0,,,,,,"",""
ball,2,2.4,Deccan Chargers,TL Suman,AC Gilchrist,P Kumar,4,0,,,,,,"",""
ball,2,2.5,Deccan Chargers,TL Suman,AC Gilchrist,P Kumar,0,0,,,,,,"",""
ball,2,2.6,Deccan Chargers,TL Suman,AC Gilchrist,P Kumar,0,0,,,,,,"",""
ball,2,3.1,Deccan Chargers,AC Gilchrist,TL Suman,DW Steyn,0,0,,,,,,"",""
ball,2,3.2,Deccan Chargers,AC Gilchrist,TL Suman,DW Steyn,4,0,,,,,,"",""
ball,2,3.3,Deccan Chargers,AC Gilchrist,TL Suman,DW Steyn,1,0,,,,,,"",""
ball,2,3.4,Deccan Chargers,TL Suman,AC Gilchrist,DW Steyn,0,0,,,,,,"",""
ball,2,3.5,Deccan Chargers,TL Suman,AC Gilchrist,DW Steyn,1,0,,,,,,"",""
ball,2,3.6,Deccan Chargers,AC Gilchrist,TL Suman,DW Steyn,0,1,1,,,,,"",""
ball,2,3.7,Deccan Chargers,AC Gilchrist,TL Suman,DW Steyn,0,0,,,,,,"",""
ball,2,4.1,Deccan Chargers,TL Suman,AC Gilchrist,P Kumar,1,0,,,,,,"",""
ball,2,4.2,Deccan Chargers,AC Gilchrist,TL Suman,P Kumar,0,1,,,,1,,"",""
ball,2,4.3,Deccan Chargers,TL Suman,AC Gilchrist,P Kumar,1,0,,,,,,"",""
ball,2,4.4,Deccan Chargers,AC Gilchrist,TL Suman,P Kumar,1,0,,,,,,"",""
ball,2,4.5,Deccan Chargers,TL Suman,AC Gilchrist,P Kumar,4,0,,,,,,"",""
ball,2,4.6,Deccan Chargers,TL Suman,AC Gilchrist,P Kumar,0,0,,,,,,"",""
ball,2,5.1,Deccan Chargers,AC Gilchrist,TL Suman,JH Kallis,1,0,,,,,,"",""
ball,2,5.2,Deccan Chargers,TL Suman,AC Gilchrist,JH Kallis,0,0,,,,,,"",""
ball,2,5.3,Deccan Chargers,TL Suman,AC Gilchrist,JH Kallis,0,0,,,,,,"",""
ball,2,5.4,Deccan Chargers,TL Suman,AC Gilchrist,JH Kallis,0,0,,,,,,"",""
ball,2,5.5,Deccan Chargers,TL Suman,AC Gilchrist,JH Kallis,1,0,,,,,,"",""
ball,2,5.6,Deccan Chargers,AC Gilchrist,TL Suman,JH Kallis,0,0,,,,,,"",""
ball,2,6.1,Deccan Chargers,TL Suman,AC Gilchrist,R Vinay Kumar,4,0,,,,,,"",""
ball,2,6.2,Deccan Chargers,TL Suman,AC Gilchrist,R Vinay Kumar,2,0,,,,,,"",""
ball,2,6.3,Deccan Chargers,TL Suman,AC Gilchrist,R Vinay Kumar,2,0,,,,,,"",""
ball,2,6.4,Deccan Chargers,TL Suman,AC Gilchrist,R Vinay Kumar,1,0,,,,,,"",""
ball,2,6.5,Deccan Chargers,AC Gilchrist,TL Suman,R Vinay Kumar,1,0,,,,,,"",""
ball,2,6.6,Deccan Chargers,TL Suman,AC Gilchrist,R Vinay Kumar,1,0,,,,,,"",""
ball,2,7.1,Deccan Chargers,TL Suman,AC Gilchrist,JH Kallis,0,0,,,,,,"",""
ball,2,7.2,Deccan Chargers,TL Suman,AC Gilchrist,JH Kallis,1,0,,,,,,"",""
ball,2,7.3,Deccan Chargers,AC Gilchrist,TL Suman,JH Kallis,4,0,,,,,,"",""
ball,2,7.4,Deccan Chargers,AC Gilchrist,TL Suman,JH Kallis,0,0,,,,,,"",""
ball,2,7.5,Deccan Chargers,AC Gilchrist,TL Suman,JH Kallis,6,0,,,,,,"",""
ball,2,7.6,Deccan Chargers,AC Gilchrist,TL Suman,JH Kallis,4,0,,,,,,"",""
ball,2,8.1,Deccan Chargers,TL Suman,AC Gilchrist,A Kumble,2,0,,,,,,"",""
ball,2,8.2,Deccan Chargers,TL Suman,AC Gilchrist,A Kumble,4,0,,,,,,"",""
ball,2,8.3,Deccan Chargers,TL Suman,AC Gilchrist,A Kumble,0,1,1,,,,,"",""
ball,2,8.4,Deccan Chargers,TL Suman,AC Gilchrist,A Kumble,0,0,,,,,,"",""
ball,2,8.5,Deccan Chargers,TL Suman,AC Gilchrist,A Kumble,2,0,,,,,,"",""
ball,2,8.6,Deccan Chargers,TL Suman,AC Gilchrist,A Kumble,0,0,,,,,,"",""
ball,2,8.7,Deccan Chargers,TL Suman,AC Gilchrist,A Kumble,1,0,,,,,,"",""
ball,2,9.1,Deccan Chargers,TL Suman,AC Gilchrist,DW Steyn,1,0,,,,,,"",""
ball,2,9.2,Deccan Chargers,AC Gilchrist,TL Suman,DW Steyn,1,0,,,,,,"",""
ball,2,9.3,Deccan Chargers,TL Suman,AC Gilchrist,DW Steyn,0,1,1,,,,,"",""
ball,2,9.4,Deccan Chargers,TL Suman,AC Gilchrist,DW Steyn,1,0,,,,,,"",""
ball,2,9.5,Deccan Chargers,AC Gilchrist,TL Suman,DW Steyn,0,2,2,,,,,"",""
ball,2,9.6,Deccan Chargers,TL Suman,AC Gilchrist,DW Steyn,0,0,,,,,,"",""
ball,2,9.7,Deccan Chargers,TL Suman,AC Gilchrist,DW Steyn,4,0,,,,,,"",""
ball,2,9.8,Deccan Chargers,TL Suman,AC Gilchrist,DW Steyn,2,0,,,,,,"",""
ball,2,10.1,Deccan Chargers,AC Gilchrist,TL Suman,A Kumble,6,0,,,,,,"",""
ball,2,10.2,Deccan Chargers,AC Gilchrist,TL Suman,A Kumble,1,0,,,,,,"",""
ball,2,10.3,Deccan Chargers,TL Suman,AC Gilchrist,A Kumble,1,0,,,,,,"",""
ball,2,10.4,Deccan Chargers,AC Gilchrist,TL Suman,A Kumble,0,0,,,,,,stumped,AC Gilchrist
ball,2,10.5,Deccan Chargers,RG Sharma,TL Suman,A Kumble,0,0,,,,,,"",""
ball,2,10.6,Deccan Chargers,RG Sharma,TL Suman,A Kumble,1,0,,,,,,"",""
ball,2,11.1,Deccan Chargers,RG Sharma,TL Suman,R Vinay Kumar,4,0,,,,,,"",""
ball,2,11.2,Deccan Chargers,RG Sharma,TL Suman,R Vinay Kumar,1,0,,,,,,"",""
ball,2,11.3,Deccan Chargers,TL Suman,RG Sharma,R Vinay Kumar,1,0,,,,,,"",""
ball,2,11.4,Deccan Chargers,RG Sharma,TL Suman,R Vinay Kumar,0,0,,,,,,caught,RG Sharma
ball,2,11.5,Deccan Chargers,A Symonds,TL Suman,R Vinay Kumar,1,0,,,,,,"",""
ball,2,11.6,Deccan Chargers,TL Suman,A Symonds,R Vinay Kumar,0,1,,,,1,,"",""
ball,2,12.1,Deccan Chargers,TL Suman,A Symonds,JH Kallis,1,0,,,,,,"",""
ball,2,12.2,Deccan Chargers,A Symonds,TL Suman,JH Kallis,1,0,,,,,,"",""
ball,2,12.3,Deccan Chargers,TL Suman,A Symonds,JH Kallis,1,0,,,,,,"",""
ball,2,12.4,Deccan Chargers,A Symonds,TL Suman,JH Kallis,1,0,,,,,,"",""
ball,2,12.5,Deccan Chargers,TL Suman,A Symonds,JH Kallis,0,0,,,,,,"",""
ball,2,12.6,Deccan Chargers,TL Suman,A Symonds,JH Kallis,1,0,,,,,,"",""
ball,2,13.1,Deccan Chargers,TL Suman,A Symonds,DW Steyn,0,0,,,,,,"",""
ball,2,13.2,Deccan Chargers,TL Suman,A Symonds,DW Steyn,1,0,,,,,,"",""
ball,2,13.3,Deccan Chargers,A Symonds,TL Suman,DW Steyn,0,0,,,,,,"",""
ball,2,13.4,Deccan Chargers,A Symonds,TL Suman,DW Steyn,4,0,,,,,,"",""
ball,2,13.5,Deccan Chargers,A Symonds,TL Suman,DW Steyn,4,0,,,,,,"",""
ball,2,13.6,Deccan Chargers,A Symonds,TL Suman,DW Steyn,1,0,,,,,,"",""
ball,2,14.1,Deccan Chargers,A Symonds,TL Suman,A Kumble,4,0,,,,,,"",""
ball,2,14.2,Deccan Chargers,A Symonds,TL Suman,A Kumble,1,0,,,,,,"",""
ball,2,14.3,Deccan Chargers,TL Suman,A Symonds,A Kumble,6,0,,,,,,"",""
ball,2,14.4,Deccan Chargers,TL Suman,A Symonds,A Kumble,0,0,,,,,,"",""
ball,2,14.5,Deccan Chargers,TL Suman,A Symonds,A Kumble,1,0,,,,,,"",""
ball,2,14.6,Deccan Chargers,A Symonds,TL Suman,A Kumble,1,0,,,,,,"",""
ball,2,15.1,Deccan Chargers,A Symonds,TL Suman,R Vinay Kumar,0,0,,,,,,"",""
ball,2,15.2,Deccan Chargers,A Symonds,TL Suman,R Vinay Kumar,1,0,,,,,,"",""
ball,2,15.3,Deccan Chargers,TL Suman,A Symonds,R Vinay Kumar,2,0,,,,,,"",""
ball,2,15.4,Deccan Chargers,TL Suman,A Symonds,R Vinay Kumar,6,0,,,,,,"",""
ball,2,15.5,Deccan Chargers,TL Suman,A Symonds,R Vinay Kumar,1,0,,,,,,"",""
ball,2,15.6,Deccan Chargers,A Symonds,TL Suman,R Vinay Kumar,1,0,,,,,,"",""
ball,2,16.1,Deccan Chargers,A Symonds,TL Suman,P Kumar,2,0,,,,,,"",""
ball,2,16.2,Deccan Chargers,A Symonds,TL Suman,P Kumar,4,0,,,,,,"",""
ball,2,16.3,Deccan Chargers,A Symonds,TL Suman,P Kumar,0,1,1,,,,,"",""
ball,2,16.4,Deccan Chargers,A Symonds,TL Suman,P Kumar,6,0,,,,,,"",""
ball,2,16.5,Deccan Chargers,A Symonds,TL Suman,P Kumar,1,0,,,,,,"",""
ball,2,16.6,Deccan Chargers,TL Suman,A Symonds,P Kumar,6,0,,,,,,"",""
ball,2,16.7,Deccan Chargers,TL Suman,A Symonds,P Kumar,1,0,,,,,,"",""
ball,2,17.1,Deccan Chargers,TL Suman,A Symonds,DW Steyn,1,0,,,,,,"",""
ball,2,17.2,Deccan Chargers,A Symonds,TL Suman,DW Steyn,1,0,,,,,,"",""
ball,2,17.3,Deccan Chargers,TL Suman,A Symonds,DW Steyn,4,0,,,,,,"",""
ball,2,17.4,Deccan Chargers,TL Suman,A Symonds,DW Steyn,1,0,,,,,,"",""
ball,2,17.5,Deccan Chargers,A Symonds,TL Suman,DW Steyn,1,0,,,,,,"",""
ball,2,17.6,Deccan Chargers,TL Suman,A Symonds,DW Steyn,1,0,,,,,,"",""
ball,2,18.1,Deccan Chargers,TL Suman,A Symonds,JH Kallis,0,0,,,,,,"",""
ball,2,18.2,Deccan Chargers,TL Suman,A Symonds,JH Kallis,1,0,,,,,,"",""
ball,2,18.3,Deccan Chargers,A Symonds,TL Suman,JH Kallis,6,0,,,,,,"",""
ball,2,18.4,Deccan Chargers,A Symonds,TL Suman,JH Kallis,1,0,,,,,,"",""
ball,2,18.5,Deccan Chargers,TL Suman,A Symonds,JH Kallis,1,0,,,,,,"",""
ball,2,18.6,Deccan Chargers,A Symonds,TL Suman,JH Kallis,1,0,,,,,,"",""
ball,2,19.1,Deccan Chargers,A Symonds,TL Suman,R Vinay Kumar,6,0,,,,,,"",""
ball,2,19.2,Deccan Chargers,A Symonds,TL Suman,R Vinay Kumar,4,0,,,,,,"",""
