version,1.6.0
info,balls_per_over,6
info,team,Rajasthan Royals
info,team,Mumbai Indians
info,gender,male
info,season,2009/10
info,date,2010/04/11
info,event,Indian Premier League
info,match_number,45
info,venue,Sawai Mansingh Stadium
info,city,Jaipur
info,toss_winner,Rajasthan Royals
info,toss_decision,field
info,player_of_match,SR Tendulkar
info,umpire,BR Doctrove
info,umpire,SK Tarapore
info,reserve_umpire,K Sharma
info,tv_umpire,S Ravi
info,match_referee,S Venkataraghavan
info,winner,Mumbai Indians
info,winner_runs,37
info,player,Mumbai Indians,ST Jayasuriya
info,player,Mumbai Indians,SR Tendulkar
info,player,Mumbai Indians,AT Rayudu
info,player,Mumbai Indians,SS Tiwary
info,player,Mumbai Indians,JP Duminy
info,player,Mumbai Indians,KA Pollard
info,player,Mumbai Indians,R Sathish
info,player,Mumbai Indians,DS Kulkarni
info,player,Mumbai Indians,Harbhajan Singh
info,player,Mumbai Indians,SL Malinga
info,player,Mumbai Indians,Z Khan
info,player,Rajasthan Royals,MJ Lumb
info,player,Rajasthan Royals,NV Ojha
info,player,Rajasthan Royals,FY Fazal
info,player,Rajasthan Royals,SR Watson
info,player,Rajasthan Royals,AA Jhunjhunwala
info,player,Rajasthan Royals,AC Voges
info,player,Rajasthan Royals,YK Pathan
info,player,Rajasthan Royals,AS Raut
info,player,Rajasthan Royals,AP Dole
info,player,Rajasthan Royals,SK Warne
info,player,Rajasthan Royals,SK Trivedi
info,registry,people,AA Jhunjhunwala,2815fe50
info,registry,people,AC Voges,864c199e
info,registry,people,AP Dole,dbc50253
info,registry,people,AS Raut,c69a7b5c
info,registry,people,AT Rayudu,70d205c9
info,registry,people,BR Doctrove,cbebf805
info,registry,people,DS Kulkarni,d2a989fc
info,registry,people,FY Fazal,c15e2193
info,registry,people,Harbhajan Singh,8b5b6769
info,registry,people,JP Duminy,2e8994e7
info,registry,people,K Sharma,661b0266
info,registry,people,KA Pollard,a757b0d8
info,registry,people,MJ Lumb,11df3dc8
info,registry,people,NV Ojha,890946a0
info,registry,people,R Sathish,626c5379
info,registry,people,S Dhawan,0a476045
info,registry,people,S Ravi,9b9ee0df
info,registry,people,S Venkataraghavan,12453319
info,registry,people,SK Tarapore,62a824b4
info,registry,people,SK Trivedi,3d7e087f
info,registry,people,SK Warne,bb18be76
info,registry,people,SL Malinga,a12e1d51
info,registry,people,SR Tendulkar,d2c2b2d5
info,registry,people,SR Watson,4329fbb5
info,registry,people,SS Tiwary,709b0bac
info,registry,people,ST Jayasuriya,f233bbb4
info,registry,people,YK Pathan,3c6ffae8
info,registry,people,Z Khan,91a4a398
ball,1,0.1,Mumbai Indians,ST Jayasuriya,SR Tendulkar,YK Pathan,0,1,1,,,,,"",""
ball,1,0.2,Mumbai Indians,ST Jayasuriya,SR Tendulkar,YK Pathan,1,0,,,,,,"",""
ball,1,0.3,Mumbai Indians,SR Tendulkar,ST Jayasuriya,YK Pathan,4,0,,,,,,"",""
ball,1,0.4,Mumbai Indians,SR Tendulkar,ST Jayasuriya,YK Pathan,0,0,,,,,,"",""
ball,1,0.5,Mumbai Indians,SR Tendulkar,ST Jayasuriya,YK Pathan,4,0,,,,,,"",""
ball,1,0.6,Mumbai Indians,SR Tendulkar,ST Jayasuriya,YK Pathan,0,0,,,,,,"",""
ball,1,0.7,Mumbai Indians,SR Tendulkar,ST Jayasuriya,YK Pathan,1,0,,,,,,"",""
ball,1,1.1,Mumbai Indians,SR Tendulkar,ST Jayasuriya,SR Watson,0,0,,,,,,"",""
ball,1,1.2,Mumbai Indians,SR Tendulkar,ST Jayasuriya,SR Watson,1,0,,,,,,"",""
ball,1,1.3,Mumbai Indians,ST Jayasuriya,SR Tendulkar,SR Watson,0,0,,,,,,caught,ST Jayasuriya
ball,1,1.4,Mumbai Indians,AT Rayudu,SR Tendulkar,SR Watson,0,0,,,,,,"",""
ball,1,1.5,Mumbai Indians,AT Rayudu,SR Tendulkar,SR Watson,0,0,,,,,,"",""
ball,1,1.6,Mumbai Indians,AT Rayudu,SR Tendulkar,SR Watson,0,0,,,,,,caught,AT Rayudu
ball,1,2.1,Mumbai Indians,SR Tendulkar,SS Tiwary,AP Dole,1,0,,,,,,"",""
ball,1,2.2,Mumbai Indians,SS Tiwary,SR Tendulkar,AP Dole,0,1,1,,,,,"",""
ball,1,2.3,Mumbai Indians,SS Tiwary,SR Tendulkar,AP Dole,0,1,1,,,,,"",""
ball,1,2.4,Mumbai Indians,SS Tiwary,SR Tendulkar,AP Dole,4,0,,,,,,"",""
ball,1,2.5,Mumbai Indians,SS Tiwary,SR Tendulkar,AP Dole,0,0,,,,,,"",""
ball,1,2.6,Mumbai Indians,SS Tiwary,SR Tendulkar,AP Dole,4,0,,,,,,"",""
ball,1,2.7,Mumbai Indians,SS Tiwary,SR Tendulkar,AP Dole,1,0,,,,,,"",""
ball,1,2.8,Mumbai Indians,SR Tendulkar,SS Tiwary,AP Dole,0,0,,,,,,"",""
ball,1,3.1,Mumbai Indians,SS Tiwary,SR Tendulkar,SR Watson,2,0,,,,,,"",""
ball,1,3.2,Mumbai Indians,SS Tiwary,SR Tendulkar,SR Watson,0,0,,,,,,"",""
ball,1,3.3,Mumbai Indians,SS Tiwary,SR Tendulkar,SR Watson,4,0,,,,,,"",""
ball,1,3.4,Mumbai Indians,SS Tiwary,SR Tendulkar,SR Watson,0,0,,,,,,"",""
ball,1,3.5,Mumbai Indians,SS Tiwary,SR Tendulkar,SR Watson,0,0,,,,,,caught,SS Tiwary
ball,1,3.6,Mumbai Indians,JP Duminy,SR Tendulkar,SR Watson,4,0,,,,,,"",""
ball,1,4.1,Mumbai Indians,SR Tendulkar,JP Duminy,YK Pathan,1,0,,,,,,"",""
ball,1,4.2,Mumbai Indians,JP Duminy,SR Tendulkar,YK Pathan,0,1,,,,1,,"",""
ball,1,4.3,Mumbai Indians,SR Tendulkar,JP Duminy,YK Pathan,1,0,,,,,,"",""
ball,1,4.4,Mumbai Indians,JP Duminy,SR Tendulkar,YK Pathan,4,0,,,,,,"",""
ball,1,4.5,Mumbai Indians,JP Duminy,SR Tendulkar,YK Pathan,0,0,,,,,,"",""
ball,1,4.6,Mumbai Indians,JP Duminy,SR Tendulkar,YK Pathan,0,0,,,,,,"",""
ball,1,5.1,Mumbai Indians,SR Tendulkar,JP Duminy,AA Jhunjhunwala,1,0,,,,,,"",""
ball,1,5.2,Mumbai Indians,JP Duminy,SR Tendulkar,AA Jhunjhunwala,0,0,,,,,,"",""
ball,1,5.3,Mumbai Indians,JP Duminy,SR Tendulkar,AA Jhunjhunwala,0,0,,,,,,"",""
ball,1,5.4,Mumbai Indians,JP Duminy,SR Tendulkar,AA Jhunjhunwala,4,0,,,,,,"",""
ball,1,5.5,Mumbai Indians,JP Duminy,SR Tendulkar,AA Jhunjhunwala,0,0,,,,,,"",""
ball,1,5.6,Mumbai Indians,JP Duminy,SR Tendulkar,AA Jhunjhunwala,1,0,,,,,,"",""
ball,1,6.1,Mumbai Indians,JP Duminy,SR Tendulkar,YK Pathan,1,0,,,,,,"",""
ball,1,6.2,Mumbai Indians,SR Tendulkar,JP Duminy,YK Pathan,1,0,,,,,,"",""
ball,1,6.3,Mumbai Indians,JP Duminy,SR Tendulkar,YK Pathan,0,1,1,,,,,"",""
ball,1,6.4,Mumbai Indians,JP Duminy,SR Tendulkar,YK Pathan,1,0,,,,,,"",""
ball,1,6.5,Mumbai Indians,SR Tendulkar,JP Duminy,YK Pathan,0,0,,,,,,"",""
ball,1,6.6,Mumbai Indians,SR Tendulkar,JP Duminy,YK Pathan,1,0,,,,,,"",""
ball,1,6.7,Mumbai Indians,JP Duminy,SR Tendulkar,YK Pathan,1,0,,,,,,"",""
ball,1,7.1,Mumbai Indians,JP Duminy,SR Tendulkar,SK Warne,4,0,,,,,,"",""
ball,1,7.2,Mumbai Indians,JP Duminy,SR Tendulkar,SK Warne,0,0,,,,,,"",""
ball,1,7.3,Mumbai Indians,JP Duminy,SR Tendulkar,SK Warne,1,0,,,,,,"",""
ball,1,7.4,Mumbai Indians,SR Tendulkar,JP Duminy,SK Warne,0,1,1,,,,,"",""
ball,1,7.5,Mumbai Indians,SR Tendulkar,JP Duminy,SK Warne,1,0,,,,,,"",""
ball,1,7.6,Mumbai Indians,JP Duminy,SR Tendulkar,SK Warne,1,0,,,,,,"",""
ball,1,7.7,Mumbai Indians,SR Tendulkar,JP Duminy,SK Warne,2,0,,,,,,"",""
ball,1,8.1,Mumbai Indians,JP Duminy,SR Tendulkar,SK Trivedi,1,0,,,,,,"",""
ball,1,8.2,Mumbai Indians,SR Tendulkar,JP Duminy,SK Trivedi,1,0,,,,,,"",""
ball,1,8.3,Mumbai Indians,JP Duminy,SR Tendulkar,SK Trivedi,1,0,,,,,,"",""
ball,1,8.4,Mumbai Indians,SR Tendulkar,JP Duminy,SK Trivedi,1,0,,,,,,"",""
ball,1,8.5,Mumbai Indians,JP Duminy,SR Tendulkar,SK Trivedi,1,0,,,,,,"",""
ball,1,8.6,Mumbai Indians,SR Tendulkar,JP Duminy,SK Trivedi,0,0,,,,,,"",""
ball,1,9.1,Mumbai Indians,JP Duminy,SR Tendulkar,SK Warne,1,0,,,,,,"",""
ball,1,9.2,Mumbai Indians,SR Tendulkar,JP Duminy,SK Warne,1,0,,,,,,"",""
ball,1,9.3,Mumbai Indians,JP Duminy,SR Tendulkar,SK Warne,0,0,,,,,,"",""
ball,1,9.4,Mumbai Indians,JP Duminy,SR Tendulkar,SK Warne,1,0,,,,,,"",""
ball,1,9.5,Mumbai Indians,SR Tendulkar,JP Duminy,SK Warne,1,0,,,,,,"",""
ball,1,9.6,Mumbai Indians,JP Duminy,SR Tendulkar,SK Warne,1,0,,,,,,"",""
ball,1,10.1,Mumbai Indians,JP Duminy,SR Tendulkar,YK Pathan,0,0,,,,,,"",""
ball,1,10.2,Mumbai Indians,JP Duminy,SR Tendulkar,YK Pathan,0,1,,,,1,,"",""
ball,1,10.3,Mumbai Indians,SR Tendulkar,JP Duminy,YK Pathan,0,1,,,,1,,"",""
ball,1,10.4,Mumbai Indians,JP Duminy,SR Tendulkar,YK Pathan,0,1,,,,1,,"",""
ball,1,10.5,Mumbai Indians,SR Tendulkar,JP Duminy,YK Pathan,1,0,,,,,,"",""
ball,1,10.6,Mumbai Indians,JP Duminy,SR Tendulkar,YK Pathan,0,0,,,,,,"",""
ball,1,11.1,Mumbai Indians,SR Tendulkar,JP Duminy,SK Warne,0,0,,,,,,"",""
ball,1,11.2,Mumbai Indians,SR Tendulkar,JP Duminy,SK Warne,4,0,,,,,,"",""
ball,1,11.3,Mumbai Indians,SR Tendulkar,JP Duminy,SK Warne,4,0,,,,,,"",""
ball,1,11.4,Mumbai Indians,SR Tendulkar,JP Duminy,SK Warne,1,0,,,,,,"",""
ball,1,11.5,Mumbai Indians,JP Duminy,SR Tendulkar,SK Warne,1,0,,,,,,"",""
ball,1,11.6,Mumbai Indians,SR Tendulkar,JP Duminy,SK Warne,4,0,,,,,,"",""
ball,1,12.1,Mumbai Indians,JP Duminy,SR Tendulkar,SK Trivedi,2,0,,,,,,"",""
ball,1,12.2,Mumbai Indians,JP Duminy,SR Tendulkar,SK Trivedi,0,0,,,,,,"",""
ball,1,12.3,Mumbai Indians,JP Duminy,SR Tendulkar,SK Trivedi,0,0,,,,,,caught,JP Duminy
ball,1,12.4,Mumbai Indians,KA Pollard,SR Tendulkar,SK Trivedi,1,0,,,,,,"",""
ball,1,12.5,Mumbai Indians,SR Tendulkar,KA Pollard,SK Trivedi,0,0,,,,,,"",""
ball,1,12.6,Mumbai Indians,SR Tendulkar,KA Pollard,SK Trivedi,0,1,1,,,,,"",""
ball,1,12.7,Mumbai Indians,SR Tendulkar,KA Pollard,SK Trivedi,1,0,,,,,,"",""
ball,1,13.1,Mumbai Indians,SR Tendulkar,KA Pollard,SK Warne,2,0,,,,,,"",""
ball,1,13.2,Mumbai Indians,SR Tendulkar,KA Pollard,SK Warne,0,0,,,,,,"",""
ball,1,13.3,Mumbai Indians,SR Tendulkar,KA Pollard,SK Warne,2,0,,,,,,"",""
ball,1,13.4,Mumbai Indians,SR Tendulkar,KA Pollard,SK Warne,0,0,,,,,,"",""
ball,1,13.5,Mumbai Indians,SR Tendulkar,KA Pollard,SK Warne,0,0,,,,,,"",""
ball,1,13.6,Mumbai Indians,SR Tendulkar,KA Pollard,SK Warne,1,0,,,,,,"",""
ball,1,14.1,Mumbai Indians,SR Tendulkar,KA Pollard,SK Trivedi,1,0,,,,,,"",""
ball,1,14.2,Mumbai Indians,KA Pollard,SR Tendulkar,SK Trivedi,1,0,,,,,,"",""
ball,1,14.3,Mumbai Indians,SR Tendulkar,KA Pollard,SK Trivedi,1,0,,,,,,"",""
ball,1,14.4,Mumbai Indians,KA Pollard,SR Tendulkar,SK Trivedi,1,0,,,,,,"",""
ball,1,14.5,Mumbai Indians,SR Tendulkar,KA Pollard,SK Trivedi,0,0,,,,,,"",""
ball,1,14.6,Mumbai Indians,SR Tendulkar,KA Pollard,SK Trivedi,1,0,,,,,,"",""
ball,1,15.1,Mumbai Indians,SR Tendulkar,KA Pollard,AP Dole,0,0,,,,,,"",""
ball,1,15.2,Mumbai Indians,SR Tendulkar,KA Pollard,AP Dole,2,0,,,,,,"",""
ball,1,15.3,Mumbai Indians,SR Tendulkar,KA Pollard,AP Dole,1,0,,,,,,"",""
ball,1,15.4,Mumbai Indians,KA Pollard,SR Tendulkar,AP Dole,1,0,,,,,,"",""
ball,1,15.5,Mumbai Indians,SR Tendulkar,KA Pollard,AP Dole,1,0,,,,,,"",""
ball,1,15.6,Mumbai Indians,KA Pollard,SR Tendulkar,AP Dole,4,0,,,,,,"",""
ball,1,16.1,Mumbai Indians,SR Tendulkar,KA Pollard,SR Watson,4,0,,,,,,"",""
ball,1,16.2,Mumbai Indians,SR Tendulkar,KA Pollard,SR Watson,0,1,1,,,,,"",""
ball,1,16.3,Mumbai Indians,SR Tendulkar,KA Pollard,SR Watson,1,0,,,,,,"",""
ball,1,16.4,Mumbai Indians,KA Pollard,SR Tendulkar,SR Watson,4,0,,,,,,"",""
ball,1,16.5,Mumbai Indians,KA Pollard,SR Tendulkar,SR Watson,1,0,,,,,,"",""
ball,1,16.6,Mumbai Indians,SR Tendulkar,KA Pollard,SR Watson,4,0,,,,,,"",""
ball,1,16.7,Mumbai Indians,SR Tendulkar,KA Pollard,SR Watson,0,0,,,,,,"",""
ball,1,17.1,Mumbai Indians,KA Pollard,SR Tendulkar,AP Dole,2,0,,,,,,"",""
ball,1,17.2,Mumbai Indians,KA Pollard,SR Tendulkar,AP Dole,0,0,,,,,,"",""
ball,1,17.3,Mumbai Indians,KA Pollard,SR Tendulkar,AP Dole,4,0,,,,,,"",""
ball,1,17.4,Mumbai Indians,KA Pollard,SR Tendulkar,AP Dole,6,0,,,,,,"",""
ball,1,17.5,Mumbai Indians,KA Pollard,SR Tendulkar,AP Dole,0,0,,,,,,"",""
ball,1,17.6,Mumbai Indians,KA Pollard,SR Tendulkar,AP Dole,0,1,1,,,,,"",""
ball,1,17.7,Mumbai Indians,KA Pollard,SR Tendulkar,AP Dole,0,0,,,,,,bowled,KA Pollard
ball,1,18.1,Mumbai Indians,SR Tendulkar,R Sathish,SR Watson,4,0,,,,,,"",""
ball,1,18.2,Mumbai Indians,SR Tendulkar,R Sathish,SR Watson,4,0,,,,,,"",""
ball,1,18.3,Mumbai Indians,SR Tendulkar,R Sathish,SR Watson,1,0,,,,,,"",""
ball,1,18.4,Mumbai Indians,R Sathish,SR Tendulkar,SR Watson,1,0,,,,,,"",""
ball,1,18.5,Mumbai Indians,SR Tendulkar,R Sathish,SR Watson,1,0,,,,,,"",""
ball,1,18.6,Mumbai Indians,R Sathish,SR Tendulkar,SR Watson,0,0,,,,,,"",""
ball,1,19.1,Mumbai Indians,SR Tendulkar,R Sathish,SK Trivedi,6,0,,,,,,"",""
ball,1,19.2,Mumbai Indians,SR Tendulkar,R Sathish,SK Trivedi,6,0,,,,,,"",""
ball,1,19.3,Mumbai Indians,SR Tendulkar,R Sathish,SK Trivedi,2,0,,,,,,"",""
ball,1,19.4,Mumbai Indians,SR Tendulkar,R Sathish,SK Trivedi,0,0,,,,,,"",""
ball,1,19.5,Mumbai Indians,SR Tendulkar,R Sathish,SK Trivedi,2,0,,,,,,"",""
ball,1,19.6,Mumbai Indians,SR Tendulkar,R Sathish,SK Trivedi,4,0,,,,,,"",""
ball,2,0.1,Rajasthan Royals,MJ Lumb,NV Ojha,Z Khan,0,0,,,,,,"",""
ball,2,0.2,Rajasthan Royals,MJ Lumb,NV Ojha,Z Khan,0,1,,,,1,,"",""
ball,2,0.3,Rajasthan Royals,NV Ojha,MJ Lumb,Z Khan,0,0,,,,,,"",""
ball,2,0.4,Rajasthan Royals,NV Ojha,MJ Lumb,Z Khan,0,0,,,,,,"",""
ball,2,0.5,Rajasthan Royals,NV Ojha,MJ Lumb,Z Khan,0,0,,,,,,"",""
ball,2,0.6,Rajasthan Royals,NV Ojha,MJ Lumb,Z Khan,0,0,,,,,,"",""
ball,2,1.1,Rajasthan Royals,MJ Lumb,NV Ojha,DS Kulkarni,4,0,,,,,,"",""
ball,2,1.2,Rajasthan Royals,MJ Lumb,NV Ojha,DS Kulkarni,0,0,,,,,,"",""
ball,2,1.3,Rajasthan Royals,MJ Lumb,NV Ojha,DS Kulkarni,4,0,,,,,,"",""
ball,2,1.4,Rajasthan Royals,MJ Lumb,NV Ojha,DS Kulkarni,0,0,,,,,,caught,MJ Lumb
ball,2,1.5,Rajasthan Royals,FY Fazal,NV Ojha,DS Kulkarni,0,0,,,,,,"",""
ball,2,1.6,Rajasthan Royals,FY Fazal,NV Ojha,DS Kulkarni,0,0,,,,,,"",""
ball,2,2.1,Rajasthan Royals,NV Ojha,FY Fazal,Z Khan,0,0,,,,,,caught,NV Ojha
ball,2,2.2,Rajasthan Royals,SR Watson,FY Fazal,Z Khan,1,0,,,,,,"",""
ball,2,2.3,Rajasthan Royals,FY Fazal,SR Watson,Z Khan,1,0,,,,,,"",""
ball,2,2.4,Rajasthan Royals,SR Watson,FY Fazal,Z Khan,0,0,,,,,,run out,SR Watson
ball,2,2.5,Rajasthan Royals,FY Fazal,AA Jhunjhunwala,Z Khan,0,0,,,,,,"",""
ball,2,2.6,Rajasthan Royals,FY Fazal,AA Jhunjhunwala,Z Khan,0,0,,,,,,"",""
ball,2,3.1,Rajasthan Royals,AA Jhunjhunwala,FY Fazal,DS Kulkarni,0,0,,,,,,"",""
ball,2,3.2,Rajasthan Royals,AA Jhunjhunwala,FY Fazal,DS Kulkarni,1,0,,,,,,"",""
ball,2,3.3,Rajasthan Royals,FY Fazal,AA Jhunjhunwala,DS Kulkarni,4,0,,,,,,"",""
ball,2,3.4,Rajasthan Royals,FY Fazal,AA Jhunjhunwala,DS Kulkarni,1,0,,,,,,"",""
ball,2,3.5,Rajasthan Royals,AA Jhunjhunwala,FY Fazal,DS Kulkarni,0,0,,,,,,"",""
ball,2,3.6,Rajasthan Royals,AA Jhunjhunwala,FY Fazal,DS Kulkarni,0,0,,,,,,"",""
ball,2,4.1,Rajasthan Royals,FY Fazal,AA Jhunjhunwala,SL Malinga,0,0,,,,,,"",""
ball,2,4.2,Rajasthan Royals,FY Fazal,AA Jhunjhunwala,SL Malinga,0,0,,,,,,"",""
ball,2,4.3,Rajasthan Royals,FY Fazal,AA Jhunjhunwala,SL Malinga,1,0,,,,,,"",""
ball,2,4.4,Rajasthan Royals,AA Jhunjhunwala,FY Fazal,SL Malinga,1,0,,,,,,"",""
ball,2,4.5,Rajasthan Royals,FY Fazal,AA Jhunjhunwala,SL Malinga,1,0,,,,,,"",""
ball,2,4.6,Rajasthan Royals,AA Jhunjhunwala,FY Fazal,SL Malinga,0,0,,,,,,"",""
ball,2,5.1,Rajasthan Royals,FY Fazal,AA Jhunjhunwala,DS Kulkarni,0,0,,,,,,"",""
ball,2,5.2,Rajasthan Royals,FY Fazal,AA Jhunjhunwala,DS Kulkarni,1,0,,,,,,"",""
ball,2,5.3,Rajasthan Royals,AA Jhunjhunwala,FY Fazal,DS Kulkarni,6,0,,,,,,"",""
ball,2,5.4,Rajasthan Royals,AA Jhunjhunwala,FY Fazal,DS Kulkarni,0,0,,,,,,"",""
ball,2,5.5,Rajasthan Royals,AA Jhunjhunwala,FY Fazal,DS Kulkarni,1,0,,,,,,"",""
ball,2,5.6,Rajasthan Royals,FY Fazal,AA Jhunjhunwala,DS Kulkarni,0,5,5,,,,,"",""
ball,2,5.7,Rajasthan Royals,FY Fazal,AA Jhunjhunwala,DS Kulkarni,1,0,,,,,,"",""
ball,2,6.1,Rajasthan Royals,FY Fazal,AA Jhunjhunwala,Harbhajan Singh,0,0,,,,,,run out,FY Fazal
ball,2,6.2,Rajasthan Royals,AA Jhunjhunwala,AC Voges,Harbhajan Singh,1,0,,,,,,"",""
ball,2,6.3,Rajasthan Royals,AC Voges,AA Jhunjhunwala,Harbhajan Singh,2,0,,,,,,"",""
ball,2,6.4,Rajasthan Royals,AC Voges,AA Jhunjhunwala,Harbhajan Singh,0,0,,,,,,"",""
ball,2,6.5,Rajasthan Royals,AC Voges,AA Jhunjhunwala,Harbhajan Singh,1,0,,,,,,"",""
ball,2,6.6,Rajasthan Royals,AA Jhunjhunwala,AC Voges,Harbhajan Singh,0,1,1,,,,,"",""
ball,2,6.7,Rajasthan Royals,AA Jhunjhunwala,AC Voges,Harbhajan Singh,1,0,,,,,,"",""
ball,2,7.1,Rajasthan Royals,AA Jhunjhunwala,AC Voges,ST Jayasuriya,2,0,,,,,,"",""
ball,2,7.2,Rajasthan Royals,AA Jhunjhunwala,AC Voges,ST Jayasuriya,2,0,,,,,,"",""
ball,2,7.3,Rajasthan Royals,AA Jhunjhunwala,AC Voges,ST Jayasuriya,0,0,,,,,,"",""
ball,2,7.4,Rajasthan Royals,AA Jhunjhunwala,AC Voges,ST Jayasuriya,1,0,,,,,,"",""
ball,2,7.5,Rajasthan Royals,AC Voges,AA Jhunjhunwala,ST Jayasuriya,1,0,,,,,,"",""
ball,2,7.6,Rajasthan Royals,AA Jhunjhunwala,AC Voges,ST Jayasuriya,1,0,,,,,,"",""
ball,2,8.1,Rajasthan Royals,AA Jhunjhunwala,AC Voges,Harbhajan Singh,1,0,,,,,,"",""
ball,2,8.2,Rajasthan Royals,AC Voges,AA Jhunjhunwala,Harbhajan Singh,0,0,,,,,,"",""
ball,2,8.3,Rajasthan Royals,AC Voges,AA Jhunjhunwala,Harbhajan Singh,1,0,,,,,,"",""
ball,2,8.4,Rajasthan Royals,AA Jhunjhunwala,AC Voges,Harbhajan Singh,0,0,,,,,,"",""
ball,2,8.5,Rajasthan Royals,AA Jhunjhunwala,AC Voges,Harbhajan Singh,1,0,,,,,,"",""
ball,2,8.6,Rajasthan Royals,AC Voges,AA Jhunjhunwala,Harbhajan Singh,1,0,,,,,,"",""
ball,2,9.1,Rajasthan Royals,AC Voges,AA Jhunjhunwala,ST Jayasuriya,4,0,,,,,,"",""
ball,2,9.2,Rajasthan Royals,AC Voges,AA Jhunjhunwala,ST Jayasuriya,1,0,,,,,,"",""
ball,2,9.3,Rajasthan Royals,AA Jhunjhunwala,AC Voges,ST Jayasuriya,1,0,,,,,,"",""
ball,2,9.4,Rajasthan Royals,AC Voges,AA Jhunjhunwala,ST Jayasuriya,1,0,,,,,,"",""
ball,2,9.5,Rajasthan Royals,AA Jhunjhunwala,AC Voges,ST Jayasuriya,1,0,,,,,,"",""
ball,2,9.6,Rajasthan Royals,AC Voges,AA Jhunjhunwala,ST Jayasuriya,1,0,,,,,,"",""
ball,2,10.1,Rajasthan Royals,AC Voges,AA Jhunjhunwala,Harbhajan Singh,1,0,,,,,,"",""
ball,2,10.2,Rajasthan Royals,AA Jhunjhunwala,AC Voges,Harbhajan Singh,1,0,,,,,,run out,AA Jhunjhunwala
ball,2,10.3,Rajasthan Royals,YK Pathan,AC Voges,Harbhajan Singh,0,0,,,,,,"",""
ball,2,10.4,Rajasthan Royals,YK Pathan,AC Voges,Harbhajan Singh,1,0,,,,,,"",""
ball,2,10.5,Rajasthan Royals,AC Voges,YK Pathan,Harbhajan Singh,0,0,,,,,,"",""
ball,2,10.6,Rajasthan Royals,AC Voges,YK Pathan,Harbhajan Singh,0,0,,,,,,"",""
ball,2,11.1,Rajasthan Royals,YK Pathan,AC Voges,KA Pollard,1,0,,,,,,"",""
ball,2,11.2,Rajasthan Royals,AC Voges,YK Pathan,KA Pollard,3,0,,,,,,"",""
ball,2,11.3,Rajasthan Royals,YK Pathan,AC Voges,KA Pollard,0,0,,,,,,"",""
ball,2,11.4,Rajasthan Royals,YK Pathan,AC Voges,KA Pollard,1,0,,,,,,"",""
ball,2,11.5,Rajasthan Royals,AC Voges,YK Pathan,KA Pollard,0,0,,,,,,"",""
ball,2,11.6,Rajasthan Royals,AC Voges,YK Pathan,KA Pollard,1,0,,,,,,"",""
ball,2,12.1,Rajasthan Royals,AC Voges,YK Pathan,SL Malinga,1,0,,,,,,"",""
ball,2,12.2,Rajasthan Royals,YK Pathan,AC Voges,SL Malinga,1,0,,,,,,"",""
ball,2,12.3,Rajasthan Royals,AC Voges,YK Pathan,SL Malinga,0,0,,,,,,"",""
ball,2,12.4,Rajasthan Royals,AC Voges,YK Pathan,SL Malinga,2,0,,,,,,"",""
ball,2,12.5,Rajasthan Royals,AC Voges,YK Pathan,SL Malinga,0,0,,,,,,"",""
ball,2,12.6,Rajasthan Royals,AC Voges,YK Pathan,SL Malinga,1,0,,,,,,"",""
ball,2,13.1,Rajasthan Royals,AC Voges,YK Pathan,KA Pollard,4,0,,,,,,"",""
ball,2,13.2,Rajasthan Royals,AC Voges,YK Pathan,KA Pollard,1,0,,,,,,"",""
ball,2,13.3,Rajasthan Royals,YK Pathan,AC Voges,KA Pollard,6,0,,,,,,"",""
ball,2,13.4,Rajasthan Royals,YK Pathan,AC Voges,KA Pollard,0,0,,,,,,caught,YK Pathan
ball,2,13.5,Rajasthan Royals,AS Raut,AC Voges,KA Pollard,1,0,,,,,,"",""
ball,2,13.6,Rajasthan Royals,AC Voges,AS Raut,KA Pollard,1,0,,,,,,"",""
ball,2,14.1,Rajasthan Royals,AC Voges,AS Raut,Z Khan,0,0,,,,,,"",""
ball,2,14.2,Rajasthan Royals,AC Voges,AS Raut,Z Khan,0,0,,,,,,caught,AC Voges
ball,2,14.3,Rajasthan Royals,AP Dole,AS Raut,Z Khan,1,0,,,,,,"",""
ball,2,14.4,Rajasthan Royals,AS Raut,AP Dole,Z Khan,0,0,,,,,,"",""
ball,2,14.5,Rajasthan Royals,AS Raut,AP Dole,Z Khan,1,0,,,,,,"",""
ball,2,14.6,Rajasthan Royals,AP Dole,AS Raut,Z Khan,0,0,,,,,,"",""
ball,2,15.1,Rajasthan Royals,AS Raut,AP Dole,SL Malinga,0,0,,,,,,"",""
ball,2,15.2,Rajasthan Royals,AS Raut,AP Dole,SL Malinga,1,0,,,,,,"",""
ball,2,15.3,Rajasthan Royals,AP Dole,AS Raut,SL Malinga,1,0,,,,,,"",""
ball,2,15.4,Rajasthan Royals,AS Raut,AP Dole,SL Malinga,0,0,,,,,,"",""
ball,2,15.5,Rajasthan Royals,AS Raut,AP Dole,SL Malinga,0,0,,,,,,"",""
ball,2,15.6,Rajasthan Royals,AS Raut,AP Dole,SL Malinga,0,0,,,,,,"",""
ball,2,16.1,Rajasthan Royals,AP Dole,AS Raut,Z Khan,1,0,,,,,,"",""
ball,2,16.2,Rajasthan Royals,AS Raut,AP Dole,Z Khan,6,0,,,,,,"",""
ball,2,16.3,Rajasthan Royals,AS Raut,AP Dole,Z Khan,0,0,,,,,,"",""
ball,2,16.4,Rajasthan Royals,AS Raut,AP Dole,Z Khan,1,0,,,,,,"",""
ball,2,16.5,Rajasthan Royals,AP Dole,AS Raut,Z Khan,4,0,,,,,,"",""
ball,2,16.6,Rajasthan Royals,AP Dole,AS Raut,Z Khan,1,0,,,,,,"",""
ball,2,17.1,Rajasthan Royals,AP Dole,AS Raut,SL Malinga,1,0,,,,,,"",""
ball,2,17.2,Rajasthan Royals,AS Raut,AP Dole,SL Malinga,1,0,,,,,,"",""
ball,2,17.3,Rajasthan Royals,AP Dole,AS Raut,SL Malinga,4,0,,,,,,"",""
ball,2,17.4,Rajasthan Royals,AP Dole,AS Raut,SL Malinga,0,0,,,,,,"",""
ball,2,17.5,Rajasthan Royals,AP Dole,AS Raut,SL Malinga,1,0,,,,,,"",""
ball,2,17.6,Rajasthan Royals,AS Raut,AP Dole,SL Malinga,6,0,,,,,,"",""
ball,2,18.1,Rajasthan Royals,AP Dole,AS Raut,DS Kulkarni,1,0,,,,,,"",""
ball,2,18.2,Rajasthan Royals,AS Raut,AP Dole,DS Kulkarni,0,0,,,,,,"",""
ball,2,18.3,Rajasthan Royals,AS Raut,AP Dole,DS Kulkarni,1,0,,,,,,"",""
ball,2,18.4,Rajasthan Royals,AP Dole,AS Raut,DS Kulkarni,2,0,,,,,,"",""
ball,2,18.5,Rajasthan Royals,AP Dole,AS Raut,DS Kulkarni,6,0,,,,,,"",""
ball,2,18.6,Rajasthan Royals,AP Dole,AS Raut,DS Kulkarni,2,0,,,,,,"",""
ball,2,19.1,Rajasthan Royals,AS Raut,AP Dole,Harbhajan Singh,1,0,,,,,,"",""
ball,2,19.2,Rajasthan Royals,AP Dole,AS Raut,Harbhajan Singh,0,1,1,,,,,"",""
ball,2,19.3,Rajasthan Royals,AP Dole,AS Raut,Harbhajan Singh,1,0,,,,,,"",""
ball,2,19.4,Rajasthan Royals,AS Raut,AP Dole,Harbhajan Singh,1,0,,,,,,"",""
ball,2,19.5,Rajasthan Royals,AP Dole,AS Raut,Harbhajan Singh,2,0,,,,,,"",""
ball,2,19.6,Rajasthan Royals,AP Dole,AS Raut,Harbhajan Singh,2,0,,,,,,"",""
ball,2,19.7,Rajasthan Royals,AP Dole,AS Raut,Harbhajan Singh,0,0,,,,,,caught,AP Dole
