version,1.6.0
info,balls_per_over,6
info,team,Kolkata Knight Riders
info,team,Chennai Super Kings
info,gender,male
info,season,2011
info,date,2011/05/07
info,event,Indian Premier League
info,match_number,48
info,venue,Eden Gardens
info,city,Kolkata
info,toss_winner,Chennai Super Kings
info,toss_decision,bat
info,player_of_match,Iqbal Abdulla
info,umpire,Asad Rauf
info,umpire,PR Reiffel
info,reserve_umpire,S Das
info,tv_umpire,S Asnani
info,match_referee,Raju Mukherjee
info,winner,Kolkata Knight Riders
info,winner_runs,10
info,method,D/L
info,player,Chennai Super Kings,MEK Hussey
info,player,Chennai Super Kings,M Vijay
info,player,Chennai Super Kings,SK Raina
info,player,Chennai Super Kings,S Badrinath
info,player,Chennai Super Kings,JA Morkel
info,player,Chennai Super Kings,MS Dhoni
info,player,Chennai Super Kings,WP Saha
info,player,Chennai Super Kings,R Ashwin
info,player,Chennai Super Kings,DE Bollinger
info,player,Chennai Super Kings,SB Jakati
info,player,Chennai Super Kings,S Randiv
info,player,Kolkata Knight Riders,EJG Morgan
info,player,Kolkata Knight Riders,JH Kallis
info,player,Kolkata Knight Riders,G Gambhir
info,player,Kolkata Knight Riders,MK Tiwary
info,player,Kolkata Knight Riders,YK Pathan
info,player,Kolkata Knight Riders,MV Boucher
info,player,Kolkata Knight Riders,R Bhatia
info,player,Kolkata Knight Riders,Iqbal Abdulla
info,player,Kolkata Knight Riders,B Lee
info,player,Kolkata Knight Riders,L Balaji
info,player,Kolkata Knight Riders,JD Unadkat
info,registry,people,Asad Rauf,861606b7
info,registry,people,B Lee,dd09ff8e
info,registry,people,DE Bollinger,45c2196c
info,registry,people,EJG Morgan,d2a6c0e6
info,registry,people,G Gambhir,bb345e0b
info,registry,people,Iqbal Abdulla,85aae393
info,registry,people,JA Morkel,c3d35165
info,registry,people,JD Unadkat,1e66c162
info,registry,people,JH Kallis,86dc8f2e
info,registry,people,L Balaji,b2b50355
info,registry,people,M Vijay,4b57e452
info,registry,people,MEK Hussey,48fd7349
info,registry,people,MK Tiwary,26e5cabf
info,registry,people,MS Dhoni,4a8a2e3b
info,registry,people,MV Boucher,f3cb53a1
info,registry,people,PR Reiffel,c9354f29
info,registry,people,R Ashwin,495d42a5
info,registry,people,R Bhatia,33a364a6
info,registry,people,Raju Mukherjee,7a3244b5
info,registry,people,S Asnani,b04524bc
info,registry,people,S Badrinath,3576e47e
info,registry,people,S Das,475e38b6
info,registry,people,S Randiv,f5f18a18
info,registry,people,SB Jakati,c8179c68
info,registry,people,SK Raina,1dc12ab9
info,registry,people,WP Saha,fe11caa6
info,registry,people,YK Pathan,3c6ffae8
ball,1,0.1,Chennai Super Kings,MEK Hussey,M Vijay,B Lee,0,0,,,,,,"",""
ball,1,0.2,Chennai Super Kings,MEK Hussey,M Vijay,B Lee,0,0,,,,,,"",""
ball,1,0.3,Chennai Super Kings,MEK Hussey,M Vijay,B Lee,0,0,,,,,,"",""
ball,1,0.4,Chennai Super Kings,MEK Hussey,M Vijay,B Lee,1,0,,,,,,"",""
ball,1,0.5,Chennai Super Kings,M Vijay,MEK Hussey,B Lee,0,0,,,,,,"",""
ball,1,0.6,Chennai Super Kings,M Vijay,MEK Hussey,B Lee,0,0,,,,,,"",""
ball,1,1.1,Chennai Super Kings,MEK Hussey,M Vijay,Iqbal Abdulla,1,0,,,,,,"",""
ball,1,1.2,Chennai Super Kings,M Vijay,MEK Hussey,Iqbal Abdulla,2,0,,,,,,"",""
ball,1,1.3,Chennai Super Kings,M Vijay,MEK Hussey,Iqbal Abdulla,0,0,,,,,,"",""
ball,1,1.4,Chennai Super Kings,M Vijay,MEK Hussey,Iqbal Abdulla,1,0,,,,,,"",""
ball,1,1.5,Chennai Super Kings,MEK Hussey,M Vijay,Iqbal Abdulla,0,0,,,,,,"",""
ball,1,1.6,Chennai Super Kings,MEK Hussey,M Vijay,Iqbal Abdulla,0,0,,,,,,"",""
ball,1,2.1,Chennai Super Kings,M Vijay,MEK Hussey,B Lee,0,0,,,,,,"",""
ball,1,2.2,Chennai Super Kings,M Vijay,MEK Hussey,B Lee,0,0,,,,,,"",""
ball,1,2.3,Chennai Super Kings,M Vijay,MEK Hussey,B Lee,2,0,,,,,,"",""
ball,1,2.4,Chennai Super Kings,M Vijay,MEK Hussey,B Lee,0,0,,,,,,"",""
ball,1,2.5,Chennai Super Kings,M Vijay,MEK Hussey,B Lee,0,0,,,,,,"",""
ball,1,2.6,Chennai Super Kings,M Vijay,MEK Hussey,B Lee,0,0,,,,,,"",""
ball,1,3.1,Chennai Super Kings,MEK Hussey,M Vijay,Iqbal Abdulla,0,0,,,,,,"",""
ball,1,3.2,Chennai Super Kings,MEK Hussey,M Vijay,Iqbal Abdulla,0,1,,,,1,,"",""
ball,1,3.3,Chennai Super Kings,M Vijay,MEK Hussey,Iqbal Abdulla,0,0,,,,,,"",""
ball,1,3.4,Chennai Super Kings,M Vijay,MEK Hussey,Iqbal Abdulla,0,0,,,,,,"",""
ball,1,3.5,Chennai Super Kings,M Vijay,MEK Hussey,Iqbal Abdulla,0,0,,,,,,caught and bowled,M Vijay
ball,1,3.6,Chennai Super Kings,SK Raina,MEK Hussey,Iqbal Abdulla,1,0,,,,,,"",""
ball,1,4.1,Chennai Super Kings,SK Raina,MEK Hussey,B Lee,0,0,,,,,,"",""
ball,1,4.2,Chennai Super Kings,SK Raina,MEK Hussey,B Lee,0,0,,,,,,"",""
ball,1,4.3,Chennai Super Kings,SK Raina,MEK Hussey,B Lee,1,0,,,,,,"",""
ball,1,4.4,Chennai Super Kings,MEK Hussey,SK Raina,B Lee,0,1,,,,1,,"",""
ball,1,4.5,Chennai Super Kings,SK Raina,MEK Hussey,B Lee,0,0,,,,,,"",""
ball,1,4.6,Chennai Super Kings,SK Raina,MEK Hussey,B Lee,1,0,,,,,,"",""
ball,1,5.1,Chennai Super Kings,SK Raina,MEK Hussey,YK Pathan,0,1,1,,,,,"",""
ball,1,5.2,Chennai Super Kings,SK Raina,MEK Hussey,YK Pathan,0,0,,,,,,"",""
ball,1,5.3,Chennai Super Kings,SK Raina,MEK Hussey,YK Pathan,1,0,,,,,,"",""
ball,1,5.4,Chennai Super Kings,MEK Hussey,SK Raina,YK Pathan,1,0,,,,,,"",""
ball,1,5.5,Chennai Super Kings,SK Raina,MEK Hussey,YK Pathan,0,0,,,,,,caught,SK Raina
ball,1,5.6,Chennai Super Kings,S Badrinath,MEK Hussey,YK Pathan,0,0,,,,,,"",""
ball,1,5.7,Chennai Super Kings,S Badrinath,MEK Hussey,YK Pathan,0,0,,,,,,"",""
ball,1,6.1,Chennai Super Kings,MEK Hussey,S Badrinath,R Bhatia,0,0,,,,,,"",""
ball,1,6.2,Chennai Super Kings,MEK Hussey,S Badrinath,R Bhatia,1,0,,,,,,"",""
ball,1,6.3,Chennai Super Kings,S Badrinath,MEK Hussey,R Bhatia,1,0,,,,,,"",""
ball,1,6.4,Chennai Super Kings,MEK Hussey,S Badrinath,R Bhatia,1,0,,,,,,"",""
ball,1,6.5,Chennai Super Kings,S Badrinath,MEK Hussey,R Bhatia,0,0,,,,,,"",""
ball,1,6.6,Chennai Super Kings,S Badrinath,MEK Hussey,R Bhatia,2,0,,,,,,"",""
ball,1,7.1,Chennai Super Kings,MEK Hussey,S Badrinath,YK Pathan,0,0,,,,,,"",""
ball,1,7.2,Chennai Super Kings,MEK Hussey,S Badrinath,YK Pathan,1,0,,,,,,"",""
ball,1,7.3,Chennai Super Kings,S Badrinath,MEK Hussey,YK Pathan,2,0,,,,,,"",""
ball,1,7.4,Chennai Super Kings,S Badrinath,MEK Hussey,YK Pathan,0,0,,,,,,"",""
ball,1,7.5,Chennai Super Kings,S Badrinath,MEK Hussey,YK Pathan,1,0,,,,,,"",""
ball,1,7.6,Chennai Super Kings,MEK Hussey,S Badrinath,YK Pathan,1,0,,,,,,"",""
ball,1,8.1,Chennai Super Kings,MEK Hussey,S Badrinath,R Bhatia,1,0,,,,,,"",""
ball,1,8.2,Chennai Super Kings,S Badrinath,MEK Hussey,R Bhatia,1,0,,,,,,"",""
ball,1,8.3,Chennai Super Kings,MEK Hussey,S Badrinath,R Bhatia,1,0,,,,,,"",""
ball,1,8.4,Chennai Super Kings,S Badrinath,MEK Hussey,R Bhatia,0,0,,,,,,"",""
ball,1,8.5,Chennai Super Kings,S Badrinath,MEK Hussey,R Bhatia,1,0,,,,,,"",""
ball,1,8.6,Chennai Super Kings,MEK Hussey,S Badrinath,R Bhatia,1,0,,,,,,"",""
ball,1,9.1,Chennai Super Kings,MEK Hussey,S Badrinath,YK Pathan,1,0,,,,,,"",""
ball,1,9.2,Chennai Super Kings,S Badrinath,MEK Hussey,YK Pathan,1,0,,,,,,"",""
ball,1,9.3,Chennai Super Kings,MEK Hussey,S Badrinath,YK Pathan,0,0,,,,,,"",""
ball,1,9.4,Chennai Super Kings,MEK Hussey,S Badrinath,YK Pathan,1,0,,,,,,"",""
ball,1,9.5,Chennai Super Kings,S Badrinath,MEK Hussey,YK Pathan,6,0,,,,,,"",""
ball,1,9.6,Chennai Super Kings,S Badrinath,MEK Hussey,YK Pathan,1,0,,,,,,"",""
ball,1,10.1,Chennai Super Kings,S Badrinath,MEK Hussey,L Balaji,4,0,,,,,,"",""
ball,1,10.2,Chennai Super Kings,S Badrinath,MEK Hussey,L Balaji,1,0,,,,,,"",""
ball,1,10.3,Chennai Super Kings,MEK Hussey,S Badrinath,L Balaji,2,0,,,,,,"",""
ball,1,10.4,Chennai Super Kings,MEK Hussey,S Badrinath,L Balaji,1,0,,,,,,"",""
ball,1,10.5,Chennai Super Kings,S Badrinath,MEK Hussey,L Balaji,1,0,,,,,,"",""
ball,1,10.6,Chennai Super Kings,MEK Hussey,S Badrinath,L Balaji,0,0,,,,,,caught,MEK Hussey
ball,1,11.1,Chennai Super Kings,S Badrinath,JA Morkel,Iqbal Abdulla,0,0,,,,,,"",""
ball,1,11.2,Chennai Super Kings,S Badrinath,JA Morkel,Iqbal Abdulla,4,0,,,,,,"",""
ball,1,11.3,Chennai Super Kings,S Badrinath,JA Morkel,Iqbal Abdulla,0,0,,,,,,"",""
ball,1,11.4,Chennai Super Kings,S Badrinath,JA Morkel,Iqbal Abdulla,1,0,,,,,,"",""
ball,1,11.5,Chennai Super Kings,JA Morkel,S Badrinath,Iqbal Abdulla,0,0,,,,,,"",""
ball,1,11.6,Chennai Super Kings,JA Morkel,S Badrinath,Iqbal Abdulla,0,1,1,,,,,"",""
ball,1,11.7,Chennai Super Kings,JA Morkel,S Badrinath,Iqbal Abdulla,0,0,,,,,,"",""
ball,1,12.1,Chennai Super Kings,S Badrinath,JA Morkel,L Balaji,1,0,,,,,,"",""
ball,1,12.2,Chennai Super Kings,JA Morkel,S Badrinath,L Balaji,1,0,,,,,,"",""
ball,1,12.3,Chennai Super Kings,S Badrinath,JA Morkel,L Balaji,0,0,,,,,,"",""
ball,1,12.4,Chennai Super Kings,S Badrinath,JA Morkel,L Balaji,1,0,,,,,,"",""
ball,1,12.5,Chennai Super Kings,JA Morkel,S Badrinath,L Balaji,1,0,,,,,,"",""
ball,1,12.6,Chennai Super Kings,S Badrinath,JA Morkel,L Balaji,0,0,,,,,,"",""
ball,1,13.1,Chennai Super Kings,JA Morkel,S Badrinath,YK Pathan,0,0,,,,,,"",""
ball,1,13.2,Chennai Super Kings,JA Morkel,S Badrinath,YK Pathan,0,0,,,,,,"",""
ball,1,13.3,Chennai Super Kings,JA Morkel,S Badrinath,YK Pathan,1,0,,,,,,"",""
ball,1,13.4,Chennai Super Kings,S Badrinath,JA Morkel,YK Pathan,1,0,,,,,,"",""
ball,1,13.5,Chennai Super Kings,JA Morkel,S Badrinath,YK Pathan,1,0,,,,,,"",""
ball,1,13.6,Chennai Super Kings,S Badrinath,JA Morkel,YK Pathan,4,0,,,,,,"",""
ball,1,14.1,Chennai Super Kings,JA Morkel,S Badrinath,JD Unadkat,4,0,,,,,,"",""
ball,1,14.2,Chennai Super Kings,JA Morkel,S Badrinath,JD Unadkat,4,0,,,,,,"",""
ball,1,14.3,Chennai Super Kings,JA Morkel,S Badrinath,JD Unadkat,1,0,,,,,,"",""
ball,1,14.4,Chennai Super Kings,S Badrinath,JA Morkel,JD Unadkat,1,0,,,,,,"",""
ball,1,14.5,Chennai Super Kings,JA Morkel,S Badrinath,JD Unadkat,0,0,,,,,,"",""
ball,1,14.6,Chennai Super Kings,JA Morkel,S Badrinath,JD Unadkat,1,0,,,,,,"",""
ball,1,15.1,Chennai Super Kings,JA Morkel,S Badrinath,Iqbal Abdulla,1,0,,,,,,"",""
ball,1,15.2,Chennai Super Kings,S Badrinath,JA Morkel,Iqbal Abdulla,1,0,,,,,,"",""
ball,1,15.3,Chennai Super Kings,JA Morkel,S Badrinath,Iqbal Abdulla,0,0,,,,,,"",""
ball,1,15.4,Chennai Super Kings,JA Morkel,S Badrinath,Iqbal Abdulla,0,0,,,,,,"",""
ball,1,15.5,Chennai Super Kings,JA Morkel,S Badrinath,Iqbal Abdulla,1,0,,,,,,"",""
ball,1,15.6,Chennai Super Kings,S Badrinath,JA Morkel,Iqbal Abdulla,1,0,,,,,,"",""
ball,1,16.1,Chennai Super Kings,S Badrinath,JA Morkel,L Balaji,2,0,,,,,,"",""
ball,1,16.2,Chennai Super Kings,S Badrinath,JA Morkel,L Balaji,1,0,,,,,,"",""
ball,1,16.3,Chennai Super Kings,JA Morkel,S Badrinath,L Balaji,0,1,1,,,,,"",""
ball,1,16.4,Chennai Super Kings,JA Morkel,S Badrinath,L Balaji,0,0,,,,,,"",""
ball,1,16.5,Chennai Super Kings,JA Morkel,S Badrinath,L Balaji,1,0,,,,,,"",""
ball,1,16.6,Chennai Super Kings,S Badrinath,JA Morkel,L Balaji,2,0,,,,,,"",""
ball,1,16.7,Chennai Super Kings,S Badrinath,JA Morkel,L Balaji,6,0,,,,,,"",""
ball,1,17.1,Chennai Super Kings,JA Morkel,S Badrinath,B Lee,1,0,,,,,,"",""
ball,1,17.2,Chennai Super Kings,S Badrinath,JA Morkel,B Lee,0,1,,,,1,,"",""
ball,1,17.3,Chennai Super Kings,JA Morkel,S Badrinath,B Lee,0,0,,,,,,"",""
ball,1,17.4,Chennai Super Kings,JA Morkel,S Badrinath,B Lee,0,0,,,,,,"",""
ball,1,17.5,Chennai Super Kings,JA Morkel,S Badrinath,B Lee,1,0,,,,,,"",""
ball,1,17.6,Chennai Super Kings,S Badrinath,JA Morkel,B Lee,1,0,,,,,,"",""
ball,1,18.1,Chennai Super Kings,S Badrinath,JA Morkel,JH Kallis,1,0,,,,,,"",""
ball,1,18.2,Chennai Super Kings,JA Morkel,S Badrinath,JH Kallis,0,0,,,,,,"",""
ball,1,18.3,Chennai Super Kings,JA Morkel,S Badrinath,JH Kallis,2,0,,,,,,"",""
ball,1,18.4,Chennai Super Kings,JA Morkel,S Badrinath,JH Kallis,4,0,,,,,,"",""
ball,1,18.5,Chennai Super Kings,JA Morkel,S Badrinath,JH Kallis,1,0,,,,,,"",""
ball,1,18.6,Chennai Super Kings,S Badrinath,JA Morkel,JH Kallis,1,0,,,,,,"",""
ball,1,19.1,Chennai Super Kings,S Badrinath,JA Morkel,L Balaji,1,0,,,,,,"",""
ball,1,19.2,Chennai Super Kings,JA Morkel,S Badrinath,L Balaji,1,0,,,,,,"",""
ball,1,19.3,Chennai Super Kings,S Badrinath,JA Morkel,L Balaji,1,0,,,,,,"",""
ball,1,19.4,Chennai Super Kings,JA Morkel,S Badrinath,L Balaji,2,0,,,,,,"",""
ball,1,19.5,Chennai Super Kings,JA Morkel,S Badrinath,L Balaji,1,0,,,,,,"",""
ball,1,19.6,Chennai Super Kings,S Badrinath,JA Morkel,L Balaji,1,0,,,,,,run out,S Badrinath
ball,2,0.1,Kolkata Knight Riders,EJG Morgan,JH Kallis,JA Morkel,0,0,,,,,,"",""
ball,2,0.2,Kolkata Knight Riders,EJG Morgan,JH Kallis,JA Morkel,0,1,,,,1,,"",""
ball,2,0.3,Kolkata Knight Riders,JH Kallis,EJG Morgan,JA Morkel,1,0,,,,,,"",""
ball,2,0.4,Kolkata Knight Riders,EJG Morgan,JH Kallis,JA Morkel,4,0,,,,,,"",""
ball,2,0.5,Kolkata Knight Riders,EJG Morgan,JH Kallis,JA Morkel,0,0,,,,,,"",""
ball,2,0.6,Kolkata Knight Riders,EJG Morgan,JH Kallis,JA Morkel,0,1,1,,,,,"",""
ball,2,0.7,Kolkata Knight Riders,EJG Morgan,JH Kallis,JA Morkel,1,0,,,,,,"",""
ball,2,1.1,Kolkata Knight Riders,EJG Morgan,JH Kallis,R Ashwin,0,1,1,,,,,"",""
ball,2,1.2,Kolkata Knight Riders,EJG Morgan,JH Kallis,R Ashwin,0,0,,,,,,bowled,EJG Morgan
ball,2,1.3,Kolkata Knight Riders,G Gambhir,JH Kallis,R Ashwin,0,0,,,,,,"",""
ball,2,1.4,Kolkata Knight Riders,G Gambhir,JH Kallis,R Ashwin,4,0,,,,,,"",""
ball,2,1.5,Kolkata Knight Riders,G Gambhir,JH Kallis,R Ashwin,1,0,,,,,,"",""
ball,2,1.6,Kolkata Knight Riders,JH Kallis,G Gambhir,R Ashwin,0,0,,,,,,"",""
ball,2,1.7,Kolkata Knight Riders,JH Kallis,G Gambhir,R Ashwin,0,0,,,,,,"",""
ball,2,2.1,Kolkata Knight Riders,G Gambhir,JH Kallis,JA Morkel,0,0,,,,,,"",""
ball,2,2.2,Kolkata Knight Riders,G Gambhir,JH Kallis,JA Morkel,4,0,,,,,,"",""
ball,2,2.3,Kolkata Knight Riders,G Gambhir,JH Kallis,JA Morkel,1,0,,,,,,"",""
ball,2,2.4,Kolkata Knight Riders,JH Kallis,G Gambhir,JA Morkel,0,0,,,,,,"",""
ball,2,2.5,Kolkata Knight Riders,JH Kallis,G Gambhir,JA Morkel,2,0,,,,,,"",""
ball,2,2.6,Kolkata Knight Riders,JH Kallis,G Gambhir,JA Morkel,0,0,,,,,,"",""
ball,2,3.1,Kolkata Knight Riders,G Gambhir,JH Kallis,R Ashwin,2,0,,,,,,"",""
ball,2,3.2,Kolkata Knight Riders,G Gambhir,JH Kallis,R Ashwin,1,0,,,,,,"",""
ball,2,3.3,Kolkata Knight Riders,JH Kallis,G Gambhir,R Ashwin,1,0,,,,,,"",""
ball,2,3.4,Kolkata Knight Riders,G Gambhir,JH Kallis,R Ashwin,0,0,,,,,,"",""
ball,2,3.5,Kolkata Knight Riders,G Gambhir,JH Kallis,R Ashwin,0,0,,,,,,"",""
ball,2,3.6,Kolkata Knight Riders,G Gambhir,JH Kallis,R Ashwin,0,0,,,,,,"",""
ball,2,4.1,Kolkata Knight Riders,JH Kallis,G Gambhir,DE Bollinger,0,0,,,,,,"",""
ball,2,4.2,Kolkata Knight Riders,JH Kallis,G Gambhir,DE Bollinger,0,0,,,,,,"",""
ball,2,4.3,Kolkata Knight Riders,JH Kallis,G Gambhir,DE Bollinger,4,0,,,,,,"",""
ball,2,4.4,Kolkata Knight Riders,JH Kallis,G Gambhir,DE Bollinger,1,0,,,,,,"",""
ball,2,4.5,Kolkata Knight Riders,G Gambhir,JH Kallis,DE Bollinger,0,0,,,,,,"",""
ball,2,4.6,Kolkata Knight Riders,G Gambhir,JH Kallis,DE Bollinger,1,0,,,,,,"",""
ball,2,5.1,Kolkata Knight Riders,G Gambhir,JH Kallis,R Ashwin,0,0,,,,,,"",""
ball,2,5.2,Kolkata Knight Riders,G Gambhir,JH Kallis,R Ashwin,2,0,,,,,,"",""
ball,2,5.3,Kolkata Knight Riders,G Gambhir,JH Kallis,R Ashwin,0,0,,,,,,"",""
ball,2,5.4,Kolkata Knight Riders,G Gambhir,JH Kallis,R Ashwin,0,0,,,,,,"",""
ball,2,5.5,Kolkata Knight Riders,G Gambhir,JH Kallis,R Ashwin,0,0,,,,,,"",""
ball,2,5.6,Kolkata Knight Riders,G Gambhir,JH Kallis,R Ashwin,0,0,,,,,,caught,G Gambhir
ball,2,6.1,Kolkata Knight Riders,MK Tiwary,JH Kallis,SB Jakati,1,0,,,,,,"",""
ball,2,6.2,Kolkata Knight Riders,JH Kallis,MK Tiwary,SB Jakati,0,0,,,,,,"",""
ball,2,6.3,Kolkata Knight Riders,JH Kallis,MK Tiwary,SB Jakati,1,0,,,,,,"",""
ball,2,6.4,Kolkata Knight Riders,MK Tiwary,JH Kallis,SB Jakati,4,0,,,,,,"",""
ball,2,6.5,Kolkata Knight Riders,MK Tiwary,JH Kallis,SB Jakati,0,0,,,,,,"",""
ball,2,6.6,Kolkata Knight Riders,MK Tiwary,JH Kallis,SB Jakati,0,0,,,,,,"",""
ball,2,7.1,Kolkata Knight Riders,JH Kallis,MK Tiwary,S Randiv,1,0,,,,,,"",""
ball,2,7.2,Kolkata Knight Riders,MK Tiwary,JH Kallis,S Randiv,1,0,,,,,,"",""
ball,2,7.3,Kolkata Knight Riders,JH Kallis,MK Tiwary,S Randiv,1,0,,,,,,"",""
ball,2,7.4,Kolkata Knight Riders,MK Tiwary,JH Kallis,S Randiv,1,0,,,,,,"",""
ball,2,7.5,Kolkata Knight Riders,JH Kallis,MK Tiwary,S Randiv,0,0,,,,,,"",""
ball,2,7.6,Kolkata Knight Riders,JH Kallis,MK Tiwary,S Randiv,1,0,,,,,,"",""
ball,2,8.1,Kolkata Knight Riders,JH Kallis,MK Tiwary,SB Jakati,1,0,,,,,,"",""
ball,2,8.2,Kolkata Knight Riders,MK Tiwary,JH Kallis,SB Jakati,1,0,,,,,,"",""
ball,2,8.3,Kolkata Knight Riders,JH Kallis,MK Tiwary,SB Jakati,4,0,,,,,,"",""
ball,2,8.4,Kolkata Knight Riders,JH Kallis,MK Tiwary,SB Jakati,1,0,,,,,,"",""
ball,2,8.5,Kolkata Knight Riders,MK Tiwary,JH Kallis,SB Jakati,0,0,,,,,,"",""
ball,2,8.6,Kolkata Knight Riders,MK Tiwary,JH Kallis,SB Jakati,1,0,,,,,,"",""
ball,2,9.1,Kolkata Knight Riders,MK Tiwary,JH Kallis,S Randiv,1,0,,,,,,"",""
ball,2,9.2,Kolkata Knight Riders,JH Kallis,MK Tiwary,S Randiv,0,0,,,,,,"",""
ball,2,9.3,Kolkata Knight Riders,JH Kallis,MK Tiwary,S Randiv,1,0,,,,,,"",""
ball,2,9.4,Kolkata Knight Riders,MK Tiwary,JH Kallis,S Randiv,4,0,,,,,,"",""
ball,2,9.5,Kolkata Knight Riders,MK Tiwary,JH Kallis,S Randiv,0,1,1,,,,,"",""
ball,2,9.6,Kolkata Knight Riders,MK Tiwary,JH Kallis,S Randiv,1,0,,,,,,"",""
ball,2,9.7,Kolkata Knight Riders,JH Kallis,MK Tiwary,S Randiv,1,0,,,,,,"",""
