version,1.6.0
info,balls_per_over,6
info,team,Pune Warriors
info,team,Kochi Tuskers Kerala
info,gender,male
info,season,2011
info,date,2011/04/13
info,event,Indian Premier League
info,match_number,10
info,venue,Dr DY Patil Sports Academy
info,city,Mumbai
info,toss_winner,Kochi Tuskers Kerala
info,toss_decision,bat
info,player_of_match,MD Mishra
info,umpire,S Asnani
info,umpire,PR Reiffel
info,reserve_umpire,NA Patwardhan
info,tv_umpire,BR Doctrove
info,match_referee,J Srinath
info,winner,Pune Warriors
info,winner_wickets,4
info,player,Kochi Tuskers Kerala,BB McCullum
info,player,Kochi Tuskers Kerala,VVS Laxman
info,player,Kochi Tuskers Kerala,PA Patel
info,player,Kochi Tuskers Kerala,DPMD Jayawardene
info,player,Kochi Tuskers Kerala,BJ Hodge
info,player,Kochi Tuskers Kerala,RA Jadeja
info,player,Kochi Tuskers Kerala,RV Gomez
info,player,Kochi Tuskers Kerala,R Vinay Kumar
info,player,Kochi Tuskers Kerala,S Sreesanth
info,player,Kochi Tuskers Kerala,RP Singh
info,player,Kochi Tuskers Kerala,M Muralitharan
info,player,Pune Warriors,JD Ryder
info,player,Pune Warriors,GC Smith
info,player,Pune Warriors,M Manhas
info,player,Pune Warriors,Yuvraj Singh
info,player,Pune Warriors,RV Uthappa
info,player,Pune Warriors,MD Mishra
info,player,Pune Warriors,WD Parnell
info,player,Pune Warriors,R Sharma
info,player,Pune Warriors,M Kartik
info,player,Pune Warriors,SB Wagh
info,player,Pune Warriors,AC Thomas
info,registry,people,AC Thomas,b552a935
info,registry,people,BB McCullum,b8a55852
info,registry,people,BJ Hodge,b57f8a9a
info,registry,people,BR Doctrove,cbebf805
info,registry,people,DPMD Jayawardene,d18f9182
info,registry,people,GC Smith,72861603
info,registry,people,J Srinath,bad31fac
info,registry,people,JD Ryder,91ffa6c6
info,registry,people,M Kartik,abfeb126
info,registry,people,M Manhas,c42aaf71
info,registry,people,M Muralitharan,4ba44e19
info,registry,people,MD Mishra,6afb26d6
info,registry,people,NA Patwardhan,e6ef687d
info,registry,people,NL McCullum,5673a3fc
info,registry,people,PA Patel,b5da6c24
info,registry,people,PR Reiffel,c9354f29
info,registry,people,R Sharma,5d9a1a73
info,registry,people,R Vinay Kumar,41eb4a4f
info,registry,people,RA Jadeja,fe93fd9d
info,registry,people,RP Singh,c3d1402f
info,registry,people,RV Gomez,b2570b38
info,registry,people,RV Uthappa,1c17e270
info,registry,people,S Asnani,b04524bc
info,registry,people,S Sreesanth,6b8eb6e5
info,registry,people,SB Wagh,dddca1d6
info,registry,people,VVS Laxman,de8cce37
info,registry,people,WD Parnell,3a60e0b5
info,registry,people,Yuvraj Singh,1c914163
ball,1,0.1,Kochi Tuskers Kerala,BB McCullum,VVS Laxman,AC Thomas,0,0,,,,,,caught,BB McCullum
ball,1,0.2,Kochi Tuskers Kerala,PA Patel,VVS Laxman,AC Thomas,0,0,,,,,,"",""
ball,1,0.3,Kochi Tuskers Kerala,PA Patel,VVS Laxman,AC Thomas,4,0,,,,,,"",""
ball,1,0.4,Kochi Tuskers Kerala,PA Patel,VVS Laxman,AC Thomas,0,0,,,,,,"",""
ball,1,0.5,Kochi Tuskers Kerala,PA Patel,VVS Laxman,AC Thomas,4,0,,,,,,"",""
ball,1,0.6,Kochi Tuskers Kerala,PA Patel,VVS Laxman,AC Thomas,1,0,,,,,,"",""
ball,1,1.1,Kochi Tuskers Kerala,PA Patel,VVS Laxman,SB Wagh,0,0,,,,,,"",""
ball,1,1.2,Kochi Tuskers Kerala,PA Patel,VVS Laxman,SB Wagh,0,0,,,,,,"",""
ball,1,1.3,Kochi Tuskers Kerala,PA Patel,VVS Laxman,SB Wagh,0,0,,,,,,"",""
ball,1,1.4,Kochi Tuskers Kerala,PA Patel,VVS Laxman,SB Wagh,1,0,,,,,,"",""
ball,1,1.5,Kochi Tuskers Kerala,VVS Laxman,PA Patel,SB Wagh,0,0,,,,,,"",""
ball,1,1.6,Kochi Tuskers Kerala,VVS Laxman,PA Patel,SB Wagh,0,0,,,,,,"",""
ball,1,2.1,Kochi Tuskers Kerala,PA Patel,VVS Laxman,WD Parnell,1,0,,,,,,"",""
ball,1,2.2,Kochi Tuskers Kerala,VVS Laxman,PA Patel,WD Parnell,0,0,,,,,,bowled,VVS Laxman
ball,1,2.3,Kochi Tuskers Kerala,DPMD Jayawardene,PA Patel,WD Parnell,0,0,,,,,,"",""
ball,1,2.4,Kochi Tuskers Kerala,DPMD Jayawardene,PA Patel,WD Parnell,2,0,,,,,,"",""
ball,1,2.5,Kochi Tuskers Kerala,DPMD Jayawardene,PA Patel,WD Parnell,0,0,,,,,,caught,DPMD Jayawardene
ball,1,2.6,Kochi Tuskers Kerala,BJ Hodge,PA Patel,WD Parnell,0,0,,,,,,"",""
ball,1,3.1,Kochi Tuskers Kerala,PA Patel,BJ Hodge,SB Wagh,0,0,,,,,,"",""
ball,1,3.2,Kochi Tuskers Kerala,PA Patel,BJ Hodge,SB Wagh,0,0,,,,,,"",""
ball,1,3.3,Kochi Tuskers Kerala,PA Patel,BJ Hodge,SB Wagh,4,0,,,,,,"",""
ball,1,3.4,Kochi Tuskers Kerala,PA Patel,BJ Hodge,SB Wagh,4,0,,,,,,"",""
ball,1,3.5,Kochi Tuskers Kerala,PA Patel,BJ Hodge,SB Wagh,1,0,,,,,,"",""
ball,1,3.6,Kochi Tuskers Kerala,BJ Hodge,PA Patel,SB Wagh,0,0,,,,,,"",""
ball,1,4.1,Kochi Tuskers Kerala,PA Patel,BJ Hodge,WD Parnell,0,0,,,,,,"",""
ball,1,4.2,Kochi Tuskers Kerala,PA Patel,BJ Hodge,WD Parnell,1,0,,,,,,"",""
ball,1,4.3,Kochi Tuskers Kerala,BJ Hodge,PA Patel,WD Parnell,1,0,,,,,,"",""
ball,1,4.4,Kochi Tuskers Kerala,PA Patel,BJ Hodge,WD Parnell,0,0,,,,,,"",""
ball,1,4.5,Kochi Tuskers Kerala,PA Patel,BJ Hodge,WD Parnell,0,0,,,,,,caught,PA Patel
ball,1,4.6,Kochi Tuskers Kerala,RA Jadeja,BJ Hodge,WD Parnell,0,0,,,,,,"",""
ball,1,5.1,Kochi Tuskers Kerala,BJ Hodge,RA Jadeja,AC Thomas,0,0,,,,,,"",""
ball,1,5.2,Kochi Tuskers Kerala,BJ Hodge,RA Jadeja,AC Thomas,0,0,,,,,,"",""
ball,1,5.3,Kochi Tuskers Kerala,BJ Hodge,RA Jadeja,AC Thomas,1,0,,,,,,"",""
ball,1,5.4,Kochi Tuskers Kerala,RA Jadeja,BJ Hodge,AC Thomas,4,0,,,,,,"",""
ball,1,5.5,Kochi Tuskers Kerala,RA Jadeja,BJ Hodge,AC Thomas,4,0,,,,,,"",""
ball,1,5.6,Kochi Tuskers Kerala,RA Jadeja,BJ Hodge,AC Thomas,4,0,,,,,,"",""
ball,1,6.1,Kochi Tuskers Kerala,BJ Hodge,RA Jadeja,M Kartik,3,0,,,,,,"",""
ball,1,6.2,Kochi Tuskers Kerala,RA Jadeja,BJ Hodge,M Kartik,0,0,,,,,,"",""
ball,1,6.3,Kochi Tuskers Kerala,RA Jadeja,BJ Hodge,M Kartik,1,0,,,,,,"",""
ball,1,6.4,Kochi Tuskers Kerala,BJ Hodge,RA Jadeja,M Kartik,1,0,,,,,,"",""
ball,1,6.5,Kochi Tuskers Kerala,RA Jadeja,BJ Hodge,M Kartik,0,0,,,,,,"",""
ball,1,6.6,Kochi Tuskers Kerala,RA Jadeja,BJ Hodge,M Kartik,0,0,,,,,,"",""
ball,1,7.1,Kochi Tuskers Kerala,BJ Hodge,RA Jadeja,R Sharma,4,0,,,,,,"",""
ball,1,7.2,Kochi Tuskers Kerala,BJ Hodge,RA Jadeja,R Sharma,0,0,,,,,,"",""
ball,1,7.3,Kochi Tuskers Kerala,BJ Hodge,RA Jadeja,R Sharma,0,2,,,,2,,"",""
ball,1,7.4,Kochi Tuskers Kerala,BJ Hodge,RA Jadeja,R Sharma,0,0,,,,,,"",""
ball,1,7.5,Kochi Tuskers Kerala,BJ Hodge,RA Jadeja,R Sharma,1,0,,,,,,"",""
ball,1,7.6,Kochi Tuskers Kerala,RA Jadeja,BJ Hodge,R Sharma,0,0,,,,,,"",""
ball,1,8.1,Kochi Tuskers Kerala,BJ Hodge,RA Jadeja,M Kartik,2,0,,,,,,"",""
ball,1,8.2,Kochi Tuskers Kerala,BJ Hodge,RA Jadeja,M Kartik,1,0,,,,,,"",""
ball,1,8.3,Kochi Tuskers Kerala,RA Jadeja,BJ Hodge,M Kartik,1,0,,,,,,"",""
ball,1,8.4,Kochi Tuskers Kerala,BJ Hodge,RA Jadeja,M Kartik,0,0,,,,,,"",""
ball,1,8.5,Kochi Tuskers Kerala,BJ Hodge,RA Jadeja,M Kartik,0,0,,,,,,"",""
ball,1,8.6,Kochi Tuskers Kerala,BJ Hodge,RA Jadeja,M Kartik,0,0,,,,,,"",""
ball,1,9.1,Kochi Tuskers Kerala,RA Jadeja,BJ Hodge,Yuvraj Singh,2,0,,,,,,"",""
ball,1,9.2,Kochi Tuskers Kerala,RA Jadeja,BJ Hodge,Yuvraj Singh,0,0,,,,,,"",""
ball,1,9.3,Kochi Tuskers Kerala,RA Jadeja,BJ Hodge,Yuvraj Singh,1,0,,,,,,"",""
ball,1,9.4,Kochi Tuskers Kerala,BJ Hodge,RA Jadeja,Yuvraj Singh,1,0,,,,,,"",""
ball,1,9.5,Kochi Tuskers Kerala,RA Jadeja,BJ Hodge,Yuvraj Singh,6,0,,,,,,"",""
ball,1,9.6,Kochi Tuskers Kerala,RA Jadeja,BJ Hodge,Yuvraj Singh,2,0,,,,,,"",""
ball,1,10.1,Kochi Tuskers Kerala,BJ Hodge,RA Jadeja,R Sharma,1,0,,,,,,"",""
ball,1,10.2,Kochi Tuskers Kerala,RA Jadeja,BJ Hodge,R Sharma,0,0,,,,,,"",""
ball,1,10.3,Kochi Tuskers Kerala,RA Jadeja,BJ Hodge,R Sharma,2,0,,,,,,"",""
ball,1,10.4,Kochi Tuskers Kerala,RA Jadeja,BJ Hodge,R Sharma,6,0,,,,,,"",""
ball,1,10.5,Kochi Tuskers Kerala,RA Jadeja,BJ Hodge,R Sharma,0,0,,,,,,"",""
ball,1,10.6,Kochi Tuskers Kerala,RA Jadeja,BJ Hodge,R Sharma,0,0,,,,,,"",""
ball,1,11.1,Kochi Tuskers Kerala,BJ Hodge,RA Jadeja,M Kartik,0,0,,,,,,"",""
ball,1,11.2,Kochi Tuskers Kerala,BJ Hodge,RA Jadeja,M Kartik,6,0,,,,,,"",""
ball,1,11.3,Kochi Tuskers Kerala,BJ Hodge,RA Jadeja,M Kartik,1,0,,,,,,"",""
ball,1,11.4,Kochi Tuskers Kerala,RA Jadeja,BJ Hodge,M Kartik,0,0,,,,,,"",""
ball,1,11.5,Kochi Tuskers Kerala,RA Jadeja,BJ Hodge,M Kartik,1,0,,,,,,"",""
ball,1,11.6,Kochi Tuskers Kerala,BJ Hodge,RA Jadeja,M Kartik,1,0,,,,,,"",""
ball,1,12.1,Kochi Tuskers Kerala,BJ Hodge,RA Jadeja,JD Ryder,0,0,,,,,,"",""
ball,1,12.2,Kochi Tuskers Kerala,BJ Hodge,RA Jadeja,JD Ryder,0,0,,,,,,"",""
ball,1,12.3,Kochi Tuskers Kerala,BJ Hodge,RA Jadeja,JD Ryder,1,0,,,,,,"",""
ball,1,12.4,Kochi Tuskers Kerala,RA Jadeja,BJ Hodge,JD Ryder,1,0,,,,,,"",""
ball,1,12.5,Kochi Tuskers Kerala,BJ Hodge,RA Jadeja,JD Ryder,1,0,,,,,,"",""
ball,1,12.6,Kochi Tuskers Kerala,RA Jadeja,BJ Hodge,JD Ryder,1,0,,,,,,"",""
ball,1,13.1,Kochi Tuskers Kerala,RA Jadeja,BJ Hodge,M Kartik,0,1,1,,,,,"",""
ball,1,13.2,Kochi Tuskers Kerala,RA Jadeja,BJ Hodge,M Kartik,1,1,,1,,,,"",""
ball,1,13.3,Kochi Tuskers Kerala,BJ Hodge,RA Jadeja,M Kartik,6,0,,,,,,"",""
ball,1,13.4,Kochi Tuskers Kerala,BJ Hodge,RA Jadeja,M Kartik,1,0,,,,,,"",""
ball,1,13.5,Kochi Tuskers Kerala,RA Jadeja,BJ Hodge,M Kartik,1,0,,,,,,"",""
ball,1,13.6,Kochi Tuskers Kerala,BJ Hodge,RA Jadeja,M Kartik,0,0,,,,,,"",""
ball,1,13.7,Kochi Tuskers Kerala,BJ Hodge,RA Jadeja,M Kartik,0,0,,,,,,"",""
ball,1,13.8,Kochi Tuskers Kerala,BJ Hodge,RA Jadeja,M Kartik,1,0,,,,,,"",""
ball,1,14.1,Kochi Tuskers Kerala,BJ Hodge,RA Jadeja,WD Parnell,1,0,,,,,,"",""
ball,1,14.2,Kochi Tuskers Kerala,RA Jadeja,BJ Hodge,WD Parnell,0,0,,,,,,"",""
ball,1,14.3,Kochi Tuskers Kerala,RA Jadeja,BJ Hodge,WD Parnell,0,0,,,,,,"",""
ball,1,14.4,Kochi Tuskers Kerala,RA Jadeja,BJ Hodge,WD Parnell,6,0,,,,,,"",""
ball,1,14.5,Kochi Tuskers Kerala,RA Jadeja,BJ Hodge,WD Parnell,1,0,,,,,,"",""
ball,1,14.6,Kochi Tuskers Kerala,BJ Hodge,RA Jadeja,WD Parnell,4,0,,,,,,"",""
ball,1,15.1,Kochi Tuskers Kerala,RA Jadeja,BJ Hodge,R Sharma,1,0,,,,,,"",""
ball,1,15.2,Kochi Tuskers Kerala,BJ Hodge,RA Jadeja,R Sharma,0,0,,,,,,caught,BJ Hodge
ball,1,15.3,Kochi Tuskers Kerala,RA Jadeja,RV Gomez,R Sharma,1,0,,,,,,"",""
ball,1,15.4,Kochi Tuskers Kerala,RV Gomez,RA Jadeja,R Sharma,0,0,,,,,,"",""
ball,1,15.5,Kochi Tuskers Kerala,RV Gomez,RA Jadeja,R Sharma,0,0,,,,,,"",""
ball,1,15.6,Kochi Tuskers Kerala,RV Gomez,RA Jadeja,R Sharma,0,0,,,,,,"",""
ball,1,16.1,Kochi Tuskers Kerala,RA Jadeja,RV Gomez,JD Ryder,0,0,,,,,,caught,RA Jadeja
ball,1,16.2,Kochi Tuskers Kerala,RV Gomez,R Vinay Kumar,JD Ryder,1,0,,,,,,"",""
ball,1,16.3,Kochi Tuskers Kerala,R Vinay Kumar,RV Gomez,JD Ryder,1,0,,,,,,"",""
ball,1,16.4,Kochi Tuskers Kerala,RV Gomez,R Vinay Kumar,JD Ryder,2,0,,,,,,"",""
ball,1,16.5,Kochi Tuskers Kerala,RV Gomez,R Vinay Kumar,JD Ryder,0,0,,,,,,"",""
ball,1,16.6,Kochi Tuskers Kerala,RV Gomez,R Vinay Kumar,JD Ryder,0,0,,,,,,run out,R Vinay Kumar
ball,1,17.1,Kochi Tuskers Kerala,RV Gomez,S Sreesanth,R Sharma,1,0,,,,,,"",""
ball,1,17.2,Kochi Tuskers Kerala,S Sreesanth,RV Gomez,R Sharma,0,0,,,,,,"",""
ball,1,17.3,Kochi Tuskers Kerala,S Sreesanth,RV Gomez,R Sharma,0,0,,,,,,"",""
ball,1,17.4,Kochi Tuskers Kerala,S Sreesanth,RV Gomez,R Sharma,0,0,,,,,,"",""
ball,1,17.5,Kochi Tuskers Kerala,S Sreesanth,RV Gomez,R Sharma,0,1,,,,1,,"",""
ball,1,17.6,Kochi Tuskers Kerala,RV Gomez,S Sreesanth,R Sharma,1,0,,,,,,"",""
ball,1,18.1,Kochi Tuskers Kerala,RV Gomez,S Sreesanth,AC Thomas,1,0,,,,,,"",""
ball,1,18.2,Kochi Tuskers Kerala,S Sreesanth,RV Gomez,AC Thomas,0,0,,,,,,"",""
ball,1,18.3,Kochi Tuskers Kerala,S Sreesanth,RV Gomez,AC Thomas,1,0,,,,,,"",""
ball,1,18.4,Kochi Tuskers Kerala,RV Gomez,S Sreesanth,AC Thomas,2,0,,,,,,"",""
ball,1,18.5,Kochi Tuskers Kerala,RV Gomez,S Sreesanth,AC Thomas,4,0,,,,,,"",""
ball,1,18.6,Kochi Tuskers Kerala,RV Gomez,S Sreesanth,AC Thomas,1,0,,,,,,"",""
ball,1,19.1,Kochi Tuskers Kerala,RV Gomez,S Sreesanth,WD Parnell,2,0,,,,,,"",""
ball,1,19.2,Kochi Tuskers Kerala,RV Gomez,S Sreesanth,WD Parnell,4,0,,,,,,"",""
ball,1,19.3,Kochi Tuskers Kerala,RV Gomez,S Sreesanth,WD Parnell,4,0,,,,,,"",""
ball,1,19.4,Kochi Tuskers Kerala,RV Gomez,S Sreesanth,WD Parnell,0,5,5,,,,,"",""
ball,1,19.5,Kochi Tuskers Kerala,RV Gomez,S Sreesanth,WD Parnell,2,0,,,,,,"",""
ball,1,19.6,Kochi Tuskers Kerala,RV Gomez,S Sreesanth,WD Parnell,1,0,,,,,,run out,S Sreesanth
ball,1,19.7,Kochi Tuskers Kerala,RP Singh,RV Gomez,WD Parnell,0,1,,,1,,,"",""
ball,2,0.1,Pune Warriors,JD Ryder,GC Smith,RP Singh,0,0,,,,,,"",""
ball,2,0.2,Pune Warriors,JD Ryder,GC Smith,RP Singh,2,0,,,,,,"",""
ball,2,0.3,Pune Warriors,JD Ryder,GC Smith,RP Singh,4,0,,,,,,"",""
ball,2,0.4,Pune Warriors,JD Ryder,GC Smith,RP Singh,0,0,,,,,,"",""
ball,2,0.5,Pune Warriors,JD Ryder,GC Smith,RP Singh,4,0,,,,,,"",""
ball,2,0.6,Pune Warriors,JD Ryder,GC Smith,RP Singh,0,0,,,,,,"",""
ball,2,1.1,Pune Warriors,GC Smith,JD Ryder,S Sreesanth,0,1,1,,,,,"",""
ball,2,1.2,Pune Warriors,GC Smith,JD Ryder,S Sreesanth,2,0,,,,,,"",""
ball,2,1.3,Pune Warriors,GC Smith,JD Ryder,S Sreesanth,0,0,,,,,,"",""
ball,2,1.4,Pune Warriors,GC Smith,JD Ryder,S Sreesanth,4,0,,,,,,"",""
ball,2,1.5,Pune Warriors,GC Smith,JD Ryder,S Sreesanth,0,1,1,,,,,"",""
ball,2,1.6,Pune Warriors,GC Smith,JD Ryder,S Sreesanth,0,0,,,,,,"",""
ball,2,1.7,Pune Warriors,GC Smith,JD Ryder,S Sreesanth,0,0,,,,,,"",""
ball,2,1.8,Pune Warriors,GC Smith,JD Ryder,S Sreesanth,0,1,1,,,,,"",""
ball,2,1.9,Pune Warriors,GC Smith,JD Ryder,S Sreesanth,1,0,,,,,,"",""
ball,2,2.1,Pune Warriors,GC Smith,JD Ryder,M Muralitharan,0,0,,,,,,"",""
ball,2,2.2,Pune Warriors,GC Smith,JD Ryder,M Muralitharan,1,0,,,,,,"",""
ball,2,2.3,Pune Warriors,JD Ryder,GC Smith,M Muralitharan,1,0,,,,,,"",""
ball,2,2.4,Pune Warriors,GC Smith,JD Ryder,M Muralitharan,0,0,,,,,,"",""
ball,2,2.5,Pune Warriors,GC Smith,JD Ryder,M Muralitharan,1,0,,,,,,"",""
ball,2,2.6,Pune Warriors,JD Ryder,GC Smith,M Muralitharan,4,0,,,,,,"",""
ball,2,3.1,Pune Warriors,GC Smith,JD Ryder,R Vinay Kumar,0,0,,,,,,"",""
ball,2,3.2,Pune Warriors,GC Smith,JD Ryder,R Vinay Kumar,1,0,,,,,,"",""
ball,2,3.3,Pune Warriors,JD Ryder,GC Smith,R Vinay Kumar,2,0,,,,,,"",""
ball,2,3.4,Pune Warriors,JD Ryder,GC Smith,R Vinay Kumar,0,1,1,,,,,"",""
ball,2,3.5,Pune Warriors,JD Ryder,GC Smith,R Vinay Kumar,0,0,,,,,,caught and bowled,JD Ryder
ball,2,3.6,Pune Warriors,M Manhas,GC Smith,R Vinay Kumar,0,0,,,,,,"",""
ball,2,3.7,Pune Warriors,M Manhas,GC Smith,R Vinay Kumar,0,0,,,,,,"",""
ball,2,4.1,Pune Warriors,GC Smith,M Manhas,RP Singh,0,0,,,,,,"",""
ball,2,4.2,Pune Warriors,GC Smith,M Manhas,RP Singh,2,0,,,,,,"",""
ball,2,4.3,Pune Warriors,GC Smith,M Manhas,RP Singh,0,0,,,,,,"",""
ball,2,4.4,Pune Warriors,GC Smith,M Manhas,RP Singh,0,0,,,,,,"",""
ball,2,4.5,Pune Warriors,GC Smith,M Manhas,RP Singh,0,0,,,,,,"",""
ball,2,4.6,Pune Warriors,GC Smith,M Manhas,RP Singh,4,0,,,,,,"",""
ball,2,5.1,Pune Warriors,M Manhas,GC Smith,R Vinay Kumar,0,0,,,,,,"",""
ball,2,5.2,Pune Warriors,M Manhas,GC Smith,R Vinay Kumar,1,0,,,,,,"",""
ball,2,5.3,Pune Warriors,GC Smith,M Manhas,R Vinay Kumar,0,0,,,,,,"",""
ball,2,5.4,Pune Warriors,GC Smith,M Manhas,R Vinay Kumar,1,0,,,,,,"",""
ball,2,5.5,Pune Warriors,M Manhas,GC Smith,R Vinay Kumar,0,1,,,,1,,"",""
ball,2,5.6,Pune Warriors,GC Smith,M Manhas,R Vinay Kumar,4,0,,,,,,"",""
ball,2,6.1,Pune Warriors,M Manhas,GC Smith,S Sreesanth,0,0,,,,,,"",""
ball,2,6.2,Pune Warriors,M Manhas,GC Smith,S Sreesanth,4,0,,,,,,"",""
ball,2,6.3,Pune Warriors,M Manhas,GC Smith,S Sreesanth,0,0,,,,,,"",""
ball,2,6.4,Pune Warriors,M Manhas,GC Smith,S Sreesanth,1,0,,,,,,"",""
ball,2,6.5,Pune Warriors,GC Smith,M Manhas,S Sreesanth,1,0,,,,,,"",""
ball,2,6.6,Pune Warriors,M Manhas,GC Smith,S Sreesanth,1,0,,,,,,"",""
ball,2,7.1,Pune Warriors,M Manhas,GC Smith,RA Jadeja,0,0,,,,,,"",""
ball,2,7.2,Pune Warriors,M Manhas,GC Smith,RA Jadeja,1,0,,,,,,"",""
ball,2,7.3,Pune Warriors,GC Smith,M Manhas,RA Jadeja,2,0,,,,,,"",""
ball,2,7.4,Pune Warriors,GC Smith,M Manhas,RA Jadeja,0,0,,,,,,caught,GC Smith
ball,2,7.5,Pune Warriors,M Manhas,Yuvraj Singh,RA Jadeja,1,0,,,,,,"",""
ball,2,7.6,Pune Warriors,Yuvraj Singh,M Manhas,RA Jadeja,0,0,,,,,,"",""
ball,2,8.1,Pune Warriors,M Manhas,Yuvraj Singh,S Sreesanth,1,0,,,,,,"",""
ball,2,8.2,Pune Warriors,Yuvraj Singh,M Manhas,S Sreesanth,0,0,,,,,,"",""
ball,2,8.3,Pune Warriors,Yuvraj Singh,M Manhas,S Sreesanth,0,1,1,,,,,"",""
ball,2,8.4,Pune Warriors,Yuvraj Singh,M Manhas,S Sreesanth,0,0,,,,,,"",""
ball,2,8.5,Pune Warriors,Yuvraj Singh,M Manhas,S Sreesanth,1,0,,,,,,"",""
ball,2,8.6,Pune Warriors,M Manhas,Yuvraj Singh,S Sreesanth,1,0,,,,,,"",""
ball,2,8.7,Pune Warriors,Yuvraj Singh,M Manhas,S Sreesanth,0,0,,,,,,"",""
ball,2,9.1,Pune Warriors,M Manhas,Yuvraj Singh,BJ Hodge,0,0,,,,,,"",""
ball,2,9.2,Pune Warriors,M Manhas,Yuvraj Singh,BJ Hodge,1,0,,,,,,"",""
ball,2,9.3,Pune Warriors,Yuvraj Singh,M Manhas,BJ Hodge,1,0,,,,,,"",""
ball,2,9.4,Pune Warriors,M Manhas,Yuvraj Singh,BJ Hodge,0,0,,,,,,"",""
ball,2,9.5,Pune Warriors,M Manhas,Yuvraj Singh,BJ Hodge,0,0,,,,,,caught,M Manhas
ball,2,9.6,Pune Warriors,Yuvraj Singh,RV Uthappa,BJ Hodge,0,0,,,,,,"",""
ball,2,10.1,Pune Warriors,RV Uthappa,Yuvraj Singh,M Muralitharan,4,0,,,,,,"",""
ball,2,10.2,Pune Warriors,RV Uthappa,Yuvraj Singh,M Muralitharan,1,0,,,,,,"",""
ball,2,10.3,Pune Warriors,Yuvraj Singh,RV Uthappa,M Muralitharan,1,0,,,,,,"",""
ball,2,10.4,Pune Warriors,RV Uthappa,Yuvraj Singh,M Muralitharan,1,0,,,,,,"",""
ball,2,10.5,Pune Warriors,Yuvraj Singh,RV Uthappa,M Muralitharan,2,0,,,,,,"",""
ball,2,10.6,Pune Warriors,Yuvraj Singh,RV Uthappa,M Muralitharan,1,0,,,,,,"",""
ball,2,11.1,Pune Warriors,Yuvraj Singh,RV Uthappa,BJ Hodge,2,0,,,,,,"",""
ball,2,11.2,Pune Warriors,Yuvraj Singh,RV Uthappa,BJ Hodge,0,0,,,,,,caught,Yuvraj Singh
ball,2,11.3,Pune Warriors,MD Mishra,RV Uthappa,BJ Hodge,1,0,,,,,,"",""
ball,2,11.4,Pune Warriors,RV Uthappa,MD Mishra,BJ Hodge,0,0,,,,,,"",""
ball,2,11.5,Pune Warriors,RV Uthappa,MD Mishra,BJ Hodge,4,0,,,,,,"",""
ball,2,11.6,Pune Warriors,RV Uthappa,MD Mishra,BJ Hodge,0,1,1,,,,,"",""
ball,2,11.7,Pune Warriors,RV Uthappa,MD Mishra,BJ Hodge,4,0,,,,,,"",""
ball,2,12.1,Pune Warriors,MD Mishra,RV Uthappa,RA Jadeja,1,0,,,,,,"",""
ball,2,12.2,Pune Warriors,RV Uthappa,MD Mishra,RA Jadeja,1,0,,,,,,"",""
ball,2,12.3,Pune Warriors,MD Mishra,RV Uthappa,RA Jadeja,0,0,,,,,,"",""
ball,2,12.4,Pune Warriors,MD Mishra,RV Uthappa,RA Jadeja,4,0,,,,,,"",""
ball,2,12.5,Pune Warriors,MD Mishra,RV Uthappa,RA Jadeja,2,0,,,,,,"",""
ball,2,12.6,Pune Warriors,MD Mishra,RV Uthappa,RA Jadeja,1,0,,,,,,"",""
ball,2,13.1,Pune Warriors,MD Mishra,RV Uthappa,RP Singh,1,0,,,,,,"",""
ball,2,13.2,Pune Warriors,RV Uthappa,MD Mishra,RP Singh,6,0,,,,,,"",""
ball,2,13.3,Pune Warriors,RV Uthappa,MD Mishra,RP Singh,2,0,,,,,,"",""
ball,2,13.4,Pune Warriors,RV Uthappa,MD Mishra,RP Singh,1,0,,,,,,"",""
ball,2,13.5,Pune Warriors,MD Mishra,RV Uthappa,RP Singh,2,0,,,,,,"",""
ball,2,13.6,Pune Warriors,MD Mishra,RV Uthappa,RP Singh,2,0,,,,,,"",""
ball,2,14.1,Pune Warriors,RV Uthappa,MD Mishra,M Muralitharan,6,0,,,,,,"",""
ball,2,14.2,Pune Warriors,RV Uthappa,MD Mishra,M Muralitharan,1,0,,,,,,"",""
ball,2,14.3,Pune Warriors,MD Mishra,RV Uthappa,M Muralitharan,1,0,,,,,,"",""
ball,2,14.4,Pune Warriors,RV Uthappa,MD Mishra,M Muralitharan,0,1,1,,,,,"",""
ball,2,14.5,Pune Warriors,RV Uthappa,MD Mishra,M Muralitharan,0,0,,,,,,bowled,RV Uthappa
ball,2,14.6,Pune Warriors,WD Parnell,MD Mishra,M Muralitharan,0,0,,,,,,"",""
ball,2,14.7,Pune Warriors,WD Parnell,MD Mishra,M Muralitharan,0,0,,,,,,"",""
ball,2,15.1,Pune Warriors,MD Mishra,WD Parnell,RA Jadeja,1,0,,,,,,"",""
ball,2,15.2,Pune Warriors,WD Parnell,MD Mishra,RA Jadeja,0,1,1,,,,,"",""
ball,2,15.3,Pune Warriors,WD Parnell,MD Mishra,RA Jadeja,0,0,,,,,,"",""
ball,2,15.4,Pune Warriors,WD Parnell,MD Mishra,RA Jadeja,0,0,,,,,,"",""
ball,2,15.5,Pune Warriors,WD Parnell,MD Mishra,RA Jadeja,1,0,,,,,,run out,WD Parnell
ball,2,15.6,Pune Warriors,MD Mishra,R Sharma,RA Jadeja,1,0,,,,,,"",""
ball,2,15.7,Pune Warriors,R Sharma,MD Mishra,RA Jadeja,0,0,,,,,,"",""
ball,2,16.1,Pune Warriors,MD Mishra,R Sharma,R Vinay Kumar,1,0,,,,,,"",""
ball,2,16.2,Pune Warriors,R Sharma,MD Mishra,R Vinay Kumar,0,0,,,,,,"",""
ball,2,16.3,Pune Warriors,R Sharma,MD Mishra,R Vinay Kumar,0,1,1,,,,,"",""
ball,2,16.4,Pune Warriors,R Sharma,MD Mishra,R Vinay Kumar,0,1,1,,,,,"",""
ball,2,16.5,Pune Warriors,R Sharma,MD Mishra,R Vinay Kumar,0,0,,,,,,"",""
ball,2,16.6,Pune Warriors,R Sharma,MD Mishra,R Vinay Kumar,1,0,,,,,,"",""
ball,2,16.7,Pune Warriors,MD Mishra,R Sharma,R Vinay Kumar,1,0,,,,,,"",""
ball,2,16.8,Pune Warriors,R Sharma,MD Mishra,R Vinay Kumar,0,0,,,,,,"",""
ball,2,17.1,Pune Warriors,MD Mishra,R Sharma,RA Jadeja,1,0,,,,,,"",""
ball,2,17.2,Pune Warriors,R Sharma,MD Mishra,RA Jadeja,2,0,,,,,,"",""
ball,2,17.3,Pune Warriors,R Sharma,MD Mishra,RA Jadeja,1,0,,,,,,"",""
ball,2,17.4,Pune Warriors,MD Mishra,R Sharma,RA Jadeja,1,0,,,,,,"",""
ball,2,17.5,Pune Warriors,R Sharma,MD Mishra,RA Jadeja,0,0,,,,,,"",""
ball,2,17.6,Pune Warriors,R Sharma,MD Mishra,RA Jadeja,6,0,,,,,,"",""
ball,2,18.1,Pune Warriors,MD Mishra,R Sharma,M Muralitharan,0,0,,,,,,"",""
ball,2,18.2,Pune Warriors,MD Mishra,R Sharma,M Muralitharan,4,0,,,,,,"",""
ball,2,18.3,Pune Warriors,MD Mishra,R Sharma,M Muralitharan,6,0,,,,,,"",""
ball,2,18.4,Pune Warriors,MD Mishra,R Sharma,M Muralitharan,0,0,,,,,,"",""
ball,2,18.5,Pune Warriors,MD Mishra,R Sharma,M Muralitharan,6,0,,,,,,"",""
