version,1.6.0
info,balls_per_over,6
info,team,Chennai Super Kings
info,team,Deccan Chargers
info,gender,male
info,season,2011
info,date,2011/05/01
info,event,Indian Premier League
info,match_number,39
info,venue,"MA Chidambaram Stadium, Chepauk"
info,city,Chennai
info,toss_winner,Chennai Super Kings
info,toss_decision,bat
info,player_of_match,JA Morkel
info,umpire,Aleem Dar
info,umpire,RB Tiffin
info,reserve_umpire,K Srinath
info,tv_umpire,SS Hazare
info,match_referee,AJ Pycroft
info,winner,Chennai Super Kings
info,winner_runs,19
info,player,Chennai Super Kings,M Vijay
info,player,Chennai Super Kings,MEK Hussey
info,player,Chennai Super Kings,SK Raina
info,player,Chennai Super Kings,MS Dhoni
info,player,Chennai Super Kings,JA Morkel
info,player,Chennai Super Kings,S Badrinath
info,player,Chennai Super Kings,S Anirudha
info,player,Chennai Super Kings,R Ashwin
info,player,Chennai Super Kings,DE Bollinger
info,player,Chennai Super Kings,SB Jakati
info,player,Chennai Super Kings,S Randiv
info,player,Deccan Chargers,S Sohal
info,player,Deccan Chargers,S Dhawan
info,player,Deccan Chargers,B Chipli
info,player,Deccan Chargers,KC Sangakkara
info,player,Deccan Chargers,CL White
info,player,Deccan Chargers,JP Duminy
info,player,Deccan Chargers,DT Christian
info,player,Deccan Chargers,A Mishra
info,player,Deccan Chargers,I Sharma
info,player,Deccan Chargers,PP Ojha
info,player,Deccan Chargers,Harmeet Singh
info,registry,people,A Mishra,6b19d823
info,registry,people,AJ Pycroft,685d3f80
info,registry,people,Aleem Dar,f02778d1
info,registry,people,B Chipli,5451a2c1
info,registry,people,CL White,d0513f63
info,registry,people,DE Bollinger,45c2196c
info,registry,people,DT Christian,2a2e6343
info,registry,people,F du Plessis,3355b542
info,registry,people,Harmeet Singh,2a72fd4f
info,registry,people,I Sharma,5bb1a1c4
info,registry,people,JA Morkel,c3d35165
info,registry,people,JP Duminy,2e8994e7
info,registry,people,K Srinath,8ab5da97
info,registry,people,KC Sangakkara,6b71e6cf
info,registry,people,M Vijay,4b57e452
info,registry,people,MEK Hussey,48fd7349
info,registry,people,MS Dhoni,4a8a2e3b
info,registry,people,PP Ojha,6c6591ab
info,registry,people,R Ashwin,495d42a5
info,registry,people,RB Tiffin,89087a0d
info,registry,people,S Anirudha,95a2ea61
info,registry,people,S Badrinath,3576e47e
info,registry,people,S Dhawan,0a476045
info,registry,people,S Randiv,f5f18a18
info,registry,people,S Sohal,3fca55af
info,registry,people,SB Jakati,c8179c68
info,registry,people,SK Raina,1dc12ab9
info,registry,people,SS Hazare,166e5081
ball,1,0.1,Chennai Super Kings,M Vijay,MEK Hussey,JP Duminy,0,1,1,,,,,"",""
ball,1,0.2,Chennai Super Kings,M Vijay,MEK Hussey,JP Duminy,1,0,,,,,,"",""
ball,1,0.3,Chennai Super Kings,MEK Hussey,M Vijay,JP Duminy,1,0,,,,,,"",""
ball,1,0.4,Chennai Super Kings,M Vijay,MEK Hussey,JP Duminy,0,0,,,,,,"",""
ball,1,0.5,Chennai Super Kings,M Vijay,MEK Hussey,JP Duminy,0,0,,,,,,"",""
ball,1,0.6,Chennai Super Kings,M Vijay,MEK Hussey,JP Duminy,0,0,,,,,,"",""
ball,1,0.7,Chennai Super Kings,M Vijay,MEK Hussey,JP Duminy,1,0,,,,,,"",""
ball,1,1.1,Chennai Super Kings,M Vijay,MEK Hussey,DT Christian,0,0,,,,,,"",""
ball,1,1.2,Chennai Super Kings,M Vijay,MEK Hussey,DT Christian,1,0,,,,,,"",""
ball,1,1.3,Chennai Super Kings,MEK Hussey,M Vijay,DT Christian,1,0,,,,,,"",""
ball,1,1.4,Chennai Super Kings,M Vijay,MEK Hussey,DT Christian,0,0,,,,,,"",""
ball,1,1.5,Chennai Super Kings,M Vijay,MEK Hussey,DT Christian,0,0,,,,,,"",""
ball,1,1.6,Chennai Super Kings,M Vijay,MEK Hussey,DT Christian,0,0,,,,,,"",""
ball,1,2.1,Chennai Super Kings,MEK Hussey,M Vijay,I Sharma,0,0,,,,,,"",""
ball,1,2.2,Chennai Super Kings,MEK Hussey,M Vijay,I Sharma,4,0,,,,,,"",""
ball,1,2.3,Chennai Super Kings,MEK Hussey,M Vijay,I Sharma,2,0,,,,,,"",""
ball,1,2.4,Chennai Super Kings,MEK Hussey,M Vijay,I Sharma,1,0,,,,,,"",""
ball,1,2.5,Chennai Super Kings,M Vijay,MEK Hussey,I Sharma,0,0,,,,,,"",""
ball,1,2.6,Chennai Super Kings,M Vijay,MEK Hussey,I Sharma,0,0,,,,,,"",""
ball,1,3.1,Chennai Super Kings,MEK Hussey,M Vijay,PP Ojha,0,4,,,4,,,"",""
ball,1,3.2,Chennai Super Kings,MEK Hussey,M Vijay,PP Ojha,1,0,,,,,,"",""
ball,1,3.3,Chennai Super Kings,M Vijay,MEK Hussey,PP Ojha,0,0,,,,,,"",""
ball,1,3.4,Chennai Super Kings,M Vijay,MEK Hussey,PP Ojha,0,0,,,,,,bowled,M Vijay
ball,1,3.5,Chennai Super Kings,SK Raina,MEK Hussey,PP Ojha,1,0,,,,,,"",""
ball,1,3.6,Chennai Super Kings,MEK Hussey,SK Raina,PP Ojha,1,0,,,,,,"",""
ball,1,4.1,Chennai Super Kings,MEK Hussey,SK Raina,I Sharma,0,0,,,,,,"",""
ball,1,4.2,Chennai Super Kings,MEK Hussey,SK Raina,I Sharma,0,0,,,,,,"",""
ball,1,4.3,Chennai Super Kings,MEK Hussey,SK Raina,I Sharma,4,0,,,,,,"",""
ball,1,4.4,Chennai Super Kings,MEK Hussey,SK Raina,I Sharma,0,0,,,,,,"",""
ball,1,4.5,Chennai Super Kings,MEK Hussey,SK Raina,I Sharma,0,0,,,,,,"",""
ball,1,4.6,Chennai Super Kings,MEK Hussey,SK Raina,I Sharma,2,0,,,,,,"",""
ball,1,5.1,Chennai Super Kings,SK Raina,MEK Hussey,JP Duminy,1,0,,,,,,"",""
ball,1,5.2,Chennai Super Kings,MEK Hussey,SK Raina,JP Duminy,1,0,,,,,,"",""
ball,1,5.3,Chennai Super Kings,SK Raina,MEK Hussey,JP Duminy,4,0,,,,,,"",""
ball,1,5.4,Chennai Super Kings,SK Raina,MEK Hussey,JP Duminy,0,0,,,,,,"",""
ball,1,5.5,Chennai Super Kings,SK Raina,MEK Hussey,JP Duminy,1,0,,,,,,"",""
ball,1,5.6,Chennai Super Kings,MEK Hussey,SK Raina,JP Duminy,1,0,,,,,,"",""
ball,1,6.1,Chennai Super Kings,MEK Hussey,SK Raina,DT Christian,0,0,,,,,,"",""
ball,1,6.2,Chennai Super Kings,MEK Hussey,SK Raina,DT Christian,0,0,,,,,,"",""
ball,1,6.3,Chennai Super Kings,MEK Hussey,SK Raina,DT Christian,2,0,,,,,,"",""
ball,1,6.4,Chennai Super Kings,MEK Hussey,SK Raina,DT Christian,1,0,,,,,,"",""
ball,1,6.5,Chennai Super Kings,SK Raina,MEK Hussey,DT Christian,0,0,,,,,,"",""
ball,1,6.6,Chennai Super Kings,SK Raina,MEK Hussey,DT Christian,0,0,,,,,,"",""
ball,1,7.1,Chennai Super Kings,MEK Hussey,SK Raina,JP Duminy,4,0,,,,,,"",""
ball,1,7.2,Chennai Super Kings,MEK Hussey,SK Raina,JP Duminy,1,0,,,,,,"",""
ball,1,7.3,Chennai Super Kings,SK Raina,MEK Hussey,JP Duminy,2,0,,,,,,"",""
ball,1,7.4,Chennai Super Kings,SK Raina,MEK Hussey,JP Duminy,1,0,,,,,,"",""
ball,1,7.5,Chennai Super Kings,MEK Hussey,SK Raina,JP Duminy,0,0,,,,,,"",""
ball,1,7.6,Chennai Super Kings,MEK Hussey,SK Raina,JP Duminy,1,0,,,,,,"",""
ball,1,8.1,Chennai Super Kings,MEK Hussey,SK Raina,DT Christian,2,0,,,,,,"",""
ball,1,8.2,Chennai Super Kings,MEK Hussey,SK Raina,DT Christian,1,0,,,,,,"",""
ball,1,8.3,Chennai Super Kings,SK Raina,MEK Hussey,DT Christian,1,0,,,,,,"",""
ball,1,8.4,Chennai Super Kings,MEK Hussey,SK Raina,DT Christian,1,0,,,,,,"",""
ball,1,8.5,Chennai Super Kings,SK Raina,MEK Hussey,DT Christian,1,0,,,,,,"",""
ball,1,8.6,Chennai Super Kings,MEK Hussey,SK Raina,DT Christian,1,0,,,,,,"",""
ball,1,9.1,Chennai Super Kings,MEK Hussey,SK Raina,A Mishra,0,0,,,,,,"",""
ball,1,9.2,Chennai Super Kings,MEK Hussey,SK Raina,A Mishra,0,0,,,,,,"",""
ball,1,9.3,Chennai Super Kings,MEK Hussey,SK Raina,A Mishra,1,0,,,,,,"",""
ball,1,9.4,Chennai Super Kings,SK Raina,MEK Hussey,A Mishra,0,0,,,,,,"",""
ball,1,9.5,Chennai Super Kings,SK Raina,MEK Hussey,A Mishra,4,0,,,,,,"",""
ball,1,9.6,Chennai Super Kings,SK Raina,MEK Hussey,A Mishra,0,0,,,,,,"",""
ball,1,10.1,Chennai Super Kings,MEK Hussey,SK Raina,Harmeet Singh,1,0,,,,,,"",""
ball,1,10.2,Chennai Super Kings,SK Raina,MEK Hussey,Harmeet Singh,1,0,,,,,,"",""
ball,1,10.3,Chennai Super Kings,MEK Hussey,SK Raina,Harmeet Singh,0,0,,,,,,"",""
ball,1,10.4,Chennai Super Kings,MEK Hussey,SK Raina,Harmeet Singh,1,0,,,,,,"",""
ball,1,10.5,Chennai Super Kings,SK Raina,MEK Hussey,Harmeet Singh,1,0,,,,,,"",""
ball,1,10.6,Chennai Super Kings,MEK Hussey,SK Raina,Harmeet Singh,1,0,,,,,,"",""
ball,1,11.1,Chennai Super Kings,MEK Hussey,SK Raina,A Mishra,1,0,,,,,,"",""
ball,1,11.2,Chennai Super Kings,SK Raina,MEK Hussey,A Mishra,0,0,,,,,,"",""
ball,1,11.3,Chennai Super Kings,SK Raina,MEK Hussey,A Mishra,4,0,,,,,,"",""
ball,1,11.4,Chennai Super Kings,SK Raina,MEK Hussey,A Mishra,1,0,,,,,,"",""
ball,1,11.5,Chennai Super Kings,MEK Hussey,SK Raina,A Mishra,4,0,,,,,,"",""
ball,1,11.6,Chennai Super Kings,MEK Hussey,SK Raina,A Mishra,4,0,,,,,,"",""
ball,1,12.1,Chennai Super Kings,SK Raina,MEK Hussey,Harmeet Singh,1,0,,,,,,"",""
ball,1,12.2,Chennai Super Kings,MEK Hussey,SK Raina,Harmeet Singh,0,0,,,,,,"",""
ball,1,12.3,Chennai Super Kings,MEK Hussey,SK Raina,Harmeet Singh,0,0,,,,,,caught,MEK Hussey
ball,1,12.4,Chennai Super Kings,MS Dhoni,SK Raina,Harmeet Singh,4,0,,,,,,"",""
ball,1,12.5,Chennai Super Kings,MS Dhoni,SK Raina,Harmeet Singh,0,0,,,,,,"",""
ball,1,12.6,Chennai Super Kings,MS Dhoni,SK Raina,Harmeet Singh,1,0,,,,,,"",""
ball,1,13.1,Chennai Super Kings,MS Dhoni,SK Raina,PP Ojha,1,0,,,,,,"",""
ball,1,13.2,Chennai Super Kings,SK Raina,MS Dhoni,PP Ojha,0,1,1,,,,,"",""
ball,1,13.3,Chennai Super Kings,SK Raina,MS Dhoni,PP Ojha,1,0,,,,,,"",""
ball,1,13.4,Chennai Super Kings,MS Dhoni,SK Raina,PP Ojha,1,0,,,,,,"",""
ball,1,13.5,Chennai Super Kings,SK Raina,MS Dhoni,PP Ojha,1,0,,,,,,"",""
ball,1,13.6,Chennai Super Kings,MS Dhoni,SK Raina,PP Ojha,0,0,,,,,,"",""
ball,1,13.7,Chennai Super Kings,MS Dhoni,SK Raina,PP Ojha,0,0,,,,,,"",""
ball,1,14.1,Chennai Super Kings,SK Raina,MS Dhoni,I Sharma,1,0,,,,,,"",""
ball,1,14.2,Chennai Super Kings,MS Dhoni,SK Raina,I Sharma,0,0,,,,,,"",""
ball,1,14.3,Chennai Super Kings,MS Dhoni,SK Raina,I Sharma,0,1,,,,1,,"",""
ball,1,14.4,Chennai Super Kings,SK Raina,MS Dhoni,I Sharma,4,0,,,,,,"",""
ball,1,14.5,Chennai Super Kings,SK Raina,MS Dhoni,I Sharma,1,0,,,,,,"",""
ball,1,14.6,Chennai Super Kings,MS Dhoni,SK Raina,I Sharma,1,0,,,,,,"",""
ball,1,15.1,Chennai Super Kings,MS Dhoni,SK Raina,A Mishra,0,0,,,,,,"",""
ball,1,15.2,Chennai Super Kings,MS Dhoni,SK Raina,A Mishra,6,0,,,,,,"",""
ball,1,15.3,Chennai Super Kings,MS Dhoni,SK Raina,A Mishra,1,0,,,,,,"",""
ball,1,15.4,Chennai Super Kings,SK Raina,MS Dhoni,A Mishra,6,0,,,,,,"",""
ball,1,15.5,Chennai Super Kings,SK Raina,MS Dhoni,A Mishra,1,0,,,,,,"",""
ball,1,15.6,Chennai Super Kings,MS Dhoni,SK Raina,A Mishra,1,0,,,,,,"",""
ball,1,16.1,Chennai Super Kings,MS Dhoni,SK Raina,Harmeet Singh,2,0,,,,,,"",""
ball,1,16.2,Chennai Super Kings,MS Dhoni,SK Raina,Harmeet Singh,0,1,,1,,,,"",""
ball,1,16.3,Chennai Super Kings,MS Dhoni,SK Raina,Harmeet Singh,1,0,,,,,,"",""
ball,1,16.4,Chennai Super Kings,SK Raina,MS Dhoni,Harmeet Singh,4,0,,,,,,"",""
ball,1,16.5,Chennai Super Kings,SK Raina,MS Dhoni,Harmeet Singh,2,0,,,,,,"",""
ball,1,16.6,Chennai Super Kings,SK Raina,MS Dhoni,Harmeet Singh,4,0,,,,,,"",""
ball,1,16.7,Chennai Super Kings,SK Raina,MS Dhoni,Harmeet Singh,1,0,,,,,,"",""
ball,1,17.1,Chennai Super Kings,SK Raina,MS Dhoni,PP Ojha,6,0,,,,,,"",""
ball,1,17.2,Chennai Super Kings,SK Raina,MS Dhoni,PP Ojha,1,0,,,,,,"",""
ball,1,17.3,Chennai Super Kings,MS Dhoni,SK Raina,PP Ojha,1,0,,,,,,"",""
ball,1,17.4,Chennai Super Kings,SK Raina,MS Dhoni,PP Ojha,2,0,,,,,,"",""
ball,1,17.5,Chennai Super Kings,SK Raina,MS Dhoni,PP Ojha,0,0,,,,,,caught,SK Raina
ball,1,17.6,Chennai Super Kings,MS Dhoni,JA Morkel,PP Ojha,0,0,,,,,,"",""
ball,1,18.1,Chennai Super Kings,JA Morkel,MS Dhoni,I Sharma,1,0,,,,,,"",""
ball,1,18.2,Chennai Super Kings,MS Dhoni,JA Morkel,I Sharma,1,0,,,,,,"",""
ball,1,18.3,Chennai Super Kings,JA Morkel,MS Dhoni,I Sharma,0,0,,,,,,"",""
ball,1,18.4,Chennai Super Kings,JA Morkel,MS Dhoni,I Sharma,0,1,,1,,,,"",""
ball,1,18.5,Chennai Super Kings,JA Morkel,MS Dhoni,I Sharma,6,0,,,,,,"",""
ball,1,18.6,Chennai Super Kings,JA Morkel,MS Dhoni,I Sharma,6,0,,,,,,"",""
ball,1,18.7,Chennai Super Kings,JA Morkel,MS Dhoni,I Sharma,6,0,,,,,,"",""
ball,1,19.1,Chennai Super Kings,MS Dhoni,JA Morkel,PP Ojha,0,0,,,,,,run out,JA Morkel
ball,1,19.2,Chennai Super Kings,S Badrinath,MS Dhoni,PP Ojha,4,0,,,,,,"",""
ball,1,19.3,Chennai Super Kings,S Badrinath,MS Dhoni,PP Ojha,1,0,,,,,,"",""
ball,1,19.4,Chennai Super Kings,MS Dhoni,S Badrinath,PP Ojha,0,0,,,,,,stumped,MS Dhoni
ball,1,19.5,Chennai Super Kings,S Anirudha,S Badrinath,PP Ojha,2,0,,,,,,"",""
ball,1,19.6,Chennai Super Kings,S Anirudha,S Badrinath,PP Ojha,1,0,,,,,,"",""
ball,2,0.1,Deccan Chargers,S Sohal,S Dhawan,JA Morkel,0,1,,,,1,,"",""
ball,2,0.2,Deccan Chargers,S Dhawan,S Sohal,JA Morkel,1,0,,,,,,"",""
ball,2,0.3,Deccan Chargers,S Sohal,S Dhawan,JA Morkel,1,0,,,,,,"",""
ball,2,0.4,Deccan Chargers,S Dhawan,S Sohal,JA Morkel,1,0,,,,,,"",""
ball,2,0.5,Deccan Chargers,S Sohal,S Dhawan,JA Morkel,0,0,,,,,,"",""
ball,2,0.6,Deccan Chargers,S Sohal,S Dhawan,JA Morkel,0,1,1,,,,,"",""
ball,2,0.7,Deccan Chargers,S Sohal,S Dhawan,JA Morkel,1,0,,,,,,"",""
ball,2,1.1,Deccan Chargers,S Sohal,S Dhawan,DE Bollinger,6,0,,,,,,"",""
ball,2,1.2,Deccan Chargers,S Sohal,S Dhawan,DE Bollinger,0,0,,,,,,"",""
ball,2,1.3,Deccan Chargers,S Sohal,S Dhawan,DE Bollinger,4,0,,,,,,"",""
ball,2,1.4,Deccan Chargers,S Sohal,S Dhawan,DE Bollinger,1,0,,,,,,"",""
ball,2,1.5,Deccan Chargers,S Dhawan,S Sohal,DE Bollinger,0,0,,,,,,"",""
ball,2,1.6,Deccan Chargers,S Dhawan,S Sohal,DE Bollinger,1,0,,,,,,"",""
ball,2,2.1,Deccan Chargers,S Dhawan,S Sohal,JA Morkel,1,0,,,,,,"",""
ball,2,2.2,Deccan Chargers,S Sohal,S Dhawan,JA Morkel,0,1,1,,,,,"",""
ball,2,2.3,Deccan Chargers,S Sohal,S Dhawan,JA Morkel,4,0,,,,,,"",""
ball,2,2.4,Deccan Chargers,S Sohal,S Dhawan,JA Morkel,6,0,,,,,,"",""
ball,2,2.5,Deccan Chargers,S Sohal,S Dhawan,JA Morkel,4,0,,,,,,"",""
ball,2,2.6,Deccan Chargers,S Sohal,S Dhawan,JA Morkel,4,0,,,,,,"",""
ball,2,2.7,Deccan Chargers,S Sohal,S Dhawan,JA Morkel,0,0,,,,,,"",""
ball,2,3.1,Deccan Chargers,S Dhawan,S Sohal,R Ashwin,1,0,,,,,,"",""
ball,2,3.2,Deccan Chargers,S Sohal,S Dhawan,R Ashwin,0,1,,,1,,,"",""
ball,2,3.3,Deccan Chargers,S Dhawan,S Sohal,R Ashwin,1,0,,,,,,"",""
ball,2,3.4,Deccan Chargers,S Sohal,S Dhawan,R Ashwin,0,0,,,,,,"",""
ball,2,3.5,Deccan Chargers,S Sohal,S Dhawan,R Ashwin,2,0,,,,,,"",""
ball,2,3.6,Deccan Chargers,S Sohal,S Dhawan,R Ashwin,1,0,,,,,,"",""
ball,2,4.1,Deccan Chargers,S Sohal,S Dhawan,S Randiv,0,1,1,,,,,"",""
ball,2,4.2,Deccan Chargers,S Sohal,S Dhawan,S Randiv,0,0,,,,,,"",""
ball,2,4.3,Deccan Chargers,S Sohal,S Dhawan,S Randiv,6,0,,,,,,"",""
ball,2,4.4,Deccan Chargers,S Sohal,S Dhawan,S Randiv,4,0,,,,,,"",""
ball,2,4.5,Deccan Chargers,S Sohal,S Dhawan,S Randiv,1,0,,,,,,"",""
ball,2,4.6,Deccan Chargers,S Dhawan,S Sohal,S Randiv,1,0,,,,,,"",""
ball,2,4.7,Deccan Chargers,S Sohal,S Dhawan,S Randiv,0,0,,,,,,"",""
ball,2,5.1,Deccan Chargers,S Dhawan,S Sohal,R Ashwin,1,0,,,,,,"",""
ball,2,5.2,Deccan Chargers,S Sohal,S Dhawan,R Ashwin,0,0,,,,,,"",""
ball,2,5.3,Deccan Chargers,S Sohal,S Dhawan,R Ashwin,6,0,,,,,,"",""
ball,2,5.4,Deccan Chargers,S Sohal,S Dhawan,R Ashwin,0,0,,,,,,"",""
ball,2,5.5,Deccan Chargers,S Sohal,S Dhawan,R Ashwin,0,0,,,,,,"",""
ball,2,5.6,Deccan Chargers,S Sohal,S Dhawan,R Ashwin,0,0,,,,,,"",""
ball,2,6.1,Deccan Chargers,S Dhawan,S Sohal,SB Jakati,1,0,,,,,,"",""
ball,2,6.2,Deccan Chargers,S Sohal,S Dhawan,SB Jakati,4,0,,,,,,"",""
ball,2,6.3,Deccan Chargers,S Sohal,S Dhawan,SB Jakati,1,0,,,,,,"",""
ball,2,6.4,Deccan Chargers,S Dhawan,S Sohal,SB Jakati,1,0,,,,,,"",""
ball,2,6.5,Deccan Chargers,S Sohal,S Dhawan,SB Jakati,0,0,,,,,,bowled,S Sohal
ball,2,6.6,Deccan Chargers,B Chipli,S Dhawan,SB Jakati,1,0,,,,,,"",""
ball,2,7.1,Deccan Chargers,B Chipli,S Dhawan,S Randiv,0,0,,,,,,"",""
ball,2,7.2,Deccan Chargers,B Chipli,S Dhawan,S Randiv,3,0,,,,,,"",""
ball,2,7.3,Deccan Chargers,S Dhawan,B Chipli,S Randiv,0,0,,,,,,"",""
ball,2,7.4,Deccan Chargers,S Dhawan,B Chipli,S Randiv,0,0,,,,,,"",""
ball,2,7.5,Deccan Chargers,S Dhawan,B Chipli,S Randiv,0,0,,,,,,"",""
ball,2,7.6,Deccan Chargers,S Dhawan,B Chipli,S Randiv,0,0,,,,,,"",""
ball,2,8.1,Deccan Chargers,B Chipli,S Dhawan,SB Jakati,1,0,,,,,,"",""
ball,2,8.2,Deccan Chargers,S Dhawan,B Chipli,SB Jakati,2,0,,,,,,"",""
ball,2,8.3,Deccan Chargers,S Dhawan,B Chipli,SB Jakati,1,0,,,,,,"",""
ball,2,8.4,Deccan Chargers,B Chipli,S Dhawan,SB Jakati,1,0,,,,,,"",""
ball,2,8.5,Deccan Chargers,S Dhawan,B Chipli,SB Jakati,1,0,,,,,,"",""
ball,2,8.6,Deccan Chargers,B Chipli,S Dhawan,SB Jakati,0,0,,,,,,"",""
ball,2,9.1,Deccan Chargers,S Dhawan,B Chipli,S Randiv,2,0,,,,,,"",""
ball,2,9.2,Deccan Chargers,S Dhawan,B Chipli,S Randiv,0,0,,,,,,"",""
ball,2,9.3,Deccan Chargers,S Dhawan,B Chipli,S Randiv,1,0,,,,,,"",""
ball,2,9.4,Deccan Chargers,B Chipli,S Dhawan,S Randiv,2,0,,,,,,"",""
ball,2,9.5,Deccan Chargers,B Chipli,S Dhawan,S Randiv,1,0,,,,,,"",""
ball,2,9.6,Deccan Chargers,S Dhawan,B Chipli,S Randiv,1,0,,,,,,"",""
ball,2,10.1,Deccan Chargers,S Dhawan,B Chipli,SB Jakati,0,0,,,,,,"",""
ball,2,10.2,Deccan Chargers,S Dhawan,B Chipli,SB Jakati,0,0,,,,,,"",""
ball,2,10.3,Deccan Chargers,S Dhawan,B Chipli,SB Jakati,0,0,,,,,,"",""
ball,2,10.4,Deccan Chargers,S Dhawan,B Chipli,SB Jakati,1,0,,,,,,"",""
ball,2,10.5,Deccan Chargers,B Chipli,S Dhawan,SB Jakati,1,0,,,,,,"",""
ball,2,10.6,Deccan Chargers,S Dhawan,B Chipli,SB Jakati,0,0,,,,,,bowled,S Dhawan
ball,2,11.1,Deccan Chargers,B Chipli,KC Sangakkara,S Randiv,3,0,,,,,,"",""
ball,2,11.2,Deccan Chargers,KC Sangakkara,B Chipli,S Randiv,1,0,,,,,,"",""
ball,2,11.3,Deccan Chargers,B Chipli,KC Sangakkara,S Randiv,1,0,,,,,,"",""
ball,2,11.4,Deccan Chargers,KC Sangakkara,B Chipli,S Randiv,2,0,,,,,,"",""
ball,2,11.5,Deccan Chargers,KC Sangakkara,B Chipli,S Randiv,0,0,,,,,,"",""
ball,2,11.6,Deccan Chargers,KC Sangakkara,B Chipli,S Randiv,4,0,,,,,,"",""
ball,2,12.1,Deccan Chargers,B Chipli,KC Sangakkara,SB Jakati,0,0,,,,,,"",""
ball,2,12.2,Deccan Chargers,B Chipli,KC Sangakkara,SB Jakati,1,0,,,,,,"",""
ball,2,12.3,Deccan Chargers,KC Sangakkara,B Chipli,SB Jakati,0,0,,,,,,"",""
ball,2,12.4,Deccan Chargers,KC Sangakkara,B Chipli,SB Jakati,0,0,,,,,,"",""
ball,2,12.5,Deccan Chargers,KC Sangakkara,B Chipli,SB Jakati,6,0,,,,,,"",""
ball,2,12.6,Deccan Chargers,KC Sangakkara,B Chipli,SB Jakati,0,0,,,,,,"",""
ball,2,13.1,Deccan Chargers,B Chipli,KC Sangakkara,JA Morkel,2,0,,,,,,"",""
ball,2,13.2,Deccan Chargers,B Chipli,KC Sangakkara,JA Morkel,0,0,,,,,,caught,B Chipli
ball,2,13.3,Deccan Chargers,CL White,KC Sangakkara,JA Morkel,0,0,,,,,,"",""
ball,2,13.4,Deccan Chargers,CL White,KC Sangakkara,JA Morkel,4,0,,,,,,"",""
ball,2,13.5,Deccan Chargers,CL White,KC Sangakkara,JA Morkel,0,0,,,,,,"",""
ball,2,13.6,Deccan Chargers,CL White,KC Sangakkara,JA Morkel,1,0,,,,,,"",""
ball,2,14.1,Deccan Chargers,CL White,KC Sangakkara,R Ashwin,0,0,,,,,,"",""
ball,2,14.2,Deccan Chargers,CL White,KC Sangakkara,R Ashwin,0,0,,,,,,"",""
ball,2,14.3,Deccan Chargers,CL White,KC Sangakkara,R Ashwin,0,0,,,,,,"",""
ball,2,14.4,Deccan Chargers,CL White,KC Sangakkara,R Ashwin,1,0,,,,,,"",""
ball,2,14.5,Deccan Chargers,KC Sangakkara,CL White,R Ashwin,1,0,,,,,,"",""
ball,2,14.6,Deccan Chargers,CL White,KC Sangakkara,R Ashwin,1,0,,,,,,"",""
ball,2,15.1,Deccan Chargers,CL White,KC Sangakkara,DE Bollinger,1,0,,,,,,"",""
ball,2,15.2,Deccan Chargers,KC Sangakkara,CL White,DE Bollinger,0,0,,,,,,"",""
ball,2,15.3,Deccan Chargers,KC Sangakkara,CL White,DE Bollinger,1,0,,,,,,"",""
ball,2,15.4,Deccan Chargers,CL White,KC Sangakkara,DE Bollinger,1,0,,,,,,"",""
ball,2,15.5,Deccan Chargers,KC Sangakkara,CL White,DE Bollinger,0,0,,,,,,bowled,KC Sangakkara
ball,2,15.6,Deccan Chargers,JP Duminy,CL White,DE Bollinger,1,0,,,,,,"",""
ball,2,16.1,Deccan Chargers,JP Duminy,CL White,R Ashwin,1,0,,,,,,"",""
ball,2,16.2,Deccan Chargers,CL White,JP Duminy,R Ashwin,1,0,,,,,,"",""
ball,2,16.3,Deccan Chargers,JP Duminy,CL White,R Ashwin,2,0,,,,,,"",""
ball,2,16.4,Deccan Chargers,JP Duminy,CL White,R Ashwin,1,0,,,,,,"",""
ball,2,16.5,Deccan Chargers,CL White,JP Duminy,R Ashwin,1,0,,,,,,"",""
ball,2,16.6,Deccan Chargers,JP Duminy,CL White,R Ashwin,2,0,,,,,,"",""
ball,2,17.1,Deccan Chargers,CL White,JP Duminy,DE Bollinger,1,0,,,,,,"",""
ball,2,17.2,Deccan Chargers,JP Duminy,CL White,DE Bollinger,1,0,,,,,,"",""
ball,2,17.3,Deccan Chargers,CL White,JP Duminy,DE Bollinger,0,0,,,,,,"",""
ball,2,17.4,Deccan Chargers,CL White,JP Duminy,DE Bollinger,0,0,,,,,,"",""
ball,2,17.5,Deccan Chargers,CL White,JP Duminy,DE Bollinger,1,0,,,,,,"",""
ball,2,17.6,Deccan Chargers,JP Duminy,CL White,DE Bollinger,4,0,,,,,,"",""
ball,2,18.1,Deccan Chargers,CL White,JP Duminy,JA Morkel,0,0,,,,,,caught,CL White
ball,2,18.2,Deccan Chargers,JP Duminy,DT Christian,JA Morkel,4,0,,,,,,"",""
ball,2,18.3,Deccan Chargers,JP Duminy,DT Christian,JA Morkel,1,0,,,,,,"",""
ball,2,18.4,Deccan Chargers,DT Christian,JP Duminy,JA Morkel,1,0,,,,,,"",""
ball,2,18.5,Deccan Chargers,JP Duminy,DT Christian,JA Morkel,0,0,,,,,,"",""
ball,2,18.6,Deccan Chargers,JP Duminy,DT Christian,JA Morkel,0,0,,,,,,caught,JP Duminy
ball,2,19.1,Deccan Chargers,A Mishra,DT Christian,DE Bollinger,0,0,,,,,,"",""
ball,2,19.2,Deccan Chargers,A Mishra,DT Christian,DE Bollinger,0,0,,,,,,run out,DT Christian
ball,2,19.3,Deccan Chargers,I Sharma,A Mishra,DE Bollinger,1,0,,,,,,"",""
ball,2,19.4,Deccan Chargers,A Mishra,I Sharma,DE Bollinger,0,0,,,,,,"",""
ball,2,19.5,Deccan Chargers,A Mishra,I Sharma,DE Bollinger,2,0,,,,,,"",""
ball,2,19.6,Deccan Chargers,A Mishra,I Sharma,DE Bollinger,0,0,,,,,,caught and bowled,A Mishra
