version,1.6.0
info,balls_per_over,6
info,team,Deccan Chargers
info,team,Royal Challengers Bangalore
info,gender,male
info,season,2011
info,date,2011/04/14
info,event,Indian Premier League
info,match_number,11
info,venue,"Rajiv Gandhi International Stadium, Uppal"
info,city,Hyderabad
info,toss_winner,Royal Challengers Bangalore
info,toss_decision,field
info,player_of_match,DW Steyn
info,umpire,RE Koertzen
info,umpire,S Ravi
info,reserve_umpire,C Shamshuddin
info,tv_umpire,SK Tarapore
info,match_referee,D Govindjee
info,winner,Deccan Chargers
info,winner_runs,33
info,player,Deccan Chargers,S Sohal
info,player,Deccan Chargers,S Dhawan
info,player,Deccan Chargers,KC Sangakkara
info,player,Deccan Chargers,B Chipli
info,player,Deccan Chargers,JP Duminy
info,player,Deccan Chargers,DT Christian
info,player,Deccan Chargers,DB Ravi Teja
info,player,Deccan Chargers,A Mishra
info,player,Deccan Chargers,DW Steyn
info,player,Deccan Chargers,I Sharma
info,player,Deccan Chargers,MS Gony
info,player,Royal Challengers Bangalore,MA Agarwal
info,player,Royal Challengers Bangalore,TM Dilshan
info,player,Royal Challengers Bangalore,Z Khan
info,player,Royal Challengers Bangalore,V Kohli
info,player,Royal Challengers Bangalore,AB de Villiers
info,player,Royal Challengers Bangalore,SS Tiwary
info,player,Royal Challengers Bangalore,CA Pujara
info,player,Royal Challengers Bangalore,JJ van der Wath
info,player,Royal Challengers Bangalore,DL Vettori
info,player,Royal Challengers Bangalore,R Ninan
info,player,Royal Challengers Bangalore,S Aravind
info,registry,people,A Mishra,6b19d823
info,registry,people,AB de Villiers,c4487b84
info,registry,people,B Chipli,5451a2c1
info,registry,people,C Shamshuddin,0f9d921b
info,registry,people,CA Pujara,d4f9dbd4
info,registry,people,D Govindjee,8b4c4069
info,registry,people,DB Ravi Teja,b720a5d6
info,registry,people,DL Vettori,d7c6af50
info,registry,people,DT Christian,2a2e6343
info,registry,people,DW Steyn,8fd1a8f5
info,registry,people,I Sharma,5bb1a1c4
info,registry,people,JJ van der Wath,6821ac10
info,registry,people,JP Duminy,2e8994e7
info,registry,people,KC Sangakkara,6b71e6cf
info,registry,people,MA Agarwal,00ea847a
info,registry,people,MS Gony,ae78bc32
info,registry,people,R Ninan,ce4cc4d5
info,registry,people,RE Koertzen,0265fab2
info,registry,people,S Aravind,957532de
info,registry,people,S Dhawan,0a476045
info,registry,people,S Ravi,9b9ee0df
info,registry,people,S Sohal,3fca55af
info,registry,people,SK Tarapore,62a824b4
info,registry,people,SS Tiwary,709b0bac
info,registry,people,TM Dilshan,5bdcdb72
info,registry,people,V Kohli,ba607b88
info,registry,people,Z Khan,91a4a398
ball,1,0.1,Deccan Chargers,S Sohal,S Dhawan,Z Khan,0,0,,,,,,"",""
ball,1,0.2,Deccan Chargers,S Sohal,S Dhawan,Z Khan,1,0,,,,,,"",""
ball,1,0.3,Deccan Chargers,S Dhawan,S Sohal,Z Khan,1,0,,,,,,"",""
ball,1,0.4,Deccan Chargers,S Sohal,S Dhawan,Z Khan,0,0,,,,,,"",""
ball,1,0.5,Deccan Chargers,S Sohal,S Dhawan,Z Khan,0,1,1,,,,,"",""
ball,1,0.6,Deccan Chargers,S Sohal,S Dhawan,Z Khan,0,0,,,,,,"",""
ball,1,0.7,Deccan Chargers,S Sohal,S Dhawan,Z Khan,0,0,,,,,,"",""
ball,1,1.1,Deccan Chargers,S Dhawan,S Sohal,JJ van der Wath,0,1,1,,,,,"",""
ball,1,1.2,Deccan Chargers,S Dhawan,S Sohal,JJ van der Wath,0,1,,1,,,,"",""
ball,1,1.3,Deccan Chargers,S Dhawan,S Sohal,JJ van der Wath,4,0,,,,,,"",""
ball,1,1.4,Deccan Chargers,S Dhawan,S Sohal,JJ van der Wath,0,0,,,,,,"",""
ball,1,1.5,Deccan Chargers,S Dhawan,S Sohal,JJ van der Wath,4,0,,,,,,"",""
ball,1,1.6,Deccan Chargers,S Dhawan,S Sohal,JJ van der Wath,1,0,,,,,,"",""
ball,1,1.7,Deccan Chargers,S Sohal,S Dhawan,JJ van der Wath,0,0,,,,,,"",""
ball,1,1.8,Deccan Chargers,S Sohal,S Dhawan,JJ van der Wath,0,0,,,,,,"",""
ball,1,2.1,Deccan Chargers,S Dhawan,S Sohal,Z Khan,0,0,,,,,,"",""
ball,1,2.2,Deccan Chargers,S Dhawan,S Sohal,Z Khan,1,0,,,,,,"",""
ball,1,2.3,Deccan Chargers,S Sohal,S Dhawan,Z Khan,4,0,,,,,,"",""
ball,1,2.4,Deccan Chargers,S Sohal,S Dhawan,Z Khan,1,0,,,,,,"",""
ball,1,2.5,Deccan Chargers,S Dhawan,S Sohal,Z Khan,0,0,,,,,,caught,S Dhawan
ball,1,2.6,Deccan Chargers,S Sohal,KC Sangakkara,Z Khan,0,0,,,,,,"",""
ball,1,3.1,Deccan Chargers,KC Sangakkara,S Sohal,JJ van der Wath,0,0,,,,,,"",""
ball,1,3.2,Deccan Chargers,KC Sangakkara,S Sohal,JJ van der Wath,1,0,,,,,,"",""
ball,1,3.3,Deccan Chargers,S Sohal,KC Sangakkara,JJ van der Wath,0,1,,1,,,,"",""
ball,1,3.4,Deccan Chargers,S Sohal,KC Sangakkara,JJ van der Wath,0,0,,,,,,"",""
ball,1,3.5,Deccan Chargers,S Sohal,KC Sangakkara,JJ van der Wath,0,0,,,,,,"",""
ball,1,3.6,Deccan Chargers,S Sohal,KC Sangakkara,JJ van der Wath,4,0,,,,,,"",""
ball,1,3.7,Deccan Chargers,S Sohal,KC Sangakkara,JJ van der Wath,0,0,,,,,,"",""
ball,1,4.1,Deccan Chargers,KC Sangakkara,S Sohal,S Aravind,1,0,,,,,,"",""
ball,1,4.2,Deccan Chargers,S Sohal,KC Sangakkara,S Aravind,2,0,,,,,,"",""
ball,1,4.3,Deccan Chargers,S Sohal,KC Sangakkara,S Aravind,4,0,,,,,,"",""
ball,1,4.4,Deccan Chargers,S Sohal,KC Sangakkara,S Aravind,0,0,,,,,,"",""
ball,1,4.5,Deccan Chargers,S Sohal,KC Sangakkara,S Aravind,0,0,,,,,,"",""
ball,1,4.6,Deccan Chargers,S Sohal,KC Sangakkara,S Aravind,0,1,,,,1,,"",""
ball,1,5.1,Deccan Chargers,S Sohal,KC Sangakkara,DL Vettori,0,0,,,,,,"",""
ball,1,5.2,Deccan Chargers,S Sohal,KC Sangakkara,DL Vettori,0,0,,,,,,"",""
ball,1,5.3,Deccan Chargers,S Sohal,KC Sangakkara,DL Vettori,1,0,,,,,,"",""
ball,1,5.4,Deccan Chargers,KC Sangakkara,S Sohal,DL Vettori,1,0,,,,,,"",""
ball,1,5.5,Deccan Chargers,S Sohal,KC Sangakkara,DL Vettori,1,0,,,,,,"",""
ball,1,5.6,Deccan Chargers,KC Sangakkara,S Sohal,DL Vettori,4,0,,,,,,"",""
ball,1,6.1,Deccan Chargers,S Sohal,KC Sangakkara,S Aravind,0,0,,,,,,"",""
ball,1,6.2,Deccan Chargers,S Sohal,KC Sangakkara,S Aravind,1,0,,,,,,"",""
ball,1,6.3,Deccan Chargers,KC Sangakkara,S Sohal,S Aravind,1,0,,,,,,"",""
ball,1,6.4,Deccan Chargers,S Sohal,KC Sangakkara,S Aravind,0,0,,,,,,"",""
ball,1,6.5,Deccan Chargers,S Sohal,KC Sangakkara,S Aravind,0,1,1,,,,,"",""
ball,1,6.6,Deccan Chargers,S Sohal,KC Sangakkara,S Aravind,4,0,,,,,,"",""
ball,1,6.7,Deccan Chargers,S Sohal,KC Sangakkara,S Aravind,4,0,,,,,,"",""
ball,1,7.1,Deccan Chargers,KC Sangakkara,S Sohal,DL Vettori,1,0,,,,,,"",""
ball,1,7.2,Deccan Chargers,S Sohal,KC Sangakkara,DL Vettori,0,0,,,,,,"",""
ball,1,7.3,Deccan Chargers,S Sohal,KC Sangakkara,DL Vettori,1,0,,,,,,"",""
ball,1,7.4,Deccan Chargers,KC Sangakkara,S Sohal,DL Vettori,4,0,,,,,,"",""
ball,1,7.5,Deccan Chargers,KC Sangakkara,S Sohal,DL Vettori,1,0,,,,,,"",""
ball,1,7.6,Deccan Chargers,S Sohal,KC Sangakkara,DL Vettori,1,0,,,,,,"",""
ball,1,8.1,Deccan Chargers,S Sohal,KC Sangakkara,R Ninan,1,0,,,,,,"",""
ball,1,8.2,Deccan Chargers,KC Sangakkara,S Sohal,R Ninan,1,0,,,,,,"",""
ball,1,8.3,Deccan Chargers,S Sohal,KC Sangakkara,R Ninan,6,0,,,,,,"",""
ball,1,8.4,Deccan Chargers,S Sohal,KC Sangakkara,R Ninan,2,0,,,,,,"",""
ball,1,8.5,Deccan Chargers,S Sohal,KC Sangakkara,R Ninan,0,0,,,,,,"",""
ball,1,8.6,Deccan Chargers,S Sohal,KC Sangakkara,R Ninan,0,0,,,,,,caught,S Sohal
ball,1,9.1,Deccan Chargers,KC Sangakkara,B Chipli,DL Vettori,1,0,,,,,,"",""
ball,1,9.2,Deccan Chargers,B Chipli,KC Sangakkara,DL Vettori,0,0,,,,,,"",""
ball,1,9.3,Deccan Chargers,B Chipli,KC Sangakkara,DL Vettori,0,0,,,,,,"",""
ball,1,9.4,Deccan Chargers,B Chipli,KC Sangakkara,DL Vettori,1,0,,,,,,"",""
ball,1,9.5,Deccan Chargers,KC Sangakkara,B Chipli,DL Vettori,0,0,,,,,,"",""
ball,1,9.6,Deccan Chargers,KC Sangakkara,B Chipli,DL Vettori,1,0,,,,,,"",""
ball,1,10.1,Deccan Chargers,KC Sangakkara,B Chipli,R Ninan,1,0,,,,,,"",""
ball,1,10.2,Deccan Chargers,B Chipli,KC Sangakkara,R Ninan,1,0,,,,,,"",""
ball,1,10.3,Deccan Chargers,KC Sangakkara,B Chipli,R Ninan,4,0,,,,,,"",""
ball,1,10.4,Deccan Chargers,KC Sangakkara,B Chipli,R Ninan,1,0,,,,,,"",""
ball,1,10.5,Deccan Chargers,B Chipli,KC Sangakkara,R Ninan,0,0,,,,,,"",""
ball,1,10.6,Deccan Chargers,B Chipli,KC Sangakkara,R Ninan,1,0,,,,,,"",""
ball,1,11.1,Deccan Chargers,B Chipli,KC Sangakkara,TM Dilshan,1,0,,,,,,"",""
ball,1,11.2,Deccan Chargers,KC Sangakkara,B Chipli,TM Dilshan,0,0,,,,,,"",""
ball,1,11.3,Deccan Chargers,KC Sangakkara,B Chipli,TM Dilshan,1,0,,,,,,"",""
ball,1,11.4,Deccan Chargers,B Chipli,KC Sangakkara,TM Dilshan,6,0,,,,,,"",""
ball,1,11.5,Deccan Chargers,B Chipli,KC Sangakkara,TM Dilshan,0,0,,,,,,"",""
ball,1,11.6,Deccan Chargers,B Chipli,KC Sangakkara,TM Dilshan,1,0,,,,,,"",""
ball,1,12.1,Deccan Chargers,B Chipli,KC Sangakkara,S Aravind,1,0,,,,,,"",""
ball,1,12.2,Deccan Chargers,KC Sangakkara,B Chipli,S Aravind,1,0,,,,,,"",""
ball,1,12.3,Deccan Chargers,B Chipli,KC Sangakkara,S Aravind,4,0,,,,,,"",""
ball,1,12.4,Deccan Chargers,B Chipli,KC Sangakkara,S Aravind,1,0,,,,,,"",""
ball,1,12.5,Deccan Chargers,KC Sangakkara,B Chipli,S Aravind,0,1,,,,1,,"",""
ball,1,12.6,Deccan Chargers,B Chipli,KC Sangakkara,S Aravind,1,0,,,,,,"",""
ball,1,13.1,Deccan Chargers,B Chipli,KC Sangakkara,TM Dilshan,1,0,,,,,,"",""
ball,1,13.2,Deccan Chargers,KC Sangakkara,B Chipli,TM Dilshan,1,0,,,,,,"",""
ball,1,13.3,Deccan Chargers,B Chipli,KC Sangakkara,TM Dilshan,1,0,,,,,,"",""
ball,1,13.4,Deccan Chargers,KC Sangakkara,B Chipli,TM Dilshan,6,0,,,,,,"",""
ball,1,13.5,Deccan Chargers,KC Sangakkara,B Chipli,TM Dilshan,2,0,,,,,,"",""
ball,1,13.6,Deccan Chargers,KC Sangakkara,B Chipli,TM Dilshan,2,0,,,,,,"",""
ball,1,14.1,Deccan Chargers,B Chipli,KC Sangakkara,JJ van der Wath,0,0,,,,,,"",""
ball,1,14.2,Deccan Chargers,B Chipli,KC Sangakkara,JJ van der Wath,0,0,,,,,,"",""
ball,1,14.3,Deccan Chargers,B Chipli,KC Sangakkara,JJ van der Wath,1,0,,,,,,"",""
ball,1,14.4,Deccan Chargers,KC Sangakkara,B Chipli,JJ van der Wath,0,0,,,,,,caught,KC Sangakkara
ball,1,14.5,Deccan Chargers,JP Duminy,B Chipli,JJ van der Wath,0,0,,,,,,"",""
ball,1,14.6,Deccan Chargers,JP Duminy,B Chipli,JJ van der Wath,1,0,,,,,,"",""
ball,1,15.1,Deccan Chargers,JP Duminy,B Chipli,R Ninan,1,0,,,,,,"",""
ball,1,15.2,Deccan Chargers,B Chipli,JP Duminy,R Ninan,6,0,,,,,,"",""
ball,1,15.3,Deccan Chargers,B Chipli,JP Duminy,R Ninan,6,0,,,,,,"",""
ball,1,15.4,Deccan Chargers,B Chipli,JP Duminy,R Ninan,1,0,,,,,,"",""
ball,1,15.5,Deccan Chargers,JP Duminy,B Chipli,R Ninan,1,0,,,,,,"",""
ball,1,15.6,Deccan Chargers,B Chipli,JP Duminy,R Ninan,1,0,,,,,,"",""
ball,1,16.1,Deccan Chargers,B Chipli,JP Duminy,Z Khan,4,0,,,,,,"",""
ball,1,16.2,Deccan Chargers,B Chipli,JP Duminy,Z Khan,4,0,,,,,,"",""
ball,1,16.3,Deccan Chargers,B Chipli,JP Duminy,Z Khan,4,0,,,,,,"",""
ball,1,16.4,Deccan Chargers,B Chipli,JP Duminy,Z Khan,1,0,,,,,,"",""
ball,1,16.5,Deccan Chargers,JP Duminy,B Chipli,Z Khan,1,0,,,,,,"",""
ball,1,16.6,Deccan Chargers,B Chipli,JP Duminy,Z Khan,1,0,,,,,,"",""
ball,1,17.1,Deccan Chargers,B Chipli,JP Duminy,DL Vettori,2,0,,,,,,"",""
ball,1,17.2,Deccan Chargers,B Chipli,JP Duminy,DL Vettori,1,0,,,,,,"",""
ball,1,17.3,Deccan Chargers,JP Duminy,B Chipli,DL Vettori,0,0,,,,,,"",""
ball,1,17.4,Deccan Chargers,JP Duminy,B Chipli,DL Vettori,4,0,,,,,,"",""
ball,1,17.5,Deccan Chargers,JP Duminy,B Chipli,DL Vettori,2,0,,,,,,"",""
ball,1,17.6,Deccan Chargers,JP Duminy,B Chipli,DL Vettori,2,0,,,,,,"",""
ball,1,18.1,Deccan Chargers,B Chipli,JP Duminy,JJ van der Wath,1,0,,,,,,"",""
ball,1,18.2,Deccan Chargers,JP Duminy,B Chipli,JJ van der Wath,6,0,,,,,,"",""
ball,1,18.3,Deccan Chargers,JP Duminy,B Chipli,JJ van der Wath,0,0,,,,,,"",""
ball,1,18.4,Deccan Chargers,JP Duminy,B Chipli,JJ van der Wath,0,0,,,,,,"",""
ball,1,18.5,Deccan Chargers,JP Duminy,B Chipli,JJ van der Wath,0,0,,,,,,"",""
ball,1,18.6,Deccan Chargers,JP Duminy,B Chipli,JJ van der Wath,4,0,,,,,,"",""
ball,1,19.1,Deccan Chargers,B Chipli,JP Duminy,Z Khan,1,0,,,,,,"",""
ball,1,19.2,Deccan Chargers,JP Duminy,B Chipli,Z Khan,0,0,,,,,,caught,JP Duminy
ball,1,19.3,Deccan Chargers,B Chipli,DT Christian,Z Khan,4,0,,,,,,"",""
ball,1,19.4,Deccan Chargers,B Chipli,DT Christian,Z Khan,2,0,,,,,,"",""
ball,1,19.5,Deccan Chargers,B Chipli,DT Christian,Z Khan,1,0,,,,,,"",""
ball,1,19.6,Deccan Chargers,DT Christian,B Chipli,Z Khan,0,0,,,,,,lbw,DT Christian
ball,2,0.1,Royal Challengers Bangalore,MA Agarwal,TM Dilshan,DW Steyn,0,0,,,,,,"",""
ball,2,0.2,Royal Challengers Bangalore,MA Agarwal,TM Dilshan,DW Steyn,0,0,,,,,,"",""
ball,2,0.3,Royal Challengers Bangalore,MA Agarwal,TM Dilshan,DW Steyn,0,0,,,,,,"",""
ball,2,0.4,Royal Challengers Bangalore,MA Agarwal,TM Dilshan,DW Steyn,1,0,,,,,,"",""
ball,2,0.5,Royal Challengers Bangalore,TM Dilshan,MA Agarwal,DW Steyn,0,0,,,,,,"",""
ball,2,0.6,Royal Challengers Bangalore,TM Dilshan,MA Agarwal,DW Steyn,1,0,,,,,,"",""
ball,2,1.1,Royal Challengers Bangalore,TM Dilshan,MA Agarwal,I Sharma,0,0,,,,,,"",""
ball,2,1.2,Royal Challengers Bangalore,TM Dilshan,MA Agarwal,I Sharma,0,0,,,,,,"",""
ball,2,1.3,Royal Challengers Bangalore,TM Dilshan,MA Agarwal,I Sharma,0,0,,,,,,"",""
ball,2,1.4,Royal Challengers Bangalore,TM Dilshan,MA Agarwal,I Sharma,2,0,,,,,,"",""
ball,2,1.5,Royal Challengers Bangalore,TM Dilshan,MA Agarwal,I Sharma,4,0,,,,,,"",""
ball,2,1.6,Royal Challengers Bangalore,TM Dilshan,MA Agarwal,I Sharma,0,0,,,,,,caught,TM Dilshan
ball,2,2.1,Royal Challengers Bangalore,MA Agarwal,Z Khan,DW Steyn,4,0,,,,,,"",""
ball,2,2.2,Royal Challengers Bangalore,MA Agarwal,Z Khan,DW Steyn,0,0,,,,,,"",""
ball,2,2.3,Royal Challengers Bangalore,MA Agarwal,Z Khan,DW Steyn,2,1,,1,,,,"",""
ball,2,2.4,Royal Challengers Bangalore,MA Agarwal,Z Khan,DW Steyn,1,0,,,,,,"",""
ball,2,2.5,Royal Challengers Bangalore,Z Khan,MA Agarwal,DW Steyn,0,0,,,,,,"",""
ball,2,2.6,Royal Challengers Bangalore,Z Khan,MA Agarwal,DW Steyn,0,0,,,,,,"",""
ball,2,2.7,Royal Challengers Bangalore,Z Khan,MA Agarwal,DW Steyn,0,0,,,,,,bowled,Z Khan
ball,2,3.1,Royal Challengers Bangalore,MA Agarwal,V Kohli,I Sharma,4,0,,,,,,"",""
ball,2,3.2,Royal Challengers Bangalore,MA Agarwal,V Kohli,I Sharma,1,0,,,,,,"",""
ball,2,3.3,Royal Challengers Bangalore,V Kohli,MA Agarwal,I Sharma,0,0,,,,,,"",""
ball,2,3.4,Royal Challengers Bangalore,V Kohli,MA Agarwal,I Sharma,0,0,,,,,,"",""
ball,2,3.5,Royal Challengers Bangalore,V Kohli,MA Agarwal,I Sharma,0,0,,,,,,"",""
ball,2,3.6,Royal Challengers Bangalore,V Kohli,MA Agarwal,I Sharma,1,0,,,,,,"",""
ball,2,4.1,Royal Challengers Bangalore,V Kohli,MA Agarwal,MS Gony,0,0,,,,,,"",""
ball,2,4.2,Royal Challengers Bangalore,V Kohli,MA Agarwal,MS Gony,1,0,,,,,,"",""
ball,2,4.3,Royal Challengers Bangalore,MA Agarwal,V Kohli,MS Gony,2,0,,,,,,"",""
ball,2,4.4,Royal Challengers Bangalore,MA Agarwal,V Kohli,MS Gony,1,0,,,,,,"",""
ball,2,4.5,Royal Challengers Bangalore,V Kohli,MA Agarwal,MS Gony,1,0,,,,,,"",""
ball,2,4.6,Royal Challengers Bangalore,MA Agarwal,V Kohli,MS Gony,0,0,,,,,,caught,MA Agarwal
ball,2,5.1,Royal Challengers Bangalore,V Kohli,AB de Villiers,I Sharma,1,0,,,,,,"",""
ball,2,5.2,Royal Challengers Bangalore,AB de Villiers,V Kohli,I Sharma,0,0,,,,,,"",""
ball,2,5.3,Royal Challengers Bangalore,AB de Villiers,V Kohli,I Sharma,0,0,,,,,,"",""
ball,2,5.4,Royal Challengers Bangalore,AB de Villiers,V Kohli,I Sharma,0,0,,,,,,"",""
ball,2,5.5,Royal Challengers Bangalore,AB de Villiers,V Kohli,I Sharma,0,0,,,,,,"",""
ball,2,5.6,Royal Challengers Bangalore,AB de Villiers,V Kohli,I Sharma,0,0,,,,,,"",""
ball,2,6.1,Royal Challengers Bangalore,V Kohli,AB de Villiers,MS Gony,0,0,,,,,,"",""
ball,2,6.2,Royal Challengers Bangalore,V Kohli,AB de Villiers,MS Gony,1,0,,,,,,"",""
ball,2,6.3,Royal Challengers Bangalore,AB de Villiers,V Kohli,MS Gony,0,0,,,,,,"",""
ball,2,6.4,Royal Challengers Bangalore,AB de Villiers,V Kohli,MS Gony,0,0,,,,,,caught,AB de Villiers
ball,2,6.5,Royal Challengers Bangalore,SS Tiwary,V Kohli,MS Gony,1,0,,,,,,"",""
ball,2,6.6,Royal Challengers Bangalore,V Kohli,SS Tiwary,MS Gony,1,0,,,,,,"",""
ball,2,7.1,Royal Challengers Bangalore,V Kohli,SS Tiwary,I Sharma,2,0,,,,,,"",""
ball,2,7.2,Royal Challengers Bangalore,V Kohli,SS Tiwary,I Sharma,4,0,,,,,,"",""
ball,2,7.3,Royal Challengers Bangalore,V Kohli,SS Tiwary,I Sharma,1,0,,,,,,"",""
ball,2,7.4,Royal Challengers Bangalore,SS Tiwary,V Kohli,I Sharma,0,0,,,,,,"",""
ball,2,7.5,Royal Challengers Bangalore,SS Tiwary,V Kohli,I Sharma,1,0,,,,,,"",""
ball,2,7.6,Royal Challengers Bangalore,V Kohli,SS Tiwary,I Sharma,0,0,,,,,,"",""
ball,2,8.1,Royal Challengers Bangalore,SS Tiwary,V Kohli,DT Christian,0,0,,,,,,"",""
ball,2,8.2,Royal Challengers Bangalore,SS Tiwary,V Kohli,DT Christian,1,0,,,,,,"",""
ball,2,8.3,Royal Challengers Bangalore,V Kohli,SS Tiwary,DT Christian,1,0,,,,,,"",""
ball,2,8.4,Royal Challengers Bangalore,SS Tiwary,V Kohli,DT Christian,1,0,,,,,,"",""
ball,2,8.5,Royal Challengers Bangalore,V Kohli,SS Tiwary,DT Christian,2,0,,,,,,"",""
ball,2,8.6,Royal Challengers Bangalore,V Kohli,SS Tiwary,DT Christian,0,1,,,,1,,"",""
ball,2,9.1,Royal Challengers Bangalore,V Kohli,SS Tiwary,A Mishra,0,0,,,,,,"",""
ball,2,9.2,Royal Challengers Bangalore,V Kohli,SS Tiwary,A Mishra,2,0,,,,,,"",""
ball,2,9.3,Royal Challengers Bangalore,V Kohli,SS Tiwary,A Mishra,4,0,,,,,,"",""
ball,2,9.4,Royal Challengers Bangalore,V Kohli,SS Tiwary,A Mishra,2,0,,,,,,"",""
ball,2,9.5,Royal Challengers Bangalore,V Kohli,SS Tiwary,A Mishra,0,0,,,,,,"",""
ball,2,9.6,Royal Challengers Bangalore,V Kohli,SS Tiwary,A Mishra,0,0,,,,,,"",""
ball,2,10.1,Royal Challengers Bangalore,SS Tiwary,V Kohli,DT Christian,0,0,,,,,,"",""
ball,2,10.2,Royal Challengers Bangalore,SS Tiwary,V Kohli,DT Christian,2,0,,,,,,"",""
ball,2,10.3,Royal Challengers Bangalore,SS Tiwary,V Kohli,DT Christian,1,0,,,,,,"",""
ball,2,10.4,Royal Challengers Bangalore,V Kohli,SS Tiwary,DT Christian,0,0,,,,,,"",""
ball,2,10.5,Royal Challengers Bangalore,V Kohli,SS Tiwary,DT Christian,0,0,,,,,,"",""
ball,2,10.6,Royal Challengers Bangalore,V Kohli,SS Tiwary,DT Christian,0,0,,,,,,"",""
ball,2,11.1,Royal Challengers Bangalore,SS Tiwary,V Kohli,A Mishra,0,0,,,,,,caught,SS Tiwary
ball,2,11.2,Royal Challengers Bangalore,CA Pujara,V Kohli,A Mishra,0,0,,,,,,"",""
ball,2,11.3,Royal Challengers Bangalore,CA Pujara,V Kohli,A Mishra,1,0,,,,,,"",""
ball,2,11.4,Royal Challengers Bangalore,V Kohli,CA Pujara,A Mishra,0,0,,,,,,"",""
ball,2,11.5,Royal Challengers Bangalore,V Kohli,CA Pujara,A Mishra,0,1,,1,,,,"",""
ball,2,11.6,Royal Challengers Bangalore,V Kohli,CA Pujara,A Mishra,4,0,,,,,,"",""
ball,2,11.7,Royal Challengers Bangalore,V Kohli,CA Pujara,A Mishra,1,0,,,,,,"",""
ball,2,12.1,Royal Challengers Bangalore,V Kohli,CA Pujara,DT Christian,1,0,,,,,,"",""
ball,2,12.2,Royal Challengers Bangalore,CA Pujara,V Kohli,DT Christian,1,0,,,,,,"",""
ball,2,12.3,Royal Challengers Bangalore,V Kohli,CA Pujara,DT Christian,0,1,,,,1,,"",""
ball,2,12.4,Royal Challengers Bangalore,CA Pujara,V Kohli,DT Christian,1,0,,,,,,"",""
ball,2,12.5,Royal Challengers Bangalore,V Kohli,CA Pujara,DT Christian,2,0,,,,,,"",""
ball,2,12.6,Royal Challengers Bangalore,V Kohli,CA Pujara,DT Christian,4,0,,,,,,"",""
ball,2,13.1,Royal Challengers Bangalore,CA Pujara,V Kohli,A Mishra,4,0,,,,,,"",""
ball,2,13.2,Royal Challengers Bangalore,CA Pujara,V Kohli,A Mishra,1,0,,,,,,"",""
ball,2,13.3,Royal Challengers Bangalore,V Kohli,CA Pujara,A Mishra,2,0,,,,,,"",""
ball,2,13.4,Royal Challengers Bangalore,V Kohli,CA Pujara,A Mishra,1,0,,,,,,"",""
ball,2,13.5,Royal Challengers Bangalore,CA Pujara,V Kohli,A Mishra,1,0,,,,,,"",""
ball,2,13.6,Royal Challengers Bangalore,V Kohli,CA Pujara,A Mishra,1,0,,,,,,"",""
ball,2,14.1,Royal Challengers Bangalore,V Kohli,CA Pujara,MS Gony,2,0,,,,,,"",""
ball,2,14.2,Royal Challengers Bangalore,V Kohli,CA Pujara,MS Gony,0,0,,,,,,"",""
ball,2,14.3,Royal Challengers Bangalore,V Kohli,CA Pujara,MS Gony,1,0,,,,,,"",""
ball,2,14.4,Royal Challengers Bangalore,CA Pujara,V Kohli,MS Gony,1,0,,,,,,"",""
ball,2,14.5,Royal Challengers Bangalore,V Kohli,CA Pujara,MS Gony,1,0,,,,,,"",""
ball,2,14.6,Royal Challengers Bangalore,CA Pujara,V Kohli,MS Gony,4,0,,,,,,"",""
ball,2,15.1,Royal Challengers Bangalore,V Kohli,CA Pujara,A Mishra,0,0,,,,,,"",""
ball,2,15.2,Royal Challengers Bangalore,V Kohli,CA Pujara,A Mishra,6,0,,,,,,"",""
ball,2,15.3,Royal Challengers Bangalore,V Kohli,CA Pujara,A Mishra,2,0,,,,,,"",""
ball,2,15.4,Royal Challengers Bangalore,V Kohli,CA Pujara,A Mishra,6,0,,,,,,"",""
ball,2,15.5,Royal Challengers Bangalore,V Kohli,CA Pujara,A Mishra,1,0,,,,,,"",""
ball,2,15.6,Royal Challengers Bangalore,CA Pujara,V Kohli,A Mishra,1,0,,,,,,"",""
ball,2,16.1,Royal Challengers Bangalore,CA Pujara,V Kohli,DW Steyn,0,0,,,,,,"",""
ball,2,16.2,Royal Challengers Bangalore,CA Pujara,V Kohli,DW Steyn,4,0,,,,,,"",""
ball,2,16.3,Royal Challengers Bangalore,CA Pujara,V Kohli,DW Steyn,2,0,,,,,,"",""
ball,2,16.4,Royal Challengers Bangalore,CA Pujara,V Kohli,DW Steyn,4,0,,,,,,"",""
ball,2,16.5,Royal Challengers Bangalore,CA Pujara,V Kohli,DW Steyn,0,0,,,,,,caught,CA Pujara
ball,2,16.6,Royal Challengers Bangalore,JJ van der Wath,V Kohli,DW Steyn,0,0,,,,,,caught,JJ van der Wath
ball,2,17.1,Royal Challengers Bangalore,V Kohli,DL Vettori,MS Gony,2,0,,,,,,"",""
ball,2,17.2,Royal Challengers Bangalore,V Kohli,DL Vettori,MS Gony,4,0,,,,,,"",""
ball,2,17.3,Royal Challengers Bangalore,V Kohli,DL Vettori,MS Gony,6,0,,,,,,"",""
ball,2,17.4,Royal Challengers Bangalore,V Kohli,DL Vettori,MS Gony,0,0,,,,,,bowled,V Kohli
ball,2,17.5,Royal Challengers Bangalore,R Ninan,DL Vettori,MS Gony,1,0,,,,,,"",""
ball,2,17.6,Royal Challengers Bangalore,DL Vettori,R Ninan,MS Gony,1,0,,,,,,"",""
ball,2,18.1,Royal Challengers Bangalore,DL Vettori,R Ninan,DW Steyn,0,1,,,,1,,"",""
ball,2,18.2,Royal Challengers Bangalore,R Ninan,DL Vettori,DW Steyn,1,0,,,,,,"",""
ball,2,18.3,Royal Challengers Bangalore,DL Vettori,R Ninan,DW Steyn,1,0,,,,,,"",""
ball,2,18.4,Royal Challengers Bangalore,R Ninan,DL Vettori,DW Steyn,0,0,,,,,,"",""
ball,2,18.5,Royal Challengers Bangalore,R Ninan,DL Vettori,DW Steyn,0,1,,1,,,,"",""
ball,2,18.6,Royal Challengers Bangalore,R Ninan,DL Vettori,DW Steyn,1,0,,,,,,"",""
ball,2,18.7,Royal Challengers Bangalore,DL Vettori,R Ninan,DW Steyn,0,0,,,,,,"",""
ball,2,19.1,Royal Challengers Bangalore,R Ninan,DL Vettori,DT Christian,0,0,,,,,,caught,R Ninan
ball,2,19.2,Royal Challengers Bangalore,S Aravind,DL Vettori,DT Christian,0,1,1,,,,,"",""
ball,2,19.3,Royal Challengers Bangalore,S Aravind,DL Vettori,DT Christian,0,1,1,,,,,"",""
ball,2,19.4,Royal Challengers Bangalore,S Aravind,DL Vettori,DT Christian,1,0,,,,,,"",""
ball,2,19.5,Royal Challengers Bangalore,DL Vettori,S Aravind,DT Christian,0,0,,,,,,"",""
ball,2,19.6,Royal Challengers Bangalore,DL Vettori,S Aravind,DT Christian,1,0,,,,,,"",""
ball,2,19.7,Royal Challengers Bangalore,S Aravind,DL Vettori,DT Christian,0,0,,,,,,"",""
ball,2,19.8,Royal Challengers Bangalore,S Aravind,DL Vettori,DT Christian,1,0,,,,,,"",""
