version,1.6.0
info,balls_per_over,6
info,team,Pune Warriors
info,team,Royal Challengers Bangalore
info,gender,male
info,season,2012
info,date,2012/05/11
info,event,Indian Premier League
info,match_number,57
info,venue,Subrata Roy Sahara Stadium
info,city,Pune
info,toss_winner,Pune Warriors
info,toss_decision,field
info,player_of_match,CH Gayle
info,umpire,BF Bowden
info,umpire,SK Tarapore
info,reserve_umpire,NA Patwardhan
info,tv_umpire,VA Kulkarni
info,match_referee,RS Madugalle
info,winner,Royal Challengers Bangalore
info,winner_runs,35
info,player,Pune Warriors,MD Mishra
info,player,Pune Warriors,MJ Clarke
info,player,Pune Warriors,MK Pandey
info,player,Pune Warriors,RV Uthappa
info,player,Pune Warriors,AP Majumdar
info,player,Pune Warriors,AD Mathews
info,player,Pune Warriors,SPD Smith
info,player,Pune Warriors,B Kumar
info,player,Pune Warriors,AC Thomas
info,player,Pune Warriors,R Sharma
info,player,Pune Warriors,K Upadhyay
info,player,Royal Challengers Bangalore,CH Gayle
info,player,Royal Challengers Bangalore,TM Dilshan
info,player,Royal Challengers Bangalore,V Kohli
info,player,Royal Challengers Bangalore,SS Tiwary
info,player,Royal Challengers Bangalore,AB de Villiers
info,player,Royal Challengers Bangalore,MA Agarwal
info,player,Royal Challengers Bangalore,R Vinay Kumar
info,player,Royal Challengers Bangalore,Z Khan
info,player,Royal Challengers Bangalore,HV Patel
info,player,Royal Challengers Bangalore,M Muralitharan
info,player,Royal Challengers Bangalore,KP Appanna
info,registry,people,AB de Villiers,c4487b84
info,registry,people,AC Thomas,b552a935
info,registry,people,AD Mathews,896d78ad
info,registry,people,AP Majumdar,f4cb4f53
info,registry,people,B Kumar,2e81a32d
info,registry,people,BF Bowden,efc0a862
info,registry,people,CH Gayle,db584dad
info,registry,people,HV Patel,f986ca1a
info,registry,people,K Upadhyay,27e71d47
info,registry,people,KP Appanna,d92e42f5
info,registry,people,M Muralitharan,4ba44e19
info,registry,people,MA Agarwal,00ea847a
info,registry,people,MD Mishra,6afb26d6
info,registry,people,MJ Clarke,f842c2cf
info,registry,people,MK Pandey,93b4fc78
info,registry,people,NA Patwardhan,e6ef687d
info,registry,people,R Sharma,5d9a1a73
info,registry,people,R Vinay Kumar,41eb4a4f
info,registry,people,RS Madugalle,766b5798
info,registry,people,RV Uthappa,1c17e270
info,registry,people,SK Tarapore,62a824b4
info,registry,people,SPD Smith,30a45b23
info,registry,people,SS Tiwary,709b0bac
info,registry,people,TM Dilshan,5bdcdb72
info,registry,people,V Kohli,ba607b88
info,registry,people,VA Kulkarni,8fe0c4f8
info,registry,people,Z Khan,91a4a398
ball,1,0.1,Royal Challengers Bangalore,CH Gayle,TM Dilshan,K Upadhyay,0,0,,,,,,"",""
ball,1,0.2,Royal Challengers Bangalore,CH Gayle,TM Dilshan,K Upadhyay,0,0,,,,,,"",""
ball,1,0.3,Royal Challengers Bangalore,CH Gayle,TM Dilshan,K Upadhyay,0,0,,,,,,"",""
ball,1,0.4,Royal Challengers Bangalore,CH Gayle,TM Dilshan,K Upadhyay,1,0,,,,,,"",""
ball,1,0.5,Royal Challengers Bangalore,TM Dilshan,CH Gayle,K Upadhyay,1,0,,,,,,"",""
ball,1,0.6,Royal Challengers Bangalore,CH Gayle,TM Dilshan,K Upadhyay,1,0,,,,,,"",""
ball,1,1.1,Royal Challengers Bangalore,CH Gayle,TM Dilshan,AC Thomas,1,1,,1,,,,"",""
ball,1,1.2,Royal Challengers Bangalore,TM Dilshan,CH Gayle,AC Thomas,4,0,,,,,,"",""
ball,1,1.3,Royal Challengers Bangalore,TM Dilshan,CH Gayle,AC Thomas,0,0,,,,,,"",""
ball,1,1.4,Royal Challengers Bangalore,TM Dilshan,CH Gayle,AC Thomas,0,0,,,,,,"",""
ball,1,1.5,Royal Challengers Bangalore,TM Dilshan,CH Gayle,AC Thomas,1,0,,,,,,"",""
ball,1,1.6,Royal Challengers Bangalore,CH Gayle,TM Dilshan,AC Thomas,0,0,,,,,,"",""
ball,1,1.7,Royal Challengers Bangalore,CH Gayle,TM Dilshan,AC Thomas,1,0,,,,,,"",""
ball,1,2.1,Royal Challengers Bangalore,CH Gayle,TM Dilshan,K Upadhyay,6,0,,,,,,"",""
ball,1,2.2,Royal Challengers Bangalore,CH Gayle,TM Dilshan,K Upadhyay,0,0,,,,,,"",""
ball,1,2.3,Royal Challengers Bangalore,CH Gayle,TM Dilshan,K Upadhyay,0,0,,,,,,"",""
ball,1,2.4,Royal Challengers Bangalore,CH Gayle,TM Dilshan,K Upadhyay,1,0,,,,,,"",""
ball,1,2.5,Royal Challengers Bangalore,TM Dilshan,CH Gayle,K Upadhyay,1,0,,,,,,"",""
ball,1,2.6,Royal Challengers Bangalore,CH Gayle,TM Dilshan,K Upadhyay,6,0,,,,,,"",""
ball,1,3.1,Royal Challengers Bangalore,TM Dilshan,CH Gayle,B Kumar,0,1,1,,,,,"",""
ball,1,3.2,Royal Challengers Bangalore,TM Dilshan,CH Gayle,B Kumar,0,2,,,,2,,"",""
ball,1,3.3,Royal Challengers Bangalore,TM Dilshan,CH Gayle,B Kumar,0,0,,,,,,"",""
ball,1,3.4,Royal Challengers Bangalore,TM Dilshan,CH Gayle,B Kumar,1,0,,,,,,"",""
ball,1,3.5,Royal Challengers Bangalore,CH Gayle,TM Dilshan,B Kumar,0,0,,,,,,"",""
ball,1,3.6,Royal Challengers Bangalore,CH Gayle,TM Dilshan,B Kumar,0,0,,,,,,"",""
ball,1,3.7,Royal Challengers Bangalore,CH Gayle,TM Dilshan,B Kumar,0,0,,,,,,"",""
ball,1,4.1,Royal Challengers Bangalore,TM Dilshan,CH Gayle,AC Thomas,0,0,,,,,,"",""
ball,1,4.2,Royal Challengers Bangalore,TM Dilshan,CH Gayle,AC Thomas,1,0,,,,,,"",""
ball,1,4.3,Royal Challengers Bangalore,CH Gayle,TM Dilshan,AC Thomas,1,0,,,,,,"",""
ball,1,4.4,Royal Challengers Bangalore,TM Dilshan,CH Gayle,AC Thomas,0,1,1,,,,,"",""
ball,1,4.5,Royal Challengers Bangalore,TM Dilshan,CH Gayle,AC Thomas,1,0,,,,,,"",""
ball,1,4.6,Royal Challengers Bangalore,CH Gayle,TM Dilshan,AC Thomas,4,0,,,,,,"",""
ball,1,4.7,Royal Challengers Bangalore,CH Gayle,TM Dilshan,AC Thomas,4,0,,,,,,"",""
ball,1,5.1,Royal Challengers Bangalore,TM Dilshan,CH Gayle,B Kumar,1,0,,,,,,"",""
ball,1,5.2,Royal Challengers Bangalore,CH Gayle,TM Dilshan,B Kumar,6,0,,,,,,"",""
ball,1,5.3,Royal Challengers Bangalore,CH Gayle,TM Dilshan,B Kumar,0,0,,,,,,"",""
ball,1,5.4,Royal Challengers Bangalore,CH Gayle,TM Dilshan,B Kumar,6,0,,,,,,"",""
ball,1,5.5,Royal Challengers Bangalore,CH Gayle,TM Dilshan,B Kumar,6,0,,,,,,"",""
ball,1,5.6,Royal Challengers Bangalore,CH Gayle,TM Dilshan,B Kumar,6,0,,,,,,"",""
ball,1,6.1,Royal Challengers Bangalore,TM Dilshan,CH Gayle,AD Mathews,0,0,,,,,,"",""
ball,1,6.2,Royal Challengers Bangalore,TM Dilshan,CH Gayle,AD Mathews,1,0,,,,,,"",""
ball,1,6.3,Royal Challengers Bangalore,CH Gayle,TM Dilshan,AD Mathews,0,0,,,,,,"",""
ball,1,6.4,Royal Challengers Bangalore,CH Gayle,TM Dilshan,AD Mathews,0,1,1,,,,,"",""
ball,1,6.5,Royal Challengers Bangalore,CH Gayle,TM Dilshan,AD Mathews,0,0,,,,,,"",""
ball,1,6.6,Royal Challengers Bangalore,CH Gayle,TM Dilshan,AD Mathews,1,0,,,,,,"",""
ball,1,6.7,Royal Challengers Bangalore,TM Dilshan,CH Gayle,AD Mathews,0,0,,,,,,"",""
ball,1,7.1,Royal Challengers Bangalore,CH Gayle,TM Dilshan,R Sharma,4,0,,,,,,"",""
ball,1,7.2,Royal Challengers Bangalore,CH Gayle,TM Dilshan,R Sharma,1,0,,,,,,"",""
ball,1,7.3,Royal Challengers Bangalore,TM Dilshan,CH Gayle,R Sharma,0,0,,,,,,"",""
ball,1,7.4,Royal Challengers Bangalore,TM Dilshan,CH Gayle,R Sharma,1,0,,,,,,"",""
ball,1,7.5,Royal Challengers Bangalore,CH Gayle,TM Dilshan,R Sharma,1,0,,,,,,"",""
ball,1,7.6,Royal Challengers Bangalore,TM Dilshan,CH Gayle,R Sharma,1,0,,,,,,"",""
ball,1,8.1,Royal Challengers Bangalore,TM Dilshan,CH Gayle,AD Mathews,2,0,,,,,,"",""
ball,1,8.2,Royal Challengers Bangalore,TM Dilshan,CH Gayle,AD Mathews,1,0,,,,,,"",""
ball,1,8.3,Royal Challengers Bangalore,CH Gayle,TM Dilshan,AD Mathews,0,0,,,,,,caught,CH Gayle
ball,1,8.4,Royal Challengers Bangalore,V Kohli,TM Dilshan,AD Mathews,1,0,,,,,,"",""
ball,1,8.5,Royal Challengers Bangalore,TM Dilshan,V Kohli,AD Mathews,0,0,,,,,,"",""
ball,1,8.6,Royal Challengers Bangalore,TM Dilshan,V Kohli,AD Mathews,4,0,,,,,,"",""
ball,1,9.1,Royal Challengers Bangalore,V Kohli,TM Dilshan,R Sharma,1,0,,,,,,"",""
ball,1,9.2,Royal Challengers Bangalore,TM Dilshan,V Kohli,R Sharma,0,0,,,,,,"",""
ball,1,9.3,Royal Challengers Bangalore,TM Dilshan,V Kohli,R Sharma,0,0,,,,,,"",""
ball,1,9.4,Royal Challengers Bangalore,TM Dilshan,V Kohli,R Sharma,1,0,,,,,,"",""
ball,1,9.5,Royal Challengers Bangalore,V Kohli,TM Dilshan,R Sharma,0,0,,,,,,"",""
ball,1,9.6,Royal Challengers Bangalore,V Kohli,TM Dilshan,R Sharma,1,0,,,,,,"",""
ball,1,10.1,Royal Challengers Bangalore,V Kohli,TM Dilshan,MJ Clarke,0,0,,,,,,"",""
ball,1,10.2,Royal Challengers Bangalore,V Kohli,TM Dilshan,MJ Clarke,0,0,,,,,,"",""
ball,1,10.3,Royal Challengers Bangalore,V Kohli,TM Dilshan,MJ Clarke,4,0,,,,,,"",""
ball,1,10.4,Royal Challengers Bangalore,V Kohli,TM Dilshan,MJ Clarke,0,0,,,,,,"",""
ball,1,10.5,Royal Challengers Bangalore,V Kohli,TM Dilshan,MJ Clarke,0,0,,,,,,"",""
ball,1,10.6,Royal Challengers Bangalore,V Kohli,TM Dilshan,MJ Clarke,1,0,,,,,,"",""
ball,1,11.1,Royal Challengers Bangalore,V Kohli,TM Dilshan,R Sharma,1,0,,,,,,"",""
ball,1,11.2,Royal Challengers Bangalore,TM Dilshan,V Kohli,R Sharma,1,0,,,,,,"",""
ball,1,11.3,Royal Challengers Bangalore,V Kohli,TM Dilshan,R Sharma,0,0,,,,,,caught,V Kohli
ball,1,11.4,Royal Challengers Bangalore,SS Tiwary,TM Dilshan,R Sharma,0,0,,,,,,"",""
ball,1,11.5,Royal Challengers Bangalore,SS Tiwary,TM Dilshan,R Sharma,1,0,,,,,,"",""
ball,1,11.6,Royal Challengers Bangalore,TM Dilshan,SS Tiwary,R Sharma,0,1,1,,,,,"",""
ball,1,11.7,Royal Challengers Bangalore,TM Dilshan,SS Tiwary,R Sharma,0,0,,,,,,"",""
ball,1,12.1,Royal Challengers Bangalore,SS Tiwary,TM Dilshan,K Upadhyay,0,0,,,,,,"",""
ball,1,12.2,Royal Challengers Bangalore,SS Tiwary,TM Dilshan,K Upadhyay,0,0,,,,,,"",""
ball,1,12.3,Royal Challengers Bangalore,SS Tiwary,TM Dilshan,K Upadhyay,0,0,,,,,,"",""
ball,1,12.4,Royal Challengers Bangalore,SS Tiwary,TM Dilshan,K Upadhyay,0,0,,,,,,"",""
ball,1,12.5,Royal Challengers Bangalore,SS Tiwary,TM Dilshan,K Upadhyay,1,0,,,,,,"",""
ball,1,12.6,Royal Challengers Bangalore,TM Dilshan,SS Tiwary,K Upadhyay,1,0,,,,,,"",""
ball,1,13.1,Royal Challengers Bangalore,TM Dilshan,SS Tiwary,R Sharma,4,0,,,,,,"",""
ball,1,13.2,Royal Challengers Bangalore,TM Dilshan,SS Tiwary,R Sharma,1,0,,,,,,"",""
ball,1,13.3,Royal Challengers Bangalore,SS Tiwary,TM Dilshan,R Sharma,4,0,,,,,,"",""
ball,1,13.4,Royal Challengers Bangalore,SS Tiwary,TM Dilshan,R Sharma,0,0,,,,,,"",""
ball,1,13.5,Royal Challengers Bangalore,SS Tiwary,TM Dilshan,R Sharma,1,0,,,,,,"",""
ball,1,13.6,Royal Challengers Bangalore,TM Dilshan,SS Tiwary,R Sharma,6,0,,,,,,"",""
ball,1,14.1,Royal Challengers Bangalore,SS Tiwary,TM Dilshan,K Upadhyay,1,0,,,,,,"",""
ball,1,14.2,Royal Challengers Bangalore,TM Dilshan,SS Tiwary,K Upadhyay,4,0,,,,,,"",""
ball,1,14.3,Royal Challengers Bangalore,TM Dilshan,SS Tiwary,K Upadhyay,4,0,,,,,,"",""
ball,1,14.4,Royal Challengers Bangalore,TM Dilshan,SS Tiwary,K Upadhyay,4,0,,,,,,"",""
ball,1,14.5,Royal Challengers Bangalore,TM Dilshan,SS Tiwary,K Upadhyay,1,0,,,,,,"",""
ball,1,14.6,Royal Challengers Bangalore,SS Tiwary,TM Dilshan,K Upadhyay,0,0,,,,,,"",""
ball,1,15.1,Royal Challengers Bangalore,TM Dilshan,SS Tiwary,AD Mathews,0,0,,,,,,"",""
ball,1,15.2,Royal Challengers Bangalore,TM Dilshan,SS Tiwary,AD Mathews,0,0,,,,,,"",""
ball,1,15.3,Royal Challengers Bangalore,TM Dilshan,SS Tiwary,AD Mathews,1,0,,,,,,"",""
ball,1,15.4,Royal Challengers Bangalore,SS Tiwary,TM Dilshan,AD Mathews,0,0,,,,,,"",""
ball,1,15.5,Royal Challengers Bangalore,SS Tiwary,TM Dilshan,AD Mathews,1,0,,,,,,"",""
ball,1,15.6,Royal Challengers Bangalore,TM Dilshan,SS Tiwary,AD Mathews,1,0,,,,,,"",""
ball,1,16.1,Royal Challengers Bangalore,TM Dilshan,SS Tiwary,B Kumar,0,1,,,,1,,"",""
ball,1,16.2,Royal Challengers Bangalore,SS Tiwary,TM Dilshan,B Kumar,1,0,,,,,,"",""
ball,1,16.3,Royal Challengers Bangalore,TM Dilshan,SS Tiwary,B Kumar,2,0,,,,,,"",""
ball,1,16.4,Royal Challengers Bangalore,TM Dilshan,SS Tiwary,B Kumar,1,0,,,,,,"",""
ball,1,16.5,Royal Challengers Bangalore,SS Tiwary,TM Dilshan,B Kumar,1,0,,,,,,"",""
ball,1,16.6,Royal Challengers Bangalore,TM Dilshan,SS Tiwary,B Kumar,0,0,,,,,,"",""
ball,1,17.1,Royal Challengers Bangalore,SS Tiwary,TM Dilshan,AC Thomas,0,0,,,,,,"",""
ball,1,17.2,Royal Challengers Bangalore,SS Tiwary,TM Dilshan,AC Thomas,0,0,,,,,,run out,TM Dilshan
ball,1,17.3,Royal Challengers Bangalore,SS Tiwary,AB de Villiers,AC Thomas,6,0,,,,,,"",""
ball,1,17.4,Royal Challengers Bangalore,SS Tiwary,AB de Villiers,AC Thomas,2,0,,,,,,"",""
ball,1,17.5,Royal Challengers Bangalore,SS Tiwary,AB de Villiers,AC Thomas,1,0,,,,,,"",""
ball,1,17.6,Royal Challengers Bangalore,AB de Villiers,SS Tiwary,AC Thomas,2,0,,,,,,"",""
ball,1,18.1,Royal Challengers Bangalore,SS Tiwary,AB de Villiers,B Kumar,4,0,,,,,,"",""
ball,1,18.2,Royal Challengers Bangalore,SS Tiwary,AB de Villiers,B Kumar,0,0,,,,,,"",""
ball,1,18.3,Royal Challengers Bangalore,SS Tiwary,AB de Villiers,B Kumar,1,0,,,,,,"",""
ball,1,18.4,Royal Challengers Bangalore,AB de Villiers,SS Tiwary,B Kumar,0,1,,,,1,,"",""
ball,1,18.5,Royal Challengers Bangalore,SS Tiwary,AB de Villiers,B Kumar,2,0,,,,,,"",""
ball,1,18.6,Royal Challengers Bangalore,SS Tiwary,AB de Villiers,B Kumar,1,0,,,,,,"",""
ball,1,19.1,Royal Challengers Bangalore,SS Tiwary,AB de Villiers,AC Thomas,4,0,,,,,,"",""
ball,1,19.2,Royal Challengers Bangalore,SS Tiwary,AB de Villiers,AC Thomas,1,0,,,,,,"",""
ball,1,19.3,Royal Challengers Bangalore,AB de Villiers,SS Tiwary,AC Thomas,1,0,,,,,,"",""
ball,1,19.4,Royal Challengers Bangalore,SS Tiwary,AB de Villiers,AC Thomas,2,0,,,,,,"",""
ball,1,19.5,Royal Challengers Bangalore,SS Tiwary,AB de Villiers,AC Thomas,1,0,,,,,,"",""
ball,1,19.6,Royal Challengers Bangalore,AB de Villiers,SS Tiwary,AC Thomas,6,0,,,,,,"",""
ball,2,0.1,Pune Warriors,MD Mishra,MJ Clarke,Z Khan,0,0,,,,,,"",""
ball,2,0.2,Pune Warriors,MD Mishra,MJ Clarke,Z Khan,0,0,,,,,,"",""
ball,2,0.3,Pune Warriors,MD Mishra,MJ Clarke,Z Khan,4,0,,,,,,"",""
ball,2,0.4,Pune Warriors,MD Mishra,MJ Clarke,Z Khan,0,0,,,,,,lbw,MD Mishra
ball,2,0.5,Pune Warriors,MK Pandey,MJ Clarke,Z Khan,0,0,,,,,,"",""
ball,2,0.6,Pune Warriors,MK Pandey,MJ Clarke,Z Khan,0,0,,,,,,bowled,MK Pandey
ball,2,1.1,Pune Warriors,MJ Clarke,RV Uthappa,R Vinay Kumar,1,0,,,,,,"",""
ball,2,1.2,Pune Warriors,RV Uthappa,MJ Clarke,R Vinay Kumar,0,0,,,,,,"",""
ball,2,1.3,Pune Warriors,RV Uthappa,MJ Clarke,R Vinay Kumar,1,0,,,,,,"",""
ball,2,1.4,Pune Warriors,MJ Clarke,RV Uthappa,R Vinay Kumar,4,0,,,,,,"",""
ball,2,1.5,Pune Warriors,MJ Clarke,RV Uthappa,R Vinay Kumar,0,0,,,,,,"",""
ball,2,1.6,Pune Warriors,MJ Clarke,RV Uthappa,R Vinay Kumar,0,0,,,,,,"",""
ball,2,2.1,Pune Warriors,RV Uthappa,MJ Clarke,Z Khan,0,0,,,,,,"",""
ball,2,2.2,Pune Warriors,RV Uthappa,MJ Clarke,Z Khan,0,0,,,,,,"",""
ball,2,2.3,Pune Warriors,RV Uthappa,MJ Clarke,Z Khan,3,0,,,,,,"",""
ball,2,2.4,Pune Warriors,MJ Clarke,RV Uthappa,Z Khan,0,0,,,,,,"",""
ball,2,2.5,Pune Warriors,MJ Clarke,RV Uthappa,Z Khan,1,0,,,,,,"",""
ball,2,2.6,Pune Warriors,RV Uthappa,MJ Clarke,Z Khan,0,0,,,,,,"",""
ball,2,3.1,Pune Warriors,MJ Clarke,RV Uthappa,R Vinay Kumar,2,0,,,,,,"",""
ball,2,3.2,Pune Warriors,MJ Clarke,RV Uthappa,R Vinay Kumar,4,0,,,,,,"",""
ball,2,3.3,Pune Warriors,MJ Clarke,RV Uthappa,R Vinay Kumar,1,0,,,,,,"",""
ball,2,3.4,Pune Warriors,RV Uthappa,MJ Clarke,R Vinay Kumar,1,0,,,,,,"",""
ball,2,3.5,Pune Warriors,MJ Clarke,RV Uthappa,R Vinay Kumar,0,0,,,,,,caught,MJ Clarke
ball,2,3.6,Pune Warriors,RV Uthappa,AP Majumdar,R Vinay Kumar,4,0,,,,,,"",""
ball,2,4.1,Pune Warriors,AP Majumdar,RV Uthappa,HV Patel,0,0,,,,,,"",""
ball,2,4.2,Pune Warriors,AP Majumdar,RV Uthappa,HV Patel,1,0,,,,,,"",""
ball,2,4.3,Pune Warriors,AP Majumdar,RV Uthappa,HV Patel,1,0,,,,,,"",""
ball,2,4.4,Pune Warriors,RV Uthappa,AP Majumdar,HV Patel,4,0,,,,,,"",""
ball,2,4.5,Pune Warriors,RV Uthappa,AP Majumdar,HV Patel,2,0,,,,,,"",""
ball,2,4.6,Pune Warriors,RV Uthappa,AP Majumdar,HV Patel,4,0,,,,,,"",""
ball,2,5.1,Pune Warriors,AP Majumdar,RV Uthappa,KP Appanna,0,1,,,,1,,"",""
ball,2,5.2,Pune Warriors,RV Uthappa,AP Majumdar,KP Appanna,0,0,,,,,,"",""
ball,2,5.3,Pune Warriors,RV Uthappa,AP Majumdar,KP Appanna,1,0,,,,,,"",""
ball,2,5.4,Pune Warriors,AP Majumdar,RV Uthappa,KP Appanna,4,0,,,,,,"",""
ball,2,5.5,Pune Warriors,AP Majumdar,RV Uthappa,KP Appanna,2,0,,,,,,"",""
ball,2,5.6,Pune Warriors,AP Majumdar,RV Uthappa,KP Appanna,4,0,,,,,,"",""
ball,2,6.1,Pune Warriors,RV Uthappa,AP Majumdar,M Muralitharan,0,0,,,,,,"",""
ball,2,6.2,Pune Warriors,RV Uthappa,AP Majumdar,M Muralitharan,0,0,,,,,,"",""
ball,2,6.3,Pune Warriors,RV Uthappa,AP Majumdar,M Muralitharan,4,0,,,,,,"",""
ball,2,6.4,Pune Warriors,RV Uthappa,AP Majumdar,M Muralitharan,1,0,,,,,,"",""
ball,2,6.5,Pune Warriors,AP Majumdar,RV Uthappa,M Muralitharan,1,0,,,,,,"",""
ball,2,6.6,Pune Warriors,RV Uthappa,AP Majumdar,M Muralitharan,0,0,,,,,,"",""
ball,2,7.1,Pune Warriors,AP Majumdar,RV Uthappa,HV Patel,1,0,,,,,,"",""
ball,2,7.2,Pune Warriors,RV Uthappa,AP Majumdar,HV Patel,4,0,,,,,,"",""
ball,2,7.3,Pune Warriors,RV Uthappa,AP Majumdar,HV Patel,6,0,,,,,,"",""
ball,2,7.4,Pune Warriors,RV Uthappa,AP Majumdar,HV Patel,2,0,,,,,,"",""
ball,2,7.5,Pune Warriors,RV Uthappa,AP Majumdar,HV Patel,1,0,,,,,,"",""
ball,2,7.6,Pune Warriors,AP Majumdar,RV Uthappa,HV Patel,1,0,,,,,,"",""
ball,2,8.1,Pune Warriors,AP Majumdar,RV Uthappa,M Muralitharan,0,0,,,,,,"",""
ball,2,8.2,Pune Warriors,AP Majumdar,RV Uthappa,M Muralitharan,1,0,,,,,,"",""
ball,2,8.3,Pune Warriors,RV Uthappa,AP Majumdar,M Muralitharan,0,0,,,,,,stumped,RV Uthappa
ball,2,8.4,Pune Warriors,AD Mathews,AP Majumdar,M Muralitharan,0,0,,,,,,"",""
ball,2,8.5,Pune Warriors,AD Mathews,AP Majumdar,M Muralitharan,0,0,,,,,,"",""
ball,2,8.6,Pune Warriors,AD Mathews,AP Majumdar,M Muralitharan,1,0,,,,,,"",""
ball,2,9.1,Pune Warriors,AD Mathews,AP Majumdar,KP Appanna,0,0,,,,,,"",""
ball,2,9.2,Pune Warriors,AD Mathews,AP Majumdar,KP Appanna,0,0,,,,,,"",""
ball,2,9.3,Pune Warriors,AD Mathews,AP Majumdar,KP Appanna,1,0,,,,,,"",""
ball,2,9.4,Pune Warriors,AP Majumdar,AD Mathews,KP Appanna,0,1,1,,,,,"",""
ball,2,9.5,Pune Warriors,AP Majumdar,AD Mathews,KP Appanna,4,0,,,,,,"",""
ball,2,9.6,Pune Warriors,AP Majumdar,AD Mathews,KP Appanna,0,0,,,,,,"",""
ball,2,9.7,Pune Warriors,AP Majumdar,AD Mathews,KP Appanna,1,0,,,,,,"",""
ball,2,10.1,Pune Warriors,AP Majumdar,AD Mathews,M Muralitharan,1,0,,,,,,"",""
ball,2,10.2,Pune Warriors,AD Mathews,AP Majumdar,M Muralitharan,1,0,,,,,,"",""
ball,2,10.3,Pune Warriors,AP Majumdar,AD Mathews,M Muralitharan,0,0,,,,,,"",""
ball,2,10.4,Pune Warriors,AP Majumdar,AD Mathews,M Muralitharan,1,0,,,,,,"",""
ball,2,10.5,Pune Warriors,AD Mathews,AP Majumdar,M Muralitharan,0,0,,,,,,"",""
ball,2,10.6,Pune Warriors,AD Mathews,AP Majumdar,M Muralitharan,1,0,,,,,,"",""
ball,2,11.1,Pune Warriors,AD Mathews,AP Majumdar,KP Appanna,0,0,,,,,,stumped,AD Mathews
ball,2,11.2,Pune Warriors,SPD Smith,AP Majumdar,KP Appanna,2,0,,,,,,"",""
ball,2,11.3,Pune Warriors,SPD Smith,AP Majumdar,KP Appanna,0,0,,,,,,"",""
ball,2,11.4,Pune Warriors,SPD Smith,AP Majumdar,KP Appanna,0,0,,,,,,"",""
ball,2,11.5,Pune Warriors,SPD Smith,AP Majumdar,KP Appanna,1,0,,,,,,"",""
ball,2,11.6,Pune Warriors,AP Majumdar,SPD Smith,KP Appanna,1,0,,,,,,"",""
ball,2,12.1,Pune Warriors,AP Majumdar,SPD Smith,HV Patel,0,0,,,,,,"",""
ball,2,12.2,Pune Warriors,AP Majumdar,SPD Smith,HV Patel,4,0,,,,,,"",""
ball,2,12.3,Pune Warriors,AP Majumdar,SPD Smith,HV Patel,0,0,,,,,,"",""
ball,2,12.4,Pune Warriors,AP Majumdar,SPD Smith,HV Patel,1,0,,,,,,"",""
ball,2,12.5,Pune Warriors,SPD Smith,AP Majumdar,HV Patel,0,0,,,,,,"",""
ball,2,12.6,Pune Warriors,SPD Smith,AP Majumdar,HV Patel,1,0,,,,,,"",""
ball,2,13.1,Pune Warriors,SPD Smith,AP Majumdar,KP Appanna,1,0,,,,,,"",""
ball,2,13.2,Pune Warriors,AP Majumdar,SPD Smith,KP Appanna,1,0,,,,,,"",""
ball,2,13.3,Pune Warriors,SPD Smith,AP Majumdar,KP Appanna,1,0,,,,,,"",""
ball,2,13.4,Pune Warriors,AP Majumdar,SPD Smith,KP Appanna,1,0,,,,,,"",""
ball,2,13.5,Pune Warriors,SPD Smith,AP Majumdar,KP Appanna,4,0,,,,,,"",""
ball,2,13.6,Pune Warriors,SPD Smith,AP Majumdar,KP Appanna,0,0,,,,,,"",""
ball,2,14.1,Pune Warriors,AP Majumdar,SPD Smith,HV Patel,0,0,,,,,,caught,AP Majumdar
ball,2,14.2,Pune Warriors,SPD Smith,B Kumar,HV Patel,1,0,,,,,,"",""
ball,2,14.3,Pune Warriors,B Kumar,SPD Smith,HV Patel,1,0,,,,,,"",""
ball,2,14.4,Pune Warriors,SPD Smith,B Kumar,HV Patel,0,0,,,,,,"",""
ball,2,14.5,Pune Warriors,SPD Smith,B Kumar,HV Patel,1,0,,,,,,"",""
ball,2,14.6,Pune Warriors,B Kumar,SPD Smith,HV Patel,0,0,,,,,,"",""
ball,2,15.1,Pune Warriors,SPD Smith,B Kumar,M Muralitharan,1,0,,,,,,"",""
ball,2,15.2,Pune Warriors,B Kumar,SPD Smith,M Muralitharan,1,0,,,,,,"",""
ball,2,15.3,Pune Warriors,SPD Smith,B Kumar,M Muralitharan,0,0,,,,,,"",""
ball,2,15.4,Pune Warriors,SPD Smith,B Kumar,M Muralitharan,1,0,,,,,,"",""
ball,2,15.5,Pune Warriors,B Kumar,SPD Smith,M Muralitharan,0,0,,,,,,bowled,B Kumar
ball,2,15.6,Pune Warriors,AC Thomas,SPD Smith,M Muralitharan,1,0,,,,,,"",""
ball,2,16.1,Pune Warriors,AC Thomas,SPD Smith,Z Khan,1,0,,,,,,"",""
ball,2,16.2,Pune Warriors,SPD Smith,AC Thomas,Z Khan,1,0,,,,,,"",""
ball,2,16.3,Pune Warriors,AC Thomas,SPD Smith,Z Khan,1,0,,,,,,"",""
ball,2,16.4,Pune Warriors,SPD Smith,AC Thomas,Z Khan,0,1,,,,1,,"",""
ball,2,16.5,Pune Warriors,AC Thomas,SPD Smith,Z Khan,0,0,,,,,,"",""
ball,2,16.6,Pune Warriors,AC Thomas,SPD Smith,Z Khan,4,0,,,,,,"",""
ball,2,17.1,Pune Warriors,SPD Smith,AC Thomas,R Vinay Kumar,1,0,,,,,,"",""
ball,2,17.2,Pune Warriors,AC Thomas,SPD Smith,R Vinay Kumar,0,0,,,,,,bowled,AC Thomas
ball,2,17.3,Pune Warriors,R Sharma,SPD Smith,R Vinay Kumar,0,1,,,,1,,"",""
ball,2,17.4,Pune Warriors,SPD Smith,R Sharma,R Vinay Kumar,2,0,,,,,,"",""
ball,2,17.5,Pune Warriors,SPD Smith,R Sharma,R Vinay Kumar,1,0,,,,,,"",""
ball,2,17.6,Pune Warriors,R Sharma,SPD Smith,R Vinay Kumar,0,0,,,,,,bowled,R Sharma
ball,2,18.1,Pune Warriors,SPD Smith,K Upadhyay,Z Khan,1,0,,,,,,"",""
ball,2,18.2,Pune Warriors,K Upadhyay,SPD Smith,Z Khan,2,0,,,,,,"",""
ball,2,18.3,Pune Warriors,K Upadhyay,SPD Smith,Z Khan,0,0,,,,,,"",""
ball,2,18.4,Pune Warriors,K Upadhyay,SPD Smith,Z Khan,1,0,,,,,,"",""
ball,2,18.5,Pune Warriors,SPD Smith,K Upadhyay,Z Khan,1,0,,,,,,"",""
ball,2,18.6,Pune Warriors,K Upadhyay,SPD Smith,Z Khan,1,0,,,,,,"",""
ball,2,19.1,Pune Warriors,K Upadhyay,SPD Smith,R Vinay Kumar,6,0,,,,,,"",""
ball,2,19.2,Pune Warriors,K Upadhyay,SPD Smith,R Vinay Kumar,0,0,,,,,,"",""
ball,2,19.3,Pune Warriors,K Upadhyay,SPD Smith,R Vinay Kumar,0,0,,,,,,"",""
ball,2,19.4,Pune Warriors,K Upadhyay,SPD Smith,R Vinay Kumar,1,0,,,,,,"",""
ball,2,19.5,Pune Warriors,SPD Smith,K Upadhyay,R Vinay Kumar,2,0,,,,,,"",""
ball,2,19.6,Pune Warriors,SPD Smith,K Upadhyay,R Vinay Kumar,1,0,,,,,,"",""
