version,1.6.0
info,balls_per_over,6
info,team,Kings XI Punjab
info,team,Royal Challengers Bangalore
info,gender,male
info,season,2012
info,date,2012/04/20
info,event,Indian Premier League
info,match_number,25
info,venue,"Punjab Cricket Association Stadium, Mohali"
info,city,Chandigarh
info,toss_winner,Royal Challengers Bangalore
info,toss_decision,field
info,player_of_match,CH Gayle
info,umpire,S Ravi
info,umpire,RJ Tucker
info,reserve_umpire,B Vij
info,tv_umpire,JD Cloete
info,match_referee,RS Mahanama
info,winner,Royal Challengers Bangalore
info,winner_wickets,5
info,player,Kings XI Punjab,N Saini
info,player,Kings XI Punjab,PC Valthaty
info,player,Kings XI Punjab,SE Marsh
info,player,Kings XI Punjab,DJ Hussey
info,player,Kings XI Punjab,DA Miller
info,player,Kings XI Punjab,Mandeep Singh
info,player,Kings XI Punjab,Azhar Mahmood
info,player,Kings XI Punjab,PP Chawla
info,player,Kings XI Punjab,P Awana
info,player,Kings XI Punjab,P Kumar
info,player,Kings XI Punjab,Harmeet Singh
info,player,Royal Challengers Bangalore,MA Agarwal
info,player,Royal Challengers Bangalore,CH Gayle
info,player,Royal Challengers Bangalore,V Kohli
info,player,Royal Challengers Bangalore,SS Tiwary
info,player,Royal Challengers Bangalore,AB de Villiers
info,player,Royal Challengers Bangalore,AB McDonald
info,player,Royal Challengers Bangalore,DL Vettori
info,player,Royal Challengers Bangalore,KB Arun Karthik
info,player,Royal Challengers Bangalore,R Vinay Kumar
info,player,Royal Challengers Bangalore,HV Patel
info,player,Royal Challengers Bangalore,Z Khan
info,registry,people,AB McDonald,16043342
info,registry,people,AB de Villiers,c4487b84
info,registry,people,Azhar Mahmood,9a158001
info,registry,people,B Vij,470050ff
info,registry,people,CH Gayle,db584dad
info,registry,people,DA Miller,d67d5f00
info,registry,people,DJ Hussey,fd835ab3
info,registry,people,DL Vettori,d7c6af50
info,registry,people,HV Patel,f986ca1a
info,registry,people,Harmeet Singh,2a72fd4f
info,registry,people,JD Cloete,b0419f8c
info,registry,people,KB Arun Karthik,7daedf2f
info,registry,people,MA Agarwal,00ea847a
info,registry,people,Mandeep Singh,c3a96caf
info,registry,people,N Saini,addbde6c
info,registry,people,P Awana,1a0c3177
info,registry,people,P Kumar,e938e1bc
info,registry,people,PC Valthaty,25eeb281
info,registry,people,PP Chawla,98ae73b1
info,registry,people,R Vinay Kumar,41eb4a4f
info,registry,people,RJ Tucker,38810cfc
info,registry,people,RS Mahanama,57910393
info,registry,people,S Ravi,9b9ee0df
info,registry,people,SE Marsh,508a1ea7
info,registry,people,SS Tiwary,709b0bac
info,registry,people,V Kohli,ba607b88
info,registry,people,Z Khan,91a4a398
ball,1,0.1,Kings XI Punjab,N Saini,PC Valthaty,Z Khan,2,0,,,,,,"",""
ball,1,0.2,Kings XI Punjab,N Saini,PC Valthaty,Z Khan,0,0,,,,,,"",""
ball,1,0.3,Kings XI Punjab,N Saini,PC Valthaty,Z Khan,0,0,,,,,,"",""
ball,1,0.4,Kings XI Punjab,N Saini,PC Valthaty,Z Khan,0,0,,,,,,"",""
ball,1,0.5,Kings XI Punjab,N Saini,PC Valthaty,Z Khan,1,0,,,,,,"",""
ball,1,0.6,Kings XI Punjab,PC Valthaty,N Saini,Z Khan,0,0,,,,,,"",""
ball,1,1.1,Kings XI Punjab,N Saini,PC Valthaty,R Vinay Kumar,2,0,,,,,,"",""
ball,1,1.2,Kings XI Punjab,N Saini,PC Valthaty,R Vinay Kumar,4,0,,,,,,"",""
ball,1,1.3,Kings XI Punjab,N Saini,PC Valthaty,R Vinay Kumar,1,0,,,,,,"",""
ball,1,1.4,Kings XI Punjab,PC Valthaty,N Saini,R Vinay Kumar,0,0,,,,,,"",""
ball,1,1.5,Kings XI Punjab,PC Valthaty,N Saini,R Vinay Kumar,0,0,,,,,,"",""
ball,1,1.6,Kings XI Punjab,PC Valthaty,N Saini,R Vinay Kumar,0,0,,,,,,"",""
ball,1,2.1,Kings XI Punjab,N Saini,PC Valthaty,Z Khan,0,0,,,,,,"",""
ball,1,2.2,Kings XI Punjab,N Saini,PC Valthaty,Z Khan,2,0,,,,,,"",""
ball,1,2.3,Kings XI Punjab,N Saini,PC Valthaty,Z Khan,2,0,,,,,,"",""
ball,1,2.4,Kings XI Punjab,N Saini,PC Valthaty,Z Khan,0,0,,,,,,bowled,N Saini
ball,1,2.5,Kings XI Punjab,SE Marsh,PC Valthaty,Z Khan,1,0,,,,,,"",""
ball,1,2.6,Kings XI Punjab,PC Valthaty,SE Marsh,Z Khan,0,0,,,,,,"",""
ball,1,3.1,Kings XI Punjab,SE Marsh,PC Valthaty,R Vinay Kumar,0,0,,,,,,"",""
ball,1,3.2,Kings XI Punjab,SE Marsh,PC Valthaty,R Vinay Kumar,0,0,,,,,,"",""
ball,1,3.3,Kings XI Punjab,SE Marsh,PC Valthaty,R Vinay Kumar,4,0,,,,,,"",""
ball,1,3.4,Kings XI Punjab,SE Marsh,PC Valthaty,R Vinay Kumar,1,0,,,,,,"",""
ball,1,3.5,Kings XI Punjab,PC Valthaty,SE Marsh,R Vinay Kumar,0,0,,,,,,"",""
ball,1,3.6,Kings XI Punjab,PC Valthaty,SE Marsh,R Vinay Kumar,0,0,,,,,,"",""
ball,1,4.1,Kings XI Punjab,SE Marsh,PC Valthaty,Z Khan,1,0,,,,,,"",""
ball,1,4.2,Kings XI Punjab,PC Valthaty,SE Marsh,Z Khan,2,0,,,,,,"",""
ball,1,4.3,Kings XI Punjab,PC Valthaty,SE Marsh,Z Khan,4,0,,,,,,"",""
ball,1,4.4,Kings XI Punjab,PC Valthaty,SE Marsh,Z Khan,0,0,,,,,,"",""
ball,1,4.5,Kings XI Punjab,PC Valthaty,SE Marsh,Z Khan,0,0,,,,,,"",""
ball,1,4.6,Kings XI Punjab,PC Valthaty,SE Marsh,Z Khan,0,0,,,,,,caught,PC Valthaty
ball,1,5.1,Kings XI Punjab,DJ Hussey,SE Marsh,HV Patel,1,0,,,,,,"",""
ball,1,5.2,Kings XI Punjab,SE Marsh,DJ Hussey,HV Patel,4,0,,,,,,"",""
ball,1,5.3,Kings XI Punjab,SE Marsh,DJ Hussey,HV Patel,4,0,,,,,,"",""
ball,1,5.4,Kings XI Punjab,SE Marsh,DJ Hussey,HV Patel,0,0,,,,,,"",""
ball,1,5.5,Kings XI Punjab,SE Marsh,DJ Hussey,HV Patel,1,0,,,,,,"",""
ball,1,5.6,Kings XI Punjab,DJ Hussey,SE Marsh,HV Patel,4,0,,,,,,"",""
ball,1,6.1,Kings XI Punjab,SE Marsh,DJ Hussey,AB McDonald,1,0,,,,,,"",""
ball,1,6.2,Kings XI Punjab,DJ Hussey,SE Marsh,AB McDonald,1,0,,,,,,"",""
ball,1,6.3,Kings XI Punjab,SE Marsh,DJ Hussey,AB McDonald,1,0,,,,,,"",""
ball,1,6.4,Kings XI Punjab,DJ Hussey,SE Marsh,AB McDonald,1,0,,,,,,"",""
ball,1,6.5,Kings XI Punjab,SE Marsh,DJ Hussey,AB McDonald,0,0,,,,,,"",""
ball,1,6.6,Kings XI Punjab,SE Marsh,DJ Hussey,AB McDonald,6,0,,,,,,"",""
ball,1,7.1,Kings XI Punjab,DJ Hussey,SE Marsh,DL Vettori,2,0,,,,,,"",""
ball,1,7.2,Kings XI Punjab,DJ Hussey,SE Marsh,DL Vettori,1,0,,,,,,"",""
ball,1,7.3,Kings XI Punjab,SE Marsh,DJ Hussey,DL Vettori,1,0,,,,,,"",""
ball,1,7.4,Kings XI Punjab,DJ Hussey,SE Marsh,DL Vettori,0,0,,,,,,"",""
ball,1,7.5,Kings XI Punjab,DJ Hussey,SE Marsh,DL Vettori,1,0,,,,,,"",""
ball,1,7.6,Kings XI Punjab,SE Marsh,DJ Hussey,DL Vettori,1,0,,,,,,"",""
ball,1,8.1,Kings XI Punjab,SE Marsh,DJ Hussey,AB McDonald,0,0,,,,,,bowled,SE Marsh
ball,1,8.2,Kings XI Punjab,DA Miller,DJ Hussey,AB McDonald,1,0,,,,,,"",""
ball,1,8.3,Kings XI Punjab,DJ Hussey,DA Miller,AB McDonald,0,1,,,,1,,"",""
ball,1,8.4,Kings XI Punjab,DA Miller,DJ Hussey,AB McDonald,1,0,,,,,,"",""
ball,1,8.5,Kings XI Punjab,DJ Hussey,DA Miller,AB McDonald,0,1,1,,,,,"",""
ball,1,8.6,Kings XI Punjab,DJ Hussey,DA Miller,AB McDonald,2,0,,,,,,"",""
ball,1,8.7,Kings XI Punjab,DJ Hussey,DA Miller,AB McDonald,1,0,,,,,,"",""
ball,1,9.1,Kings XI Punjab,DJ Hussey,DA Miller,DL Vettori,0,0,,,,,,"",""
ball,1,9.2,Kings XI Punjab,DJ Hussey,DA Miller,DL Vettori,4,0,,,,,,"",""
ball,1,9.3,Kings XI Punjab,DJ Hussey,DA Miller,DL Vettori,0,0,,,,,,"",""
ball,1,9.4,Kings XI Punjab,DJ Hussey,DA Miller,DL Vettori,2,0,,,,,,"",""
ball,1,9.5,Kings XI Punjab,DJ Hussey,DA Miller,DL Vettori,0,0,,,,,,"",""
ball,1,9.6,Kings XI Punjab,DJ Hussey,DA Miller,DL Vettori,0,0,,,,,,"",""
ball,1,10.1,Kings XI Punjab,DA Miller,DJ Hussey,AB McDonald,1,0,,,,,,"",""
ball,1,10.2,Kings XI Punjab,DJ Hussey,DA Miller,AB McDonald,1,0,,,,,,"",""
ball,1,10.3,Kings XI Punjab,DA Miller,DJ Hussey,AB McDonald,0,1,,,1,,,"",""
ball,1,10.4,Kings XI Punjab,DJ Hussey,DA Miller,AB McDonald,1,0,,,,,,"",""
ball,1,10.5,Kings XI Punjab,DA Miller,DJ Hussey,AB McDonald,1,0,,,,,,"",""
ball,1,10.6,Kings XI Punjab,DJ Hussey,DA Miller,AB McDonald,0,0,,,,,,"",""
ball,1,11.1,Kings XI Punjab,DA Miller,DJ Hussey,DL Vettori,0,1,,,,1,,"",""
ball,1,11.2,Kings XI Punjab,DJ Hussey,DA Miller,DL Vettori,0,0,,,,,,"",""
ball,1,11.3,Kings XI Punjab,DJ Hussey,DA Miller,DL Vettori,1,0,,,,,,"",""
ball,1,11.4,Kings XI Punjab,DA Miller,DJ Hussey,DL Vettori,0,1,1,,,,,"",""
ball,1,11.5,Kings XI Punjab,DA Miller,DJ Hussey,DL Vettori,1,0,,,,,,"",""
ball,1,11.6,Kings XI Punjab,DJ Hussey,DA Miller,DL Vettori,1,0,,,,,,"",""
ball,1,11.7,Kings XI Punjab,DA Miller,DJ Hussey,DL Vettori,1,0,,,,,,"",""
ball,1,12.1,Kings XI Punjab,DA Miller,DJ Hussey,HV Patel,0,1,,,,1,,"",""
ball,1,12.2,Kings XI Punjab,DJ Hussey,DA Miller,HV Patel,0,0,,,,,,"",""
ball,1,12.3,Kings XI Punjab,DJ Hussey,DA Miller,HV Patel,2,0,,,,,,"",""
ball,1,12.4,Kings XI Punjab,DJ Hussey,DA Miller,HV Patel,4,0,,,,,,"",""
ball,1,12.5,Kings XI Punjab,DJ Hussey,DA Miller,HV Patel,1,0,,,,,,"",""
ball,1,12.6,Kings XI Punjab,DA Miller,DJ Hussey,HV Patel,0,0,,,,,,"",""
ball,1,13.1,Kings XI Punjab,DJ Hussey,DA Miller,AB McDonald,1,0,,,,,,"",""
ball,1,13.2,Kings XI Punjab,DA Miller,DJ Hussey,AB McDonald,1,0,,,,,,"",""
ball,1,13.3,Kings XI Punjab,DJ Hussey,DA Miller,AB McDonald,1,0,,,,,,"",""
ball,1,13.4,Kings XI Punjab,DA Miller,DJ Hussey,AB McDonald,1,0,,,,,,"",""
ball,1,13.5,Kings XI Punjab,DJ Hussey,DA Miller,AB McDonald,1,0,,,,,,"",""
ball,1,13.6,Kings XI Punjab,DA Miller,DJ Hussey,AB McDonald,0,0,,,,,,caught,DA Miller
ball,1,14.1,Kings XI Punjab,DJ Hussey,Mandeep Singh,HV Patel,0,1,1,,,,,"",""
ball,1,14.2,Kings XI Punjab,DJ Hussey,Mandeep Singh,HV Patel,2,0,,,,,,"",""
ball,1,14.3,Kings XI Punjab,DJ Hussey,Mandeep Singh,HV Patel,1,0,,,,,,"",""
ball,1,14.4,Kings XI Punjab,Mandeep Singh,DJ Hussey,HV Patel,2,0,,,,,,"",""
ball,1,14.5,Kings XI Punjab,Mandeep Singh,DJ Hussey,HV Patel,1,0,,,,,,"",""
ball,1,14.6,Kings XI Punjab,DJ Hussey,Mandeep Singh,HV Patel,4,0,,,,,,"",""
ball,1,14.7,Kings XI Punjab,DJ Hussey,Mandeep Singh,HV Patel,0,0,,,,,,bowled,DJ Hussey
ball,1,15.1,Kings XI Punjab,Mandeep Singh,Azhar Mahmood,DL Vettori,1,0,,,,,,"",""
ball,1,15.2,Kings XI Punjab,Azhar Mahmood,Mandeep Singh,DL Vettori,1,0,,,,,,"",""
ball,1,15.3,Kings XI Punjab,Mandeep Singh,Azhar Mahmood,DL Vettori,2,0,,,,,,"",""
ball,1,15.4,Kings XI Punjab,Mandeep Singh,Azhar Mahmood,DL Vettori,1,0,,,,,,"",""
ball,1,15.5,Kings XI Punjab,Azhar Mahmood,Mandeep Singh,DL Vettori,1,0,,,,,,"",""
ball,1,15.6,Kings XI Punjab,Mandeep Singh,Azhar Mahmood,DL Vettori,1,0,,,,,,"",""
ball,1,16.1,Kings XI Punjab,Mandeep Singh,Azhar Mahmood,HV Patel,1,0,,,,,,"",""
ball,1,16.2,Kings XI Punjab,Azhar Mahmood,Mandeep Singh,HV Patel,0,0,,,,,,"",""
ball,1,16.3,Kings XI Punjab,Azhar Mahmood,Mandeep Singh,HV Patel,1,0,,,,,,"",""
ball,1,16.4,Kings XI Punjab,Mandeep Singh,Azhar Mahmood,HV Patel,0,1,,,,1,,"",""
ball,1,16.5,Kings XI Punjab,Azhar Mahmood,Mandeep Singh,HV Patel,4,0,,,,,,"",""
ball,1,16.6,Kings XI Punjab,Azhar Mahmood,Mandeep Singh,HV Patel,6,0,,,,,,"",""
ball,1,17.1,Kings XI Punjab,Mandeep Singh,Azhar Mahmood,R Vinay Kumar,2,0,,,,,,"",""
ball,1,17.2,Kings XI Punjab,Mandeep Singh,Azhar Mahmood,R Vinay Kumar,1,0,,,,,,"",""
ball,1,17.3,Kings XI Punjab,Azhar Mahmood,Mandeep Singh,R Vinay Kumar,4,0,,,,,,"",""
ball,1,17.4,Kings XI Punjab,Azhar Mahmood,Mandeep Singh,R Vinay Kumar,2,0,,,,,,"",""
ball,1,17.5,Kings XI Punjab,Azhar Mahmood,Mandeep Singh,R Vinay Kumar,4,0,,,,,,"",""
ball,1,17.6,Kings XI Punjab,Azhar Mahmood,Mandeep Singh,R Vinay Kumar,1,0,,,,,,"",""
ball,1,18.1,Kings XI Punjab,Azhar Mahmood,Mandeep Singh,Z Khan,1,0,,,,,,"",""
ball,1,18.2,Kings XI Punjab,Mandeep Singh,Azhar Mahmood,Z Khan,3,0,,,,,,"",""
ball,1,18.3,Kings XI Punjab,Azhar Mahmood,Mandeep Singh,Z Khan,1,0,,,,,,"",""
ball,1,18.4,Kings XI Punjab,Mandeep Singh,Azhar Mahmood,Z Khan,2,0,,,,,,"",""
ball,1,18.5,Kings XI Punjab,Mandeep Singh,Azhar Mahmood,Z Khan,2,0,,,,,,"",""
ball,1,18.6,Kings XI Punjab,Mandeep Singh,Azhar Mahmood,Z Khan,1,0,,,,,,"",""
ball,1,19.1,Kings XI Punjab,Mandeep Singh,Azhar Mahmood,R Vinay Kumar,0,0,,,,,,caught,Mandeep Singh
ball,1,19.2,Kings XI Punjab,Azhar Mahmood,PP Chawla,R Vinay Kumar,6,0,,,,,,"",""
ball,1,19.3,Kings XI Punjab,Azhar Mahmood,PP Chawla,R Vinay Kumar,1,0,,,,,,"",""
ball,1,19.4,Kings XI Punjab,PP Chawla,Azhar Mahmood,R Vinay Kumar,4,0,,,,,,"",""
ball,1,19.5,Kings XI Punjab,PP Chawla,Azhar Mahmood,R Vinay Kumar,2,0,,,,,,"",""
ball,1,19.6,Kings XI Punjab,PP Chawla,Azhar Mahmood,R Vinay Kumar,1,0,,,,,,"",""
ball,2,0.1,Royal Challengers Bangalore,MA Agarwal,CH Gayle,P Kumar,0,0,,,,,,"",""
ball,2,0.2,Royal Challengers Bangalore,MA Agarwal,CH Gayle,P Kumar,1,0,,,,,,"",""
ball,2,0.3,Royal Challengers Bangalore,CH Gayle,MA Agarwal,P Kumar,0,0,,,,,,"",""
ball,2,0.4,Royal Challengers Bangalore,CH Gayle,MA Agarwal,P Kumar,0,0,,,,,,"",""
ball,2,0.5,Royal Challengers Bangalore,CH Gayle,MA Agarwal,P Kumar,0,0,,,,,,"",""
ball,2,0.6,Royal Challengers Bangalore,CH Gayle,MA Agarwal,P Kumar,0,1,1,,,,,"",""
ball,2,0.7,Royal Challengers Bangalore,CH Gayle,MA Agarwal,P Kumar,1,0,,,,,,"",""
ball,2,1.1,Royal Challengers Bangalore,CH Gayle,MA Agarwal,P Awana,1,0,,,,,,"",""
ball,2,1.2,Royal Challengers Bangalore,MA Agarwal,CH Gayle,P Awana,0,0,,,,,,lbw,MA Agarwal
ball,2,1.3,Royal Challengers Bangalore,V Kohli,CH Gayle,P Awana,4,0,,,,,,"",""
ball,2,1.4,Royal Challengers Bangalore,V Kohli,CH Gayle,P Awana,0,0,,,,,,"",""
ball,2,1.5,Royal Challengers Bangalore,V Kohli,CH Gayle,P Awana,0,0,,,,,,"",""
ball,2,1.6,Royal Challengers Bangalore,V Kohli,CH Gayle,P Awana,0,0,,,,,,caught,V Kohli
ball,2,2.1,Royal Challengers Bangalore,CH Gayle,SS Tiwary,P Kumar,0,1,1,,,,,"",""
ball,2,2.2,Royal Challengers Bangalore,CH Gayle,SS Tiwary,P Kumar,0,0,,,,,,"",""
ball,2,2.3,Royal Challengers Bangalore,CH Gayle,SS Tiwary,P Kumar,4,0,,,,,,"",""
ball,2,2.4,Royal Challengers Bangalore,CH Gayle,SS Tiwary,P Kumar,4,0,,,,,,"",""
ball,2,2.5,Royal Challengers Bangalore,CH Gayle,SS Tiwary,P Kumar,0,0,,,,,,"",""
ball,2,2.6,Royal Challengers Bangalore,CH Gayle,SS Tiwary,P Kumar,0,0,,,,,,"",""
ball,2,2.7,Royal Challengers Bangalore,CH Gayle,SS Tiwary,P Kumar,0,0,,,,,,"",""
ball,2,3.1,Royal Challengers Bangalore,SS Tiwary,CH Gayle,P Awana,0,0,,,,,,"",""
ball,2,3.2,Royal Challengers Bangalore,SS Tiwary,CH Gayle,P Awana,1,0,,,,,,"",""
ball,2,3.3,Royal Challengers Bangalore,CH Gayle,SS Tiwary,P Awana,0,0,,,,,,"",""
ball,2,3.4,Royal Challengers Bangalore,CH Gayle,SS Tiwary,P Awana,0,0,,,,,,"",""
ball,2,3.5,Royal Challengers Bangalore,CH Gayle,SS Tiwary,P Awana,0,0,,,,,,"",""
ball,2,3.6,Royal Challengers Bangalore,CH Gayle,SS Tiwary,P Awana,0,0,,,,,,"",""
ball,2,4.1,Royal Challengers Bangalore,SS Tiwary,CH Gayle,P Kumar,1,0,,,,,,"",""
ball,2,4.2,Royal Challengers Bangalore,CH Gayle,SS Tiwary,P Kumar,1,0,,,,,,"",""
ball,2,4.3,Royal Challengers Bangalore,SS Tiwary,CH Gayle,P Kumar,0,0,,,,,,"",""
ball,2,4.4,Royal Challengers Bangalore,SS Tiwary,CH Gayle,P Kumar,1,0,,,,,,"",""
ball,2,4.5,Royal Challengers Bangalore,CH Gayle,SS Tiwary,P Kumar,3,0,,,,,,"",""
ball,2,4.6,Royal Challengers Bangalore,SS Tiwary,CH Gayle,P Kumar,1,0,,,,,,"",""
ball,2,5.1,Royal Challengers Bangalore,SS Tiwary,CH Gayle,P Awana,0,0,,,,,,caught,SS Tiwary
ball,2,5.2,Royal Challengers Bangalore,AB de Villiers,CH Gayle,P Awana,0,0,,,,,,"",""
ball,2,5.3,Royal Challengers Bangalore,AB de Villiers,CH Gayle,P Awana,3,0,,,,,,"",""
ball,2,5.4,Royal Challengers Bangalore,CH Gayle,AB de Villiers,P Awana,4,0,,,,,,"",""
ball,2,5.5,Royal Challengers Bangalore,CH Gayle,AB de Villiers,P Awana,4,0,,,,,,"",""
ball,2,5.6,Royal Challengers Bangalore,CH Gayle,AB de Villiers,P Awana,0,0,,,,,,"",""
ball,2,6.1,Royal Challengers Bangalore,AB de Villiers,CH Gayle,PP Chawla,1,0,,,,,,"",""
ball,2,6.2,Royal Challengers Bangalore,CH Gayle,AB de Villiers,PP Chawla,0,0,,,,,,"",""
ball,2,6.3,Royal Challengers Bangalore,CH Gayle,AB de Villiers,PP Chawla,1,0,,,,,,"",""
ball,2,6.4,Royal Challengers Bangalore,AB de Villiers,CH Gayle,PP Chawla,1,0,,,,,,"",""
ball,2,6.5,Royal Challengers Bangalore,CH Gayle,AB de Villiers,PP Chawla,0,0,,,,,,"",""
ball,2,6.6,Royal Challengers Bangalore,CH Gayle,AB de Villiers,PP Chawla,0,0,,,,,,"",""
ball,2,7.1,Royal Challengers Bangalore,AB de Villiers,CH Gayle,Harmeet Singh,1,0,,,,,,"",""
ball,2,7.2,Royal Challengers Bangalore,CH Gayle,AB de Villiers,Harmeet Singh,2,0,,,,,,"",""
ball,2,7.3,Royal Challengers Bangalore,CH Gayle,AB de Villiers,Harmeet Singh,1,0,,,,,,"",""
ball,2,7.4,Royal Challengers Bangalore,AB de Villiers,CH Gayle,Harmeet Singh,1,0,,,,,,"",""
ball,2,7.5,Royal Challengers Bangalore,CH Gayle,AB de Villiers,Harmeet Singh,2,0,,,,,,"",""
ball,2,7.6,Royal Challengers Bangalore,CH Gayle,AB de Villiers,Harmeet Singh,2,0,,,,,,"",""
ball,2,8.1,Royal Challengers Bangalore,AB de Villiers,CH Gayle,PP Chawla,2,0,,,,,,"",""
ball,2,8.2,Royal Challengers Bangalore,AB de Villiers,CH Gayle,PP Chawla,1,0,,,,,,"",""
ball,2,8.3,Royal Challengers Bangalore,CH Gayle,AB de Villiers,PP Chawla,1,0,,,,,,"",""
ball,2,8.4,Royal Challengers Bangalore,AB de Villiers,CH Gayle,PP Chawla,1,0,,,,,,"",""
ball,2,8.5,Royal Challengers Bangalore,CH Gayle,AB de Villiers,PP Chawla,6,0,,,,,,"",""
ball,2,8.6,Royal Challengers Bangalore,CH Gayle,AB de Villiers,PP Chawla,1,0,,,,,,"",""
ball,2,9.1,Royal Challengers Bangalore,CH Gayle,AB de Villiers,Harmeet Singh,1,0,,,,,,"",""
ball,2,9.2,Royal Challengers Bangalore,AB de Villiers,CH Gayle,Harmeet Singh,4,0,,,,,,"",""
ball,2,9.3,Royal Challengers Bangalore,AB de Villiers,CH Gayle,Harmeet Singh,4,0,,,,,,"",""
ball,2,9.4,Royal Challengers Bangalore,AB de Villiers,CH Gayle,Harmeet Singh,2,0,,,,,,"",""
ball,2,9.5,Royal Challengers Bangalore,AB de Villiers,CH Gayle,Harmeet Singh,0,0,,,,,,"",""
ball,2,9.6,Royal Challengers Bangalore,AB de Villiers,CH Gayle,Harmeet Singh,1,0,,,,,,"",""
ball,2,10.1,Royal Challengers Bangalore,AB de Villiers,CH Gayle,Azhar Mahmood,1,0,,,,,,"",""
ball,2,10.2,Royal Challengers Bangalore,CH Gayle,AB de Villiers,Azhar Mahmood,0,0,,,,,,"",""
ball,2,10.3,Royal Challengers Bangalore,CH Gayle,AB de Villiers,Azhar Mahmood,0,0,,,,,,"",""
ball,2,10.4,Royal Challengers Bangalore,CH Gayle,AB de Villiers,Azhar Mahmood,1,0,,,,,,"",""
ball,2,10.5,Royal Challengers Bangalore,AB de Villiers,CH Gayle,Azhar Mahmood,1,0,,,,,,"",""
ball,2,10.6,Royal Challengers Bangalore,CH Gayle,AB de Villiers,Azhar Mahmood,1,0,,,,,,"",""
ball,2,11.1,Royal Challengers Bangalore,CH Gayle,AB de Villiers,Harmeet Singh,2,0,,,,,,"",""
ball,2,11.2,Royal Challengers Bangalore,CH Gayle,AB de Villiers,Harmeet Singh,4,0,,,,,,"",""
ball,2,11.3,Royal Challengers Bangalore,CH Gayle,AB de Villiers,Harmeet Singh,1,0,,,,,,"",""
ball,2,11.4,Royal Challengers Bangalore,AB de Villiers,CH Gayle,Harmeet Singh,1,0,,,,,,"",""
ball,2,11.5,Royal Challengers Bangalore,CH Gayle,AB de Villiers,Harmeet Singh,1,0,,,,,,"",""
ball,2,11.6,Royal Challengers Bangalore,AB de Villiers,CH Gayle,Harmeet Singh,1,0,,,,,,"",""
ball,2,12.1,Royal Challengers Bangalore,AB de Villiers,CH Gayle,Azhar Mahmood,0,0,,,,,,"",""
ball,2,12.2,Royal Challengers Bangalore,AB de Villiers,CH Gayle,Azhar Mahmood,1,0,,,,,,"",""
ball,2,12.3,Royal Challengers Bangalore,CH Gayle,AB de Villiers,Azhar Mahmood,2,0,,,,,,"",""
ball,2,12.4,Royal Challengers Bangalore,CH Gayle,AB de Villiers,Azhar Mahmood,1,0,,,,,,"",""
ball,2,12.5,Royal Challengers Bangalore,AB de Villiers,CH Gayle,Azhar Mahmood,4,0,,,,,,"",""
ball,2,12.6,Royal Challengers Bangalore,AB de Villiers,CH Gayle,Azhar Mahmood,4,0,,,,,,"",""
ball,2,13.1,Royal Challengers Bangalore,CH Gayle,AB de Villiers,Harmeet Singh,0,1,1,,,,,"",""
ball,2,13.2,Royal Challengers Bangalore,CH Gayle,AB de Villiers,Harmeet Singh,0,0,,,,,,"",""
ball,2,13.3,Royal Challengers Bangalore,CH Gayle,AB de Villiers,Harmeet Singh,6,0,,,,,,"",""
ball,2,13.4,Royal Challengers Bangalore,CH Gayle,AB de Villiers,Harmeet Singh,1,0,,,,,,"",""
ball,2,13.5,Royal Challengers Bangalore,AB de Villiers,CH Gayle,Harmeet Singh,4,0,,,,,,"",""
ball,2,13.6,Royal Challengers Bangalore,AB de Villiers,CH Gayle,Harmeet Singh,2,0,,,,,,"",""
ball,2,13.7,Royal Challengers Bangalore,AB de Villiers,CH Gayle,Harmeet Singh,1,0,,,,,,"",""
ball,2,14.1,Royal Challengers Bangalore,AB de Villiers,CH Gayle,PP Chawla,0,0,,,,,,"",""
ball,2,14.2,Royal Challengers Bangalore,AB de Villiers,CH Gayle,PP Chawla,0,0,,,,,,"",""
ball,2,14.3,Royal Challengers Bangalore,AB de Villiers,CH Gayle,PP Chawla,1,0,,,,,,"",""
ball,2,14.4,Royal Challengers Bangalore,CH Gayle,AB de Villiers,PP Chawla,1,0,,,,,,"",""
ball,2,14.5,Royal Challengers Bangalore,AB de Villiers,CH Gayle,PP Chawla,0,0,,,,,,"",""
ball,2,14.6,Royal Challengers Bangalore,AB de Villiers,CH Gayle,PP Chawla,1,0,,,,,,"",""
ball,2,15.1,Royal Challengers Bangalore,AB de Villiers,CH Gayle,P Kumar,0,1,1,,,,,"",""
ball,2,15.2,Royal Challengers Bangalore,AB de Villiers,CH Gayle,P Kumar,1,0,,,,,,"",""
ball,2,15.3,Royal Challengers Bangalore,CH Gayle,AB de Villiers,P Kumar,4,0,,,,,,"",""
ball,2,15.4,Royal Challengers Bangalore,CH Gayle,AB de Villiers,P Kumar,6,0,,,,,,"",""
ball,2,15.5,Royal Challengers Bangalore,CH Gayle,AB de Villiers,P Kumar,1,0,,,,,,"",""
ball,2,15.6,Royal Challengers Bangalore,AB de Villiers,CH Gayle,P Kumar,1,0,,,,,,"",""
ball,2,15.7,Royal Challengers Bangalore,CH Gayle,AB de Villiers,P Kumar,0,1,1,,,,,"",""
ball,2,15.8,Royal Challengers Bangalore,CH Gayle,AB de Villiers,P Kumar,1,0,,,,,,"",""
ball,2,16.1,Royal Challengers Bangalore,CH Gayle,AB de Villiers,Azhar Mahmood,1,0,,,,,,"",""
ball,2,16.2,Royal Challengers Bangalore,AB de Villiers,CH Gayle,Azhar Mahmood,0,0,,,,,,"",""
ball,2,16.3,Royal Challengers Bangalore,AB de Villiers,CH Gayle,Azhar Mahmood,0,1,1,,,,,"",""
ball,2,16.4,Royal Challengers Bangalore,AB de Villiers,CH Gayle,Azhar Mahmood,2,0,,,,,,"",""
ball,2,16.5,Royal Challengers Bangalore,AB de Villiers,CH Gayle,Azhar Mahmood,0,0,,,,,,"",""
ball,2,16.6,Royal Challengers Bangalore,AB de Villiers,CH Gayle,Azhar Mahmood,4,0,,,,,,"",""
ball,2,16.7,Royal Challengers Bangalore,AB de Villiers,CH Gayle,Azhar Mahmood,0,0,,,,,,"",""
ball,2,17.1,Royal Challengers Bangalore,CH Gayle,AB de Villiers,P Awana,4,0,,,,,,"",""
ball,2,17.2,Royal Challengers Bangalore,CH Gayle,AB de Villiers,P Awana,0,1,1,,,,,"",""
ball,2,17.3,Royal Challengers Bangalore,CH Gayle,AB de Villiers,P Awana,0,1,,1,,,,"",""
ball,2,17.4,Royal Challengers Bangalore,CH Gayle,AB de Villiers,P Awana,6,0,,,,,,"",""
ball,2,17.5,Royal Challengers Bangalore,CH Gayle,AB de Villiers,P Awana,4,0,,,,,,"",""
ball,2,17.6,Royal Challengers Bangalore,CH Gayle,AB de Villiers,P Awana,0,0,,,,,,caught,CH Gayle
ball,2,17.7,Royal Challengers Bangalore,AB McDonald,AB de Villiers,P Awana,0,0,,,,,,"",""
ball,2,17.8,Royal Challengers Bangalore,AB McDonald,AB de Villiers,P Awana,1,0,,,,,,"",""
ball,2,18.1,Royal Challengers Bangalore,AB McDonald,AB de Villiers,PP Chawla,1,0,,,,,,"",""
ball,2,18.2,Royal Challengers Bangalore,AB de Villiers,AB McDonald,PP Chawla,0,0,,,,,,"",""
ball,2,18.3,Royal Challengers Bangalore,AB de Villiers,AB McDonald,PP Chawla,0,0,,,,,,lbw,AB de Villiers
ball,2,18.4,Royal Challengers Bangalore,DL Vettori,AB McDonald,PP Chawla,0,0,,,,,,"",""
ball,2,18.5,Royal Challengers Bangalore,DL Vettori,AB McDonald,PP Chawla,1,0,,,,,,"",""
ball,2,18.6,Royal Challengers Bangalore,AB McDonald,DL Vettori,PP Chawla,1,0,,,,,,"",""
ball,2,19.1,Royal Challengers Bangalore,AB McDonald,DL Vettori,Azhar Mahmood,1,0,,,,,,"",""
ball,2,19.2,Royal Challengers Bangalore,DL Vettori,AB McDonald,Azhar Mahmood,1,0,,,,,,"",""
ball,2,19.3,Royal Challengers Bangalore,AB McDonald,DL Vettori,Azhar Mahmood,4,0,,,,,,"",""
