version,1.6.0
info,balls_per_over,6
info,team,Rajasthan Royals
info,team,Mumbai Indians
info,gender,male
info,season,2012
info,date,2012/05/20
info,event,Indian Premier League
info,match_number,72
info,venue,Sawai Mansingh Stadium
info,city,Jaipur
info,toss_winner,Rajasthan Royals
info,toss_decision,bat
info,player_of_match,DR Smith
info,umpire,HDPK Dharmasena
info,umpire,C Shamshuddin
info,reserve_umpire,K Bharatan
info,tv_umpire,BNJ Oxenford
info,match_referee,Raju Mukherjee
info,winner,Mumbai Indians
info,winner_wickets,10
info,player,Mumbai Indians,SR Tendulkar
info,player,Mumbai Indians,DR Smith
info,player,Mumbai Indians,RG Sharma
info,player,Mumbai Indians,KD Karthik
info,player,Mumbai Indians,JEC Franklin
info,player,Mumbai Indians,AT Rayudu
info,player,Mumbai Indians,KA Pollard
info,player,Mumbai Indians,Harbhajan Singh
info,player,Mumbai Indians,SL Malinga
info,player,Mumbai Indians,RP Singh
info,player,Mumbai Indians,DS Kulkarni
info,player,Rajasthan Royals,R Dravid
info,player,Rajasthan Royals,AM Rahane
info,player,Rajasthan Royals,SR Watson
info,player,Rajasthan Royals,STR Binny
info,player,Rajasthan Royals,OA Shah
info,player,Rajasthan Royals,AL Menaria
info,player,Rajasthan Royals,DH Yagnik
info,player,Rajasthan Royals,GB Hogg
info,player,Rajasthan Royals,SW Tait
info,player,Rajasthan Royals,SK Trivedi
info,player,Rajasthan Royals,A Chandila
info,registry,people,A Chandila,99b202b3
info,registry,people,AL Menaria,8291f939
info,registry,people,AM Rahane,29e95537
info,registry,people,AT Rayudu,70d205c9
info,registry,people,BNJ Oxenford,c1add349
info,registry,people,C Shamshuddin,0f9d921b
info,registry,people,DH Yagnik,063b3673
info,registry,people,DR Smith,35205dfc
info,registry,people,DS Kulkarni,d2a989fc
info,registry,people,GB Hogg,f708a0bc
info,registry,people,HDPK Dharmasena,323e4c16
info,registry,people,Harbhajan Singh,8b5b6769
info,registry,people,JEC Franklin,cf73ad76
info,registry,people,K Bharatan,7e47c743
info,registry,people,KA Pollard,a757b0d8
info,registry,people,KD Karthik,c03f1114
info,registry,people,OA Shah,7bf96684
info,registry,people,R Dravid,0184dc35
info,registry,people,RG Sharma,740742ef
info,registry,people,RP Singh,c3d1402f
info,registry,people,Raju Mukherjee,7a3244b5
info,registry,people,SK Trivedi,3d7e087f
info,registry,people,SL Malinga,a12e1d51
info,registry,people,SR Tendulkar,d2c2b2d5
info,registry,people,SR Watson,4329fbb5
info,registry,people,STR Binny,bd17b45f
info,registry,people,SW Tait,addfb70e
ball,1,0.1,Rajasthan Royals,R Dravid,AM Rahane,RP Singh,1,0,,,,,,"",""
ball,1,0.2,Rajasthan Royals,AM Rahane,R Dravid,RP Singh,0,0,,,,,,"",""
ball,1,0.3,Rajasthan Royals,AM Rahane,R Dravid,RP Singh,0,0,,,,,,"",""
ball,1,0.4,Rajasthan Royals,AM Rahane,R Dravid,RP Singh,1,0,,,,,,"",""
ball,1,0.5,Rajasthan Royals,R Dravid,AM Rahane,RP Singh,0,1,1,,,,,"",""
ball,1,0.6,Rajasthan Royals,R Dravid,AM Rahane,RP Singh,0,0,,,,,,"",""
ball,1,0.7,Rajasthan Royals,R Dravid,AM Rahane,RP Singh,4,0,,,,,,"",""
ball,1,1.1,Rajasthan Royals,AM Rahane,R Dravid,DS Kulkarni,0,0,,,,,,"",""
ball,1,1.2,Rajasthan Royals,AM Rahane,R Dravid,DS Kulkarni,0,1,1,,,,,"",""
ball,1,1.3,Rajasthan Royals,AM Rahane,R Dravid,DS Kulkarni,1,0,,,,,,"",""
ball,1,1.4,Rajasthan Royals,R Dravid,AM Rahane,DS Kulkarni,0,0,,,,,,"",""
ball,1,1.5,Rajasthan Royals,R Dravid,AM Rahane,DS Kulkarni,0,0,,,,,,caught,R Dravid
ball,1,1.6,Rajasthan Royals,SR Watson,AM Rahane,DS Kulkarni,0,0,,,,,,"",""
ball,1,1.7,Rajasthan Royals,SR Watson,AM Rahane,DS Kulkarni,0,0,,,,,,"",""
ball,1,2.1,Rajasthan Royals,AM Rahane,SR Watson,RP Singh,0,0,,,,,,"",""
ball,1,2.2,Rajasthan Royals,AM Rahane,SR Watson,RP Singh,4,0,,,,,,"",""
ball,1,2.3,Rajasthan Royals,AM Rahane,SR Watson,RP Singh,0,1,1,,,,,"",""
ball,1,2.4,Rajasthan Royals,AM Rahane,SR Watson,RP Singh,4,0,,,,,,"",""
ball,1,2.5,Rajasthan Royals,AM Rahane,SR Watson,RP Singh,0,0,,,,,,"",""
ball,1,2.6,Rajasthan Royals,AM Rahane,SR Watson,RP Singh,0,0,,,,,,"",""
ball,1,2.7,Rajasthan Royals,AM Rahane,SR Watson,RP Singh,0,0,,,,,,"",""
ball,1,3.1,Rajasthan Royals,SR Watson,AM Rahane,DS Kulkarni,0,0,,,,,,"",""
ball,1,3.2,Rajasthan Royals,SR Watson,AM Rahane,DS Kulkarni,0,0,,,,,,"",""
ball,1,3.3,Rajasthan Royals,SR Watson,AM Rahane,DS Kulkarni,1,0,,,,,,"",""
ball,1,3.4,Rajasthan Royals,AM Rahane,SR Watson,DS Kulkarni,1,0,,,,,,"",""
ball,1,3.5,Rajasthan Royals,SR Watson,AM Rahane,DS Kulkarni,2,0,,,,,,"",""
ball,1,3.6,Rajasthan Royals,SR Watson,AM Rahane,DS Kulkarni,4,0,,,,,,"",""
ball,1,4.1,Rajasthan Royals,AM Rahane,SR Watson,SL Malinga,0,0,,,,,,"",""
ball,1,4.2,Rajasthan Royals,AM Rahane,SR Watson,SL Malinga,1,0,,,,,,"",""
ball,1,4.3,Rajasthan Royals,SR Watson,AM Rahane,SL Malinga,0,0,,,,,,"",""
ball,1,4.4,Rajasthan Royals,SR Watson,AM Rahane,SL Malinga,1,0,,,,,,"",""
ball,1,4.5,Rajasthan Royals,AM Rahane,SR Watson,SL Malinga,1,0,,,,,,"",""
ball,1,4.6,Rajasthan Royals,SR Watson,AM Rahane,SL Malinga,2,0,,,,,,"",""
ball,1,5.1,Rajasthan Royals,AM Rahane,SR Watson,DS Kulkarni,0,0,,,,,,"",""
ball,1,5.2,Rajasthan Royals,AM Rahane,SR Watson,DS Kulkarni,0,0,,,,,,caught,AM Rahane
ball,1,5.3,Rajasthan Royals,STR Binny,SR Watson,DS Kulkarni,0,0,,,,,,"",""
ball,1,5.4,Rajasthan Royals,STR Binny,SR Watson,DS Kulkarni,0,0,,,,,,"",""
ball,1,5.5,Rajasthan Royals,STR Binny,SR Watson,DS Kulkarni,0,0,,,,,,"",""
ball,1,5.6,Rajasthan Royals,STR Binny,SR Watson,DS Kulkarni,0,0,,,,,,"",""
ball,1,6.1,Rajasthan Royals,SR Watson,STR Binny,SL Malinga,4,0,,,,,,"",""
ball,1,6.2,Rajasthan Royals,SR Watson,STR Binny,SL Malinga,0,0,,,,,,"",""
ball,1,6.3,Rajasthan Royals,SR Watson,STR Binny,SL Malinga,4,0,,,,,,"",""
ball,1,6.4,Rajasthan Royals,SR Watson,STR Binny,SL Malinga,0,0,,,,,,"",""
ball,1,6.5,Rajasthan Royals,SR Watson,STR Binny,SL Malinga,0,0,,,,,,"",""
ball,1,6.6,Rajasthan Royals,SR Watson,STR Binny,SL Malinga,1,0,,,,,,"",""
ball,1,7.1,Rajasthan Royals,SR Watson,STR Binny,Harbhajan Singh,0,0,,,,,,"",""
ball,1,7.2,Rajasthan Royals,SR Watson,STR Binny,Harbhajan Singh,1,0,,,,,,"",""
ball,1,7.3,Rajasthan Royals,STR Binny,SR Watson,Harbhajan Singh,0,0,,,,,,"",""
ball,1,7.4,Rajasthan Royals,STR Binny,SR Watson,Harbhajan Singh,6,0,,,,,,"",""
ball,1,7.5,Rajasthan Royals,STR Binny,SR Watson,Harbhajan Singh,0,0,,,,,,"",""
ball,1,7.6,Rajasthan Royals,STR Binny,SR Watson,Harbhajan Singh,1,0,,,,,,"",""
ball,1,8.1,Rajasthan Royals,STR Binny,SR Watson,DR Smith,2,0,,,,,,"",""
ball,1,8.2,Rajasthan Royals,STR Binny,SR Watson,DR Smith,1,0,,,,,,"",""
ball,1,8.3,Rajasthan Royals,SR Watson,STR Binny,DR Smith,0,0,,,,,,"",""
ball,1,8.4,Rajasthan Royals,SR Watson,STR Binny,DR Smith,0,0,,,,,,"",""
ball,1,8.5,Rajasthan Royals,SR Watson,STR Binny,DR Smith,0,0,,,,,,"",""
ball,1,8.6,Rajasthan Royals,SR Watson,STR Binny,DR Smith,1,0,,,,,,"",""
ball,1,9.1,Rajasthan Royals,SR Watson,STR Binny,Harbhajan Singh,1,0,,,,,,"",""
ball,1,9.2,Rajasthan Royals,STR Binny,SR Watson,Harbhajan Singh,4,0,,,,,,"",""
ball,1,9.3,Rajasthan Royals,STR Binny,SR Watson,Harbhajan Singh,4,0,,,,,,"",""
ball,1,9.4,Rajasthan Royals,STR Binny,SR Watson,Harbhajan Singh,1,0,,,,,,"",""
ball,1,9.5,Rajasthan Royals,SR Watson,STR Binny,Harbhajan Singh,0,2,2,,,,,"",""
ball,1,9.6,Rajasthan Royals,STR Binny,SR Watson,Harbhajan Singh,6,0,,,,,,"",""
ball,1,9.7,Rajasthan Royals,STR Binny,SR Watson,Harbhajan Singh,4,0,,,,,,"",""
ball,1,10.1,Rajasthan Royals,SR Watson,STR Binny,DR Smith,0,0,,,,,,"",""
ball,1,10.2,Rajasthan Royals,SR Watson,STR Binny,DR Smith,0,0,,,,,,"",""
ball,1,10.3,Rajasthan Royals,SR Watson,STR Binny,DR Smith,6,0,,,,,,"",""
ball,1,10.4,Rajasthan Royals,SR Watson,STR Binny,DR Smith,1,0,,,,,,"",""
ball,1,10.5,Rajasthan Royals,STR Binny,SR Watson,DR Smith,1,0,,,,,,"",""
ball,1,10.6,Rajasthan Royals,SR Watson,STR Binny,DR Smith,1,0,,,,,,"",""
ball,1,11.1,Rajasthan Royals,SR Watson,STR Binny,KA Pollard,1,0,,,,,,"",""
ball,1,11.2,Rajasthan Royals,STR Binny,SR Watson,KA Pollard,0,0,,,,,,run out,STR Binny
ball,1,11.3,Rajasthan Royals,OA Shah,SR Watson,KA Pollard,0,0,,,,,,"",""
ball,1,11.4,Rajasthan Royals,OA Shah,SR Watson,KA Pollard,0,0,,,,,,"",""
ball,1,11.5,Rajasthan Royals,OA Shah,SR Watson,KA Pollard,0,0,,,,,,"",""
ball,1,11.6,Rajasthan Royals,OA Shah,SR Watson,KA Pollard,1,0,,,,,,"",""
ball,1,12.1,Rajasthan Royals,OA Shah,SR Watson,JEC Franklin,0,0,,,,,,"",""
ball,1,12.2,Rajasthan Royals,OA Shah,SR Watson,JEC Franklin,1,0,,,,,,"",""
ball,1,12.3,Rajasthan Royals,SR Watson,OA Shah,JEC Franklin,1,0,,,,,,"",""
ball,1,12.4,Rajasthan Royals,OA Shah,SR Watson,JEC Franklin,1,0,,,,,,"",""
ball,1,12.5,Rajasthan Royals,SR Watson,OA Shah,JEC Franklin,2,0,,,,,,"",""
ball,1,12.6,Rajasthan Royals,SR Watson,OA Shah,JEC Franklin,1,0,,,,,,"",""
ball,1,13.1,Rajasthan Royals,SR Watson,OA Shah,KA Pollard,6,0,,,,,,"",""
ball,1,13.2,Rajasthan Royals,SR Watson,OA Shah,KA Pollard,0,1,1,,,,,"",""
ball,1,13.3,Rajasthan Royals,SR Watson,OA Shah,KA Pollard,0,1,,,,1,,"",""
ball,1,13.4,Rajasthan Royals,OA Shah,SR Watson,KA Pollard,0,0,,,,,,"",""
ball,1,13.5,Rajasthan Royals,OA Shah,SR Watson,KA Pollard,0,1,1,,,,,"",""
ball,1,13.6,Rajasthan Royals,OA Shah,SR Watson,KA Pollard,1,0,,,,,,"",""
ball,1,13.7,Rajasthan Royals,SR Watson,OA Shah,KA Pollard,4,0,,,,,,"",""
ball,1,13.8,Rajasthan Royals,SR Watson,OA Shah,KA Pollard,0,0,,,,,,caught,SR Watson
ball,1,14.1,Rajasthan Royals,AL Menaria,OA Shah,Harbhajan Singh,0,0,,,,,,"",""
ball,1,14.2,Rajasthan Royals,AL Menaria,OA Shah,Harbhajan Singh,0,0,,,,,,"",""
ball,1,14.3,Rajasthan Royals,AL Menaria,OA Shah,Harbhajan Singh,0,0,,,,,,"",""
ball,1,14.4,Rajasthan Royals,AL Menaria,OA Shah,Harbhajan Singh,0,0,,,,,,"",""
ball,1,14.5,Rajasthan Royals,AL Menaria,OA Shah,Harbhajan Singh,1,0,,,,,,"",""
ball,1,14.6,Rajasthan Royals,OA Shah,AL Menaria,Harbhajan Singh,0,0,,,,,,"",""
ball,1,15.1,Rajasthan Royals,AL Menaria,OA Shah,KA Pollard,1,0,,,,,,"",""
ball,1,15.2,Rajasthan Royals,OA Shah,AL Menaria,KA Pollard,0,1,1,,,,,"",""
ball,1,15.3,Rajasthan Royals,OA Shah,AL Menaria,KA Pollard,1,0,,,,,,"",""
ball,1,15.4,Rajasthan Royals,AL Menaria,OA Shah,KA Pollard,1,0,,,,,,"",""
ball,1,15.5,Rajasthan Royals,OA Shah,AL Menaria,KA Pollard,0,0,,,,,,"",""
ball,1,15.6,Rajasthan Royals,OA Shah,AL Menaria,KA Pollard,4,0,,,,,,"",""
ball,1,15.7,Rajasthan Royals,OA Shah,AL Menaria,KA Pollard,6,0,,,,,,"",""
ball,1,16.1,Rajasthan Royals,AL Menaria,OA Shah,RP Singh,0,0,,,,,,"",""
ball,1,16.2,Rajasthan Royals,AL Menaria,OA Shah,RP Singh,0,1,1,,,,,"",""
ball,1,16.3,Rajasthan Royals,AL Menaria,OA Shah,RP Singh,4,0,,,,,,"",""
ball,1,16.4,Rajasthan Royals,AL Menaria,OA Shah,RP Singh,1,0,,,,,,"",""
ball,1,16.5,Rajasthan Royals,OA Shah,AL Menaria,RP Singh,1,0,,,,,,"",""
ball,1,16.6,Rajasthan Royals,AL Menaria,OA Shah,RP Singh,6,1,,1,,,,"",""
ball,1,16.7,Rajasthan Royals,AL Menaria,OA Shah,RP Singh,1,0,,,,,,"",""
ball,1,16.8,Rajasthan Royals,OA Shah,AL Menaria,RP Singh,1,0,,,,,,"",""
ball,1,17.1,Rajasthan Royals,OA Shah,AL Menaria,SL Malinga,1,0,,,,,,"",""
ball,1,17.2,Rajasthan Royals,AL Menaria,OA Shah,SL Malinga,1,0,,,,,,"",""
ball,1,17.3,Rajasthan Royals,OA Shah,AL Menaria,SL Malinga,1,0,,,,,,"",""
ball,1,17.4,Rajasthan Royals,AL Menaria,OA Shah,SL Malinga,0,1,,1,,,,"",""
ball,1,17.5,Rajasthan Royals,AL Menaria,OA Shah,SL Malinga,1,0,,,,,,"",""
ball,1,17.6,Rajasthan Royals,OA Shah,AL Menaria,SL Malinga,1,0,,,,,,"",""
ball,1,17.7,Rajasthan Royals,AL Menaria,OA Shah,SL Malinga,1,0,,,,,,"",""
ball,1,18.1,Rajasthan Royals,AL Menaria,OA Shah,DS Kulkarni,0,1,1,,,,,"",""
ball,1,18.2,Rajasthan Royals,AL Menaria,OA Shah,DS Kulkarni,0,0,,,,,,"",""
ball,1,18.3,Rajasthan Royals,AL Menaria,OA Shah,DS Kulkarni,1,0,,,,,,"",""
ball,1,18.4,Rajasthan Royals,OA Shah,AL Menaria,DS Kulkarni,1,0,,,,,,"",""
ball,1,18.5,Rajasthan Royals,AL Menaria,OA Shah,DS Kulkarni,2,0,,,,,,"",""
ball,1,18.6,Rajasthan Royals,AL Menaria,OA Shah,DS Kulkarni,0,0,,,,,,caught and bowled,AL Menaria
ball,1,18.7,Rajasthan Royals,DH Yagnik,OA Shah,DS Kulkarni,0,1,1,,,,,"",""
ball,1,18.8,Rajasthan Royals,DH Yagnik,OA Shah,DS Kulkarni,2,0,,,,,,"",""
ball,1,19.1,Rajasthan Royals,OA Shah,DH Yagnik,SL Malinga,2,0,,,,,,"",""
ball,1,19.2,Rajasthan Royals,OA Shah,DH Yagnik,SL Malinga,2,0,,,,,,"",""
ball,1,19.3,Rajasthan Royals,OA Shah,DH Yagnik,SL Malinga,1,0,,,,,,"",""
ball,1,19.4,Rajasthan Royals,DH Yagnik,OA Shah,SL Malinga,4,0,,,,,,"",""
ball,1,19.5,Rajasthan Royals,DH Yagnik,OA Shah,SL Malinga,0,0,,,,,,caught and bowled,DH Yagnik
ball,1,19.6,Rajasthan Royals,OA Shah,GB Hogg,SL Malinga,2,0,,,,,,"",""
ball,2,0.1,Mumbai Indians,SR Tendulkar,DR Smith,A Chandila,0,0,,,,,,"",""
ball,2,0.2,Mumbai Indians,SR Tendulkar,DR Smith,A Chandila,0,0,,,,,,"",""
ball,2,0.3,Mumbai Indians,SR Tendulkar,DR Smith,A Chandila,1,0,,,,,,"",""
ball,2,0.4,Mumbai Indians,DR Smith,SR Tendulkar,A Chandila,0,0,,,,,,"",""
ball,2,0.5,Mumbai Indians,DR Smith,SR Tendulkar,A Chandila,6,0,,,,,,"",""
ball,2,0.6,Mumbai Indians,DR Smith,SR Tendulkar,A Chandila,1,0,,,,,,"",""
ball,2,1.1,Mumbai Indians,DR Smith,SR Tendulkar,SR Watson,0,0,,,,,,"",""
ball,2,1.2,Mumbai Indians,DR Smith,SR Tendulkar,SR Watson,0,0,,,,,,"",""
ball,2,1.3,Mumbai Indians,DR Smith,SR Tendulkar,SR Watson,0,0,,,,,,"",""
ball,2,1.4,Mumbai Indians,DR Smith,SR Tendulkar,SR Watson,0,0,,,,,,"",""
ball,2,1.5,Mumbai Indians,DR Smith,SR Tendulkar,SR Watson,4,0,,,,,,"",""
ball,2,1.6,Mumbai Indians,DR Smith,SR Tendulkar,SR Watson,0,0,,,,,,"",""
ball,2,2.1,Mumbai Indians,SR Tendulkar,DR Smith,SW Tait,1,0,,,,,,"",""
ball,2,2.2,Mumbai Indians,DR Smith,SR Tendulkar,SW Tait,1,0,,,,,,"",""
ball,2,2.3,Mumbai Indians,SR Tendulkar,DR Smith,SW Tait,0,1,1,,,,,"",""
ball,2,2.4,Mumbai Indians,SR Tendulkar,DR Smith,SW Tait,0,1,1,,,,,"",""
ball,2,2.5,Mumbai Indians,SR Tendulkar,DR Smith,SW Tait,0,1,1,,,,,"",""
ball,2,2.6,Mumbai Indians,SR Tendulkar,DR Smith,SW Tait,4,0,,,,,,"",""
ball,2,2.7,Mumbai Indians,SR Tendulkar,DR Smith,SW Tait,0,0,,,,,,"",""
ball,2,2.8,Mumbai Indians,SR Tendulkar,DR Smith,SW Tait,0,0,,,,,,"",""
ball,2,2.9,Mumbai Indians,SR Tendulkar,DR Smith,SW Tait,0,0,,,,,,"",""
ball,2,3.1,Mumbai Indians,DR Smith,SR Tendulkar,SR Watson,0,0,,,,,,"",""
ball,2,3.2,Mumbai Indians,DR Smith,SR Tendulkar,SR Watson,1,0,,,,,,"",""
ball,2,3.3,Mumbai Indians,SR Tendulkar,DR Smith,SR Watson,1,0,,,,,,"",""
ball,2,3.4,Mumbai Indians,DR Smith,SR Tendulkar,SR Watson,0,0,,,,,,"",""
ball,2,3.5,Mumbai Indians,DR Smith,SR Tendulkar,SR Watson,0,0,,,,,,"",""
ball,2,3.6,Mumbai Indians,DR Smith,SR Tendulkar,SR Watson,4,0,,,,,,"",""
ball,2,4.1,Mumbai Indians,SR Tendulkar,DR Smith,SW Tait,0,1,1,,,,,"",""
ball,2,4.2,Mumbai Indians,SR Tendulkar,DR Smith,SW Tait,1,0,,,,,,"",""
ball,2,4.3,Mumbai Indians,DR Smith,SR Tendulkar,SW Tait,0,0,,,,,,"",""
ball,2,4.4,Mumbai Indians,DR Smith,SR Tendulkar,SW Tait,2,0,,,,,,"",""
ball,2,4.5,Mumbai Indians,DR Smith,SR Tendulkar,SW Tait,0,0,,,,,,"",""
ball,2,4.6,Mumbai Indians,DR Smith,SR Tendulkar,SW Tait,4,0,,,,,,"",""
ball,2,4.7,Mumbai Indians,DR Smith,SR Tendulkar,SW Tait,4,0,,,,,,"",""
ball,2,5.1,Mumbai Indians,SR Tendulkar,DR Smith,GB Hogg,0,0,,,,,,"",""
ball,2,5.2,Mumbai Indians,SR Tendulkar,DR Smith,GB Hogg,4,0,,,,,,"",""
ball,2,5.3,Mumbai Indians,SR Tendulkar,DR Smith,GB Hogg,0,0,,,,,,"",""
ball,2,5.4,Mumbai Indians,SR Tendulkar,DR Smith,GB Hogg,1,0,,,,,,"",""
ball,2,5.5,Mumbai Indians,DR Smith,SR Tendulkar,GB Hogg,0,0,,,,,,"",""
ball,2,5.6,Mumbai Indians,DR Smith,SR Tendulkar,GB Hogg,0,0,,,,,,"",""
ball,2,6.1,Mumbai Indians,SR Tendulkar,DR Smith,SK Trivedi,1,0,,,,,,"",""
ball,2,6.2,Mumbai Indians,DR Smith,SR Tendulkar,SK Trivedi,0,3,3,,,,,"",""
ball,2,6.3,Mumbai Indians,DR Smith,SR Tendulkar,SK Trivedi,0,0,,,,,,"",""
ball,2,6.4,Mumbai Indians,DR Smith,SR Tendulkar,SK Trivedi,1,0,,,,,,"",""
ball,2,6.5,Mumbai Indians,SR Tendulkar,DR Smith,SK Trivedi,0,0,,,,,,"",""
ball,2,6.6,Mumbai Indians,SR Tendulkar,DR Smith,SK Trivedi,0,5,5,,,,,"",""
ball,2,6.7,Mumbai Indians,SR Tendulkar,DR Smith,SK Trivedi,2,0,,,,,,"",""
ball,2,6.8,Mumbai Indians,SR Tendulkar,DR Smith,SK Trivedi,1,0,,,,,,"",""
ball,2,7.1,Mumbai Indians,SR Tendulkar,DR Smith,GB Hogg,0,0,,,,,,"",""
ball,2,7.2,Mumbai Indians,SR Tendulkar,DR Smith,GB Hogg,1,0,,,,,,"",""
ball,2,7.3,Mumbai Indians,DR Smith,SR Tendulkar,GB Hogg,1,0,,,,,,"",""
ball,2,7.4,Mumbai Indians,SR Tendulkar,DR Smith,GB Hogg,2,0,,,,,,"",""
ball,2,7.5,Mumbai Indians,SR Tendulkar,DR Smith,GB Hogg,2,0,,,,,,"",""
ball,2,7.6,Mumbai Indians,SR Tendulkar,DR Smith,GB Hogg,3,0,,,,,,"",""
ball,2,8.1,Mumbai Indians,SR Tendulkar,DR Smith,SK Trivedi,0,0,,,,,,"",""
ball,2,8.2,Mumbai Indians,SR Tendulkar,DR Smith,SK Trivedi,1,0,,,,,,"",""
ball,2,8.3,Mumbai Indians,DR Smith,SR Tendulkar,SK Trivedi,4,0,,,,,,"",""
ball,2,8.4,Mumbai Indians,DR Smith,SR Tendulkar,SK Trivedi,0,0,,,,,,"",""
ball,2,8.5,Mumbai Indians,DR Smith,SR Tendulkar,SK Trivedi,1,0,,,,,,"",""
ball,2,8.6,Mumbai Indians,SR Tendulkar,DR Smith,SK Trivedi,0,0,,,,,,"",""
ball,2,9.1,Mumbai Indians,DR Smith,SR Tendulkar,GB Hogg,1,0,,,,,,"",""
ball,2,9.2,Mumbai Indians,SR Tendulkar,DR Smith,GB Hogg,4,0,,,,,,"",""
ball,2,9.3,Mumbai Indians,SR Tendulkar,DR Smith,GB Hogg,1,0,,,,,,"",""
ball,2,9.4,Mumbai Indians,DR Smith,SR Tendulkar,GB Hogg,1,0,,,,,,"",""
ball,2,9.5,Mumbai Indians,SR Tendulkar,DR Smith,GB Hogg,0,0,,,,,,"",""
ball,2,9.6,Mumbai Indians,SR Tendulkar,DR Smith,GB Hogg,0,0,,,,,,"",""
ball,2,10.1,Mumbai Indians,DR Smith,SR Tendulkar,A Chandila,6,0,,,,,,"",""
ball,2,10.2,Mumbai Indians,DR Smith,SR Tendulkar,A Chandila,6,0,,,,,,"",""
ball,2,10.3,Mumbai Indians,DR Smith,SR Tendulkar,A Chandila,1,0,,,,,,"",""
ball,2,10.4,Mumbai Indians,SR Tendulkar,DR Smith,A Chandila,1,0,,,,,,"",""
ball,2,10.5,Mumbai Indians,DR Smith,SR Tendulkar,A Chandila,1,0,,,,,,"",""
ball,2,10.6,Mumbai Indians,SR Tendulkar,DR Smith,A Chandila,1,0,,,,,,"",""
ball,2,11.1,Mumbai Indians,SR Tendulkar,DR Smith,SK Trivedi,1,0,,,,,,"",""
ball,2,11.2,Mumbai Indians,DR Smith,SR Tendulkar,SK Trivedi,1,1,,1,,,,"",""
ball,2,11.3,Mumbai Indians,SR Tendulkar,DR Smith,SK Trivedi,4,0,,,,,,"",""
ball,2,11.4,Mumbai Indians,SR Tendulkar,DR Smith,SK Trivedi,0,0,,,,,,"",""
ball,2,11.5,Mumbai Indians,SR Tendulkar,DR Smith,SK Trivedi,1,0,,,,,,"",""
ball,2,11.6,Mumbai Indians,DR Smith,SR Tendulkar,SK Trivedi,1,0,,,,,,"",""
ball,2,11.7,Mumbai Indians,SR Tendulkar,DR Smith,SK Trivedi,1,0,,,,,,"",""
ball,2,12.1,Mumbai Indians,SR Tendulkar,DR Smith,STR Binny,1,0,,,,,,"",""
ball,2,12.2,Mumbai Indians,DR Smith,SR Tendulkar,STR Binny,1,0,,,,,,"",""
ball,2,12.3,Mumbai Indians,SR Tendulkar,DR Smith,STR Binny,4,0,,,,,,"",""
ball,2,12.4,Mumbai Indians,SR Tendulkar,DR Smith,STR Binny,1,0,,,,,,"",""
ball,2,12.5,Mumbai Indians,DR Smith,SR Tendulkar,STR Binny,2,0,,,,,,"",""
ball,2,12.6,Mumbai Indians,DR Smith,SR Tendulkar,STR Binny,4,0,,,,,,"",""
ball,2,13.1,Mumbai Indians,SR Tendulkar,DR Smith,SW Tait,0,1,1,,,,,"",""
ball,2,13.2,Mumbai Indians,SR Tendulkar,DR Smith,SW Tait,0,1,1,,,,,"",""
ball,2,13.3,Mumbai Indians,SR Tendulkar,DR Smith,SW Tait,1,0,,,,,,"",""
ball,2,13.4,Mumbai Indians,DR Smith,SR Tendulkar,SW Tait,4,0,,,,,,"",""
ball,2,13.5,Mumbai Indians,DR Smith,SR Tendulkar,SW Tait,2,0,,,,,,"",""
ball,2,13.6,Mumbai Indians,DR Smith,SR Tendulkar,SW Tait,1,0,,,,,,"",""
ball,2,13.7,Mumbai Indians,SR Tendulkar,DR Smith,SW Tait,1,0,,,,,,"",""
ball,2,13.8,Mumbai Indians,DR Smith,SR Tendulkar,SW Tait,1,0,,,,,,"",""
ball,2,14.1,Mumbai Indians,DR Smith,SR Tendulkar,GB Hogg,4,0,,,,,,"",""
ball,2,14.2,Mumbai Indians,DR Smith,SR Tendulkar,GB Hogg,4,0,,,,,,"",""
ball,2,14.3,Mumbai Indians,DR Smith,SR Tendulkar,GB Hogg,0,0,,,,,,"",""
ball,2,14.4,Mumbai Indians,DR Smith,SR Tendulkar,GB Hogg,0,0,,,,,,"",""
ball,2,14.5,Mumbai Indians,DR Smith,SR Tendulkar,GB Hogg,0,1,,,,1,,"",""
ball,2,14.6,Mumbai Indians,SR Tendulkar,DR Smith,GB Hogg,1,0,,,,,,"",""
ball,2,15.1,Mumbai Indians,SR Tendulkar,DR Smith,SK Trivedi,1,0,,,,,,"",""
ball,2,15.2,Mumbai Indians,DR Smith,SR Tendulkar,SK Trivedi,0,1,,,,1,,"",""
ball,2,15.3,Mumbai Indians,SR Tendulkar,DR Smith,SK Trivedi,1,0,,,,,,"",""
ball,2,15.4,Mumbai Indians,DR Smith,SR Tendulkar,SK Trivedi,2,0,,,,,,"",""
ball,2,15.5,Mumbai Indians,DR Smith,SR Tendulkar,SK Trivedi,4,0,,,,,,"",""
ball,2,15.6,Mumbai Indians,DR Smith,SR Tendulkar,SK Trivedi,0,0,,,,,,"",""
ball,2,16.1,Mumbai Indians,SR Tendulkar,DR Smith,SR Watson,1,0,,,,,,"",""
ball,2,16.2,Mumbai Indians,DR Smith,SR Tendulkar,SR Watson,0,0,,,,,,"",""
ball,2,16.3,Mumbai Indians,DR Smith,SR Tendulkar,SR Watson,1,0,,,,,,"",""
ball,2,16.4,Mumbai Indians,SR Tendulkar,DR Smith,SR Watson,0,0,,,,,,"",""
ball,2,16.5,Mumbai Indians,SR Tendulkar,DR Smith,SR Watson,0,0,,,,,,"",""
ball,2,16.6,Mumbai Indians,SR Tendulkar,DR Smith,SR Watson,4,0,,,,,,"",""
ball,2,17.1,Mumbai Indians,DR Smith,SR Tendulkar,SW Tait,1,0,,,,,,"",""
ball,2,17.2,Mumbai Indians,SR Tendulkar,DR Smith,SW Tait,1,0,,,,,,"",""
ball,2,17.3,Mumbai Indians,DR Smith,SR Tendulkar,SW Tait,1,0,,,,,,"",""
ball,2,17.4,Mumbai Indians,SR Tendulkar,DR Smith,SW Tait,1,0,,,,,,"",""
ball,2,17.5,Mumbai Indians,DR Smith,SR Tendulkar,SW Tait,2,0,,,,,,"",""
ball,2,17.6,Mumbai Indians,DR Smith,SR Tendulkar,SW Tait,1,0,,,,,,"",""
ball,2,18.1,Mumbai Indians,DR Smith,SR Tendulkar,SR Watson,0,1,1,,,,,"",""
