version,1.6.0
info,balls_per_over,6
info,team,Royal Challengers Bangalore
info,team,Deccan Chargers
info,gender,male
info,season,2012
info,date,2012/05/06
info,event,Indian Premier League
info,match_number,50
info,venue,M Chinnaswamy Stadium
info,city,Bangalore
info,toss_winner,Royal Challengers Bangalore
info,toss_decision,field
info,player_of_match,AB de Villiers
info,umpire,HDPK Dharmasena
info,umpire,BNJ Oxenford
info,reserve_umpire,CK Nandan
info,tv_umpire,Aleem Dar
info,match_referee,RS Mahanama
info,winner,Royal Challengers Bangalore
info,winner_wickets,5
info,player,Deccan Chargers,DJ Harris
info,player,Deccan Chargers,S Dhawan
info,player,Deccan Chargers,CL White
info,player,Deccan Chargers,KC Sangakkara
info,player,Deccan Chargers,PA Patel
info,player,Deccan Chargers,PA Reddy
info,player,Deccan Chargers,A Ashish Reddy
info,player,Deccan Chargers,A Mishra
info,player,Deccan Chargers,DW Steyn
info,player,Deccan Chargers,Anand Rajan
info,player,Deccan Chargers,V Pratap Singh
info,player,Royal Challengers Bangalore,TM Dilshan
info,player,Royal Challengers Bangalore,CH Gayle
info,player,Royal Challengers Bangalore,V Kohli
info,player,Royal Challengers Bangalore,AUK Pathan
info,player,Royal Challengers Bangalore,AB de Villiers
info,player,Royal Challengers Bangalore,MA Agarwal
info,player,Royal Challengers Bangalore,J Syed Mohammad
info,player,Royal Challengers Bangalore,Z Khan
info,player,Royal Challengers Bangalore,A Mithun
info,player,Royal Challengers Bangalore,P Parameswaran
info,player,Royal Challengers Bangalore,M Muralitharan
info,registry,people,A Ashish Reddy,1c2a64cd
info,registry,people,A Mishra,6b19d823
info,registry,people,A Mithun,66cf56a5
info,registry,people,AB de Villiers,c4487b84
info,registry,people,AUK Pathan,3ae3f034
info,registry,people,Aleem Dar,f02778d1
info,registry,people,Anand Rajan,d2340a43
info,registry,people,BNJ Oxenford,c1add349
info,registry,people,CH Gayle,db584dad
info,registry,people,CK Nandan,012de9c4
info,registry,people,CL White,d0513f63
info,registry,people,DJ Harris,39f82db3
info,registry,people,DW Steyn,8fd1a8f5
info,registry,people,HDPK Dharmasena,323e4c16
info,registry,people,J Syed Mohammad,c64c2443
info,registry,people,KC Sangakkara,6b71e6cf
info,registry,people,M Muralitharan,4ba44e19
info,registry,people,MA Agarwal,00ea847a
info,registry,people,P Parameswaran,0c432afb
info,registry,people,PA Patel,b5da6c24
info,registry,people,PA Reddy,2461eef2
info,registry,people,RS Mahanama,57910393
info,registry,people,S Dhawan,0a476045
info,registry,people,TM Dilshan,5bdcdb72
info,registry,people,V Kohli,ba607b88
info,registry,people,V Pratap Singh,d718440b
info,registry,people,Z Khan,91a4a398
ball,1,0.1,Deccan Chargers,DJ Harris,S Dhawan,Z Khan,1,0,,,,,,"",""
ball,1,0.2,Deccan Chargers,S Dhawan,DJ Harris,Z Khan,4,0,,,,,,"",""
ball,1,0.3,Deccan Chargers,S Dhawan,DJ Harris,Z Khan,0,0,,,,,,"",""
ball,1,0.4,Deccan Chargers,S Dhawan,DJ Harris,Z Khan,0,1,1,,,,,"",""
ball,1,0.5,Deccan Chargers,S Dhawan,DJ Harris,Z Khan,4,0,,,,,,"",""
ball,1,0.6,Deccan Chargers,S Dhawan,DJ Harris,Z Khan,1,0,,,,,,"",""
ball,1,0.7,Deccan Chargers,DJ Harris,S Dhawan,Z Khan,0,0,,,,,,"",""
ball,1,1.1,Deccan Chargers,S Dhawan,DJ Harris,A Mithun,4,0,,,,,,"",""
ball,1,1.2,Deccan Chargers,S Dhawan,DJ Harris,A Mithun,1,0,,,,,,"",""
ball,1,1.3,Deccan Chargers,DJ Harris,S Dhawan,A Mithun,0,0,,,,,,"",""
ball,1,1.4,Deccan Chargers,DJ Harris,S Dhawan,A Mithun,4,0,,,,,,"",""
ball,1,1.5,Deccan Chargers,DJ Harris,S Dhawan,A Mithun,0,1,1,,,,,"",""
ball,1,1.6,Deccan Chargers,DJ Harris,S Dhawan,A Mithun,0,0,,,,,,"",""
ball,1,1.7,Deccan Chargers,DJ Harris,S Dhawan,A Mithun,1,0,,,,,,"",""
ball,1,2.1,Deccan Chargers,DJ Harris,S Dhawan,Z Khan,0,0,,,,,,"",""
ball,1,2.2,Deccan Chargers,DJ Harris,S Dhawan,Z Khan,0,0,,,,,,"",""
ball,1,2.3,Deccan Chargers,DJ Harris,S Dhawan,Z Khan,0,0,,,,,,"",""
ball,1,2.4,Deccan Chargers,DJ Harris,S Dhawan,Z Khan,1,0,,,,,,"",""
ball,1,2.5,Deccan Chargers,S Dhawan,DJ Harris,Z Khan,0,0,,,,,,"",""
ball,1,2.6,Deccan Chargers,S Dhawan,DJ Harris,Z Khan,1,0,,,,,,"",""
ball,1,3.1,Deccan Chargers,S Dhawan,DJ Harris,A Mithun,0,0,,,,,,"",""
ball,1,3.2,Deccan Chargers,S Dhawan,DJ Harris,A Mithun,1,0,,,,,,"",""
ball,1,3.3,Deccan Chargers,DJ Harris,S Dhawan,A Mithun,0,1,,,,1,,"",""
ball,1,3.4,Deccan Chargers,S Dhawan,DJ Harris,A Mithun,4,0,,,,,,"",""
ball,1,3.5,Deccan Chargers,S Dhawan,DJ Harris,A Mithun,1,0,,,,,,"",""
ball,1,3.6,Deccan Chargers,DJ Harris,S Dhawan,A Mithun,0,0,,,,,,"",""
ball,1,4.1,Deccan Chargers,S Dhawan,DJ Harris,Z Khan,1,0,,,,,,"",""
ball,1,4.2,Deccan Chargers,DJ Harris,S Dhawan,Z Khan,0,0,,,,,,"",""
ball,1,4.3,Deccan Chargers,DJ Harris,S Dhawan,Z Khan,0,0,,,,,,"",""
ball,1,4.4,Deccan Chargers,DJ Harris,S Dhawan,Z Khan,6,0,,,,,,"",""
ball,1,4.5,Deccan Chargers,DJ Harris,S Dhawan,Z Khan,1,0,,,,,,"",""
ball,1,4.6,Deccan Chargers,S Dhawan,DJ Harris,Z Khan,0,0,,,,,,"",""
ball,1,5.1,Deccan Chargers,DJ Harris,S Dhawan,P Parameswaran,0,0,,,,,,"",""
ball,1,5.2,Deccan Chargers,DJ Harris,S Dhawan,P Parameswaran,1,0,,,,,,"",""
ball,1,5.3,Deccan Chargers,S Dhawan,DJ Harris,P Parameswaran,0,0,,,,,,"",""
ball,1,5.4,Deccan Chargers,S Dhawan,DJ Harris,P Parameswaran,4,0,,,,,,"",""
ball,1,5.5,Deccan Chargers,S Dhawan,DJ Harris,P Parameswaran,1,0,,,,,,"",""
ball,1,5.6,Deccan Chargers,DJ Harris,S Dhawan,P Parameswaran,1,0,,,,,,"",""
ball,1,6.1,Deccan Chargers,DJ Harris,S Dhawan,M Muralitharan,0,0,,,,,,"",""
ball,1,6.2,Deccan Chargers,DJ Harris,S Dhawan,M Muralitharan,0,0,,,,,,"",""
ball,1,6.3,Deccan Chargers,DJ Harris,S Dhawan,M Muralitharan,0,0,,,,,,"",""
ball,1,6.4,Deccan Chargers,DJ Harris,S Dhawan,M Muralitharan,1,0,,,,,,"",""
ball,1,6.5,Deccan Chargers,S Dhawan,DJ Harris,M Muralitharan,1,0,,,,,,"",""
ball,1,6.6,Deccan Chargers,DJ Harris,S Dhawan,M Muralitharan,0,0,,,,,,"",""
ball,1,7.1,Deccan Chargers,S Dhawan,DJ Harris,TM Dilshan,1,0,,,,,,"",""
ball,1,7.2,Deccan Chargers,DJ Harris,S Dhawan,TM Dilshan,6,0,,,,,,"",""
ball,1,7.3,Deccan Chargers,DJ Harris,S Dhawan,TM Dilshan,4,0,,,,,,"",""
ball,1,7.4,Deccan Chargers,DJ Harris,S Dhawan,TM Dilshan,6,0,,,,,,"",""
ball,1,7.5,Deccan Chargers,DJ Harris,S Dhawan,TM Dilshan,0,0,,,,,,"",""
ball,1,7.6,Deccan Chargers,DJ Harris,S Dhawan,TM Dilshan,0,0,,,,,,"",""
ball,1,8.1,Deccan Chargers,S Dhawan,DJ Harris,M Muralitharan,1,0,,,,,,"",""
ball,1,8.2,Deccan Chargers,DJ Harris,S Dhawan,M Muralitharan,0,0,,,,,,"",""
ball,1,8.3,Deccan Chargers,DJ Harris,S Dhawan,M Muralitharan,1,0,,,,,,"",""
ball,1,8.4,Deccan Chargers,S Dhawan,DJ Harris,M Muralitharan,1,0,,,,,,"",""
ball,1,8.5,Deccan Chargers,DJ Harris,S Dhawan,M Muralitharan,0,0,,,,,,"",""
ball,1,8.6,Deccan Chargers,DJ Harris,S Dhawan,M Muralitharan,1,0,,,,,,"",""
ball,1,9.1,Deccan Chargers,DJ Harris,S Dhawan,J Syed Mohammad,1,0,,,,,,"",""
ball,1,9.2,Deccan Chargers,S Dhawan,DJ Harris,J Syed Mohammad,2,0,,,,,,"",""
ball,1,9.3,Deccan Chargers,S Dhawan,DJ Harris,J Syed Mohammad,1,0,,,,,,"",""
ball,1,9.4,Deccan Chargers,DJ Harris,S Dhawan,J Syed Mohammad,1,0,,,,,,"",""
ball,1,9.5,Deccan Chargers,S Dhawan,DJ Harris,J Syed Mohammad,0,0,,,,,,"",""
ball,1,9.6,Deccan Chargers,S Dhawan,DJ Harris,J Syed Mohammad,0,0,,,,,,"",""
ball,1,10.1,Deccan Chargers,DJ Harris,S Dhawan,M Muralitharan,1,0,,,,,,"",""
ball,1,10.2,Deccan Chargers,S Dhawan,DJ Harris,M Muralitharan,0,0,,,,,,"",""
ball,1,10.3,Deccan Chargers,S Dhawan,DJ Harris,M Muralitharan,1,0,,,,,,"",""
ball,1,10.4,Deccan Chargers,DJ Harris,S Dhawan,M Muralitharan,0,0,,,,,,"",""
ball,1,10.5,Deccan Chargers,DJ Harris,S Dhawan,M Muralitharan,1,0,,,,,,"",""
ball,1,10.6,Deccan Chargers,S Dhawan,DJ Harris,M Muralitharan,0,0,,,,,,"",""
ball,1,11.1,Deccan Chargers,DJ Harris,S Dhawan,J Syed Mohammad,6,0,,,,,,"",""
ball,1,11.2,Deccan Chargers,DJ Harris,S Dhawan,J Syed Mohammad,1,0,,,,,,"",""
ball,1,11.3,Deccan Chargers,S Dhawan,DJ Harris,J Syed Mohammad,1,0,,,,,,"",""
ball,1,11.4,Deccan Chargers,DJ Harris,S Dhawan,J Syed Mohammad,1,0,,,,,,"",""
ball,1,11.5,Deccan Chargers,S Dhawan,DJ Harris,J Syed Mohammad,0,0,,,,,,run out,DJ Harris
ball,1,11.6,Deccan Chargers,S Dhawan,CL White,J Syed Mohammad,1,0,,,,,,"",""
ball,1,12.1,Deccan Chargers,S Dhawan,CL White,CH Gayle,0,0,,,,,,"",""
ball,1,12.2,Deccan Chargers,S Dhawan,CL White,CH Gayle,0,0,,,,,,"",""
ball,1,12.3,Deccan Chargers,S Dhawan,CL White,CH Gayle,1,0,,,,,,"",""
ball,1,12.4,Deccan Chargers,CL White,S Dhawan,CH Gayle,0,0,,,,,,"",""
ball,1,12.5,Deccan Chargers,CL White,S Dhawan,CH Gayle,1,0,,,,,,"",""
ball,1,12.6,Deccan Chargers,S Dhawan,CL White,CH Gayle,4,0,,,,,,"",""
ball,1,13.1,Deccan Chargers,CL White,S Dhawan,J Syed Mohammad,1,0,,,,,,"",""
ball,1,13.2,Deccan Chargers,S Dhawan,CL White,J Syed Mohammad,1,0,,,,,,"",""
ball,1,13.3,Deccan Chargers,CL White,S Dhawan,J Syed Mohammad,6,0,,,,,,"",""
ball,1,13.4,Deccan Chargers,CL White,S Dhawan,J Syed Mohammad,2,0,,,,,,"",""
ball,1,13.5,Deccan Chargers,CL White,S Dhawan,J Syed Mohammad,0,0,,,,,,"",""
ball,1,13.6,Deccan Chargers,CL White,S Dhawan,J Syed Mohammad,2,0,,,,,,"",""
ball,1,14.1,Deccan Chargers,S Dhawan,CL White,P Parameswaran,0,0,,,,,,"",""
ball,1,14.2,Deccan Chargers,S Dhawan,CL White,P Parameswaran,4,0,,,,,,"",""
ball,1,14.3,Deccan Chargers,S Dhawan,CL White,P Parameswaran,4,0,,,,,,"",""
ball,1,14.4,Deccan Chargers,S Dhawan,CL White,P Parameswaran,1,0,,,,,,"",""
ball,1,14.5,Deccan Chargers,CL White,S Dhawan,P Parameswaran,2,0,,,,,,"",""
ball,1,14.6,Deccan Chargers,CL White,S Dhawan,P Parameswaran,1,0,,,,,,"",""
ball,1,15.1,Deccan Chargers,CL White,S Dhawan,M Muralitharan,2,0,,,,,,"",""
ball,1,15.2,Deccan Chargers,CL White,S Dhawan,M Muralitharan,0,0,,,,,,"",""
ball,1,15.3,Deccan Chargers,CL White,S Dhawan,M Muralitharan,1,0,,,,,,"",""
ball,1,15.4,Deccan Chargers,S Dhawan,CL White,M Muralitharan,4,0,,,,,,"",""
ball,1,15.5,Deccan Chargers,S Dhawan,CL White,M Muralitharan,1,0,,,,,,"",""
ball,1,15.6,Deccan Chargers,CL White,S Dhawan,M Muralitharan,1,0,,,,,,"",""
ball,1,16.1,Deccan Chargers,CL White,S Dhawan,A Mithun,0,0,,,,,,"",""
ball,1,16.2,Deccan Chargers,CL White,S Dhawan,A Mithun,1,0,,,,,,"",""
ball,1,16.3,Deccan Chargers,S Dhawan,CL White,A Mithun,1,0,,,,,,"",""
ball,1,16.4,Deccan Chargers,CL White,S Dhawan,A Mithun,6,0,,,,,,"",""
ball,1,16.5,Deccan Chargers,CL White,S Dhawan,A Mithun,4,0,,,,,,"",""
ball,1,16.6,Deccan Chargers,CL White,S Dhawan,A Mithun,4,0,,,,,,"",""
ball,1,17.1,Deccan Chargers,S Dhawan,CL White,P Parameswaran,4,0,,,,,,"",""
ball,1,17.2,Deccan Chargers,S Dhawan,CL White,P Parameswaran,2,0,,,,,,"",""
ball,1,17.3,Deccan Chargers,S Dhawan,CL White,P Parameswaran,6,0,,,,,,"",""
ball,1,17.4,Deccan Chargers,S Dhawan,CL White,P Parameswaran,0,0,,,,,,"",""
ball,1,17.5,Deccan Chargers,S Dhawan,CL White,P Parameswaran,1,0,,,,,,"",""
ball,1,17.6,Deccan Chargers,CL White,S Dhawan,P Parameswaran,1,0,,,,,,"",""
ball,1,18.1,Deccan Chargers,CL White,S Dhawan,Z Khan,2,0,,,,,,"",""
ball,1,18.2,Deccan Chargers,CL White,S Dhawan,Z Khan,1,0,,,,,,"",""
ball,1,18.3,Deccan Chargers,S Dhawan,CL White,Z Khan,1,0,,,,,,"",""
ball,1,18.4,Deccan Chargers,CL White,S Dhawan,Z Khan,6,0,,,,,,"",""
ball,1,18.5,Deccan Chargers,CL White,S Dhawan,Z Khan,1,0,,,,,,"",""
ball,1,18.6,Deccan Chargers,S Dhawan,CL White,Z Khan,0,0,,,,,,"",""
ball,1,19.1,Deccan Chargers,CL White,S Dhawan,P Parameswaran,0,1,1,,,,,"",""
ball,1,19.2,Deccan Chargers,CL White,S Dhawan,P Parameswaran,0,0,,,,,,caught and bowled,CL White
ball,1,19.3,Deccan Chargers,S Dhawan,KC Sangakkara,P Parameswaran,1,0,,,,,,"",""
ball,1,19.4,Deccan Chargers,KC Sangakkara,S Dhawan,P Parameswaran,4,0,,,,,,"",""
ball,1,19.5,Deccan Chargers,KC Sangakkara,S Dhawan,P Parameswaran,0,1,,,,1,,"",""
ball,1,19.6,Deccan Chargers,S Dhawan,KC Sangakkara,P Parameswaran,0,1,,,1,,,"",""
ball,1,19.7,Deccan Chargers,KC Sangakkara,S Dhawan,P Parameswaran,6,0,,,,,,"",""
ball,2,0.1,Royal Challengers Bangalore,TM Dilshan,CH Gayle,S Dhawan,0,0,,,,,,"",""
ball,2,0.2,Royal Challengers Bangalore,TM Dilshan,CH Gayle,S Dhawan,1,0,,,,,,"",""
ball,2,0.3,Royal Challengers Bangalore,CH Gayle,TM Dilshan,S Dhawan,1,0,,,,,,"",""
ball,2,0.4,Royal Challengers Bangalore,TM Dilshan,CH Gayle,S Dhawan,4,0,,,,,,"",""
ball,2,0.5,Royal Challengers Bangalore,TM Dilshan,CH Gayle,S Dhawan,4,0,,,,,,"",""
ball,2,0.6,Royal Challengers Bangalore,TM Dilshan,CH Gayle,S Dhawan,1,0,,,,,,"",""
ball,2,1.1,Royal Challengers Bangalore,TM Dilshan,CH Gayle,DW Steyn,0,0,,,,,,"",""
ball,2,1.2,Royal Challengers Bangalore,TM Dilshan,CH Gayle,DW Steyn,2,0,,,,,,"",""
ball,2,1.3,Royal Challengers Bangalore,TM Dilshan,CH Gayle,DW Steyn,0,0,,,,,,"",""
ball,2,1.4,Royal Challengers Bangalore,TM Dilshan,CH Gayle,DW Steyn,4,0,,,,,,"",""
ball,2,1.5,Royal Challengers Bangalore,TM Dilshan,CH Gayle,DW Steyn,0,0,,,,,,"",""
ball,2,1.6,Royal Challengers Bangalore,TM Dilshan,CH Gayle,DW Steyn,1,0,,,,,,"",""
ball,2,2.1,Royal Challengers Bangalore,TM Dilshan,CH Gayle,V Pratap Singh,1,0,,,,,,"",""
ball,2,2.2,Royal Challengers Bangalore,CH Gayle,TM Dilshan,V Pratap Singh,1,0,,,,,,"",""
ball,2,2.3,Royal Challengers Bangalore,TM Dilshan,CH Gayle,V Pratap Singh,1,0,,,,,,"",""
ball,2,2.4,Royal Challengers Bangalore,CH Gayle,TM Dilshan,V Pratap Singh,1,0,,,,,,"",""
ball,2,2.5,Royal Challengers Bangalore,TM Dilshan,CH Gayle,V Pratap Singh,4,0,,,,,,"",""
ball,2,2.6,Royal Challengers Bangalore,TM Dilshan,CH Gayle,V Pratap Singh,0,0,,,,,,"",""
ball,2,3.1,Royal Challengers Bangalore,CH Gayle,TM Dilshan,DW Steyn,0,0,,,,,,"",""
ball,2,3.2,Royal Challengers Bangalore,CH Gayle,TM Dilshan,DW Steyn,0,0,,,,,,"",""
ball,2,3.3,Royal Challengers Bangalore,CH Gayle,TM Dilshan,DW Steyn,0,0,,,,,,"",""
ball,2,3.4,Royal Challengers Bangalore,CH Gayle,TM Dilshan,DW Steyn,0,0,,,,,,"",""
ball,2,3.5,Royal Challengers Bangalore,CH Gayle,TM Dilshan,DW Steyn,0,0,,,,,,"",""
ball,2,3.6,Royal Challengers Bangalore,CH Gayle,TM Dilshan,DW Steyn,0,0,,,,,,"",""
ball,2,4.1,Royal Challengers Bangalore,TM Dilshan,CH Gayle,V Pratap Singh,1,0,,,,,,"",""
ball,2,4.2,Royal Challengers Bangalore,CH Gayle,TM Dilshan,V Pratap Singh,1,0,,,,,,"",""
ball,2,4.3,Royal Challengers Bangalore,TM Dilshan,CH Gayle,V Pratap Singh,6,0,,,,,,"",""
ball,2,4.4,Royal Challengers Bangalore,TM Dilshan,CH Gayle,V Pratap Singh,0,0,,,,,,"",""
ball,2,4.5,Royal Challengers Bangalore,TM Dilshan,CH Gayle,V Pratap Singh,0,1,,,,1,,"",""
ball,2,4.6,Royal Challengers Bangalore,CH Gayle,TM Dilshan,V Pratap Singh,1,0,,,,,,"",""
ball,2,5.1,Royal Challengers Bangalore,CH Gayle,TM Dilshan,Anand Rajan,1,0,,,,,,"",""
ball,2,5.2,Royal Challengers Bangalore,TM Dilshan,CH Gayle,Anand Rajan,4,0,,,,,,"",""
ball,2,5.3,Royal Challengers Bangalore,TM Dilshan,CH Gayle,Anand Rajan,1,0,,,,,,"",""
ball,2,5.4,Royal Challengers Bangalore,CH Gayle,TM Dilshan,Anand Rajan,0,0,,,,,,"",""
ball,2,5.5,Royal Challengers Bangalore,CH Gayle,TM Dilshan,Anand Rajan,0,0,,,,,,"",""
ball,2,5.6,Royal Challengers Bangalore,CH Gayle,TM Dilshan,Anand Rajan,4,0,,,,,,"",""
ball,2,6.1,Royal Challengers Bangalore,TM Dilshan,CH Gayle,A Ashish Reddy,0,0,,,,,,"",""
ball,2,6.2,Royal Challengers Bangalore,TM Dilshan,CH Gayle,A Ashish Reddy,0,0,,,,,,"",""
ball,2,6.3,Royal Challengers Bangalore,TM Dilshan,CH Gayle,A Ashish Reddy,0,0,,,,,,"",""
ball,2,6.4,Royal Challengers Bangalore,TM Dilshan,CH Gayle,A Ashish Reddy,4,0,,,,,,"",""
ball,2,6.5,Royal Challengers Bangalore,TM Dilshan,CH Gayle,A Ashish Reddy,6,0,,,,,,"",""
ball,2,6.6,Royal Challengers Bangalore,TM Dilshan,CH Gayle,A Ashish Reddy,0,0,,,,,,"",""
ball,2,7.1,Royal Challengers Bangalore,CH Gayle,TM Dilshan,A Mishra,1,0,,,,,,"",""
ball,2,7.2,Royal Challengers Bangalore,TM Dilshan,CH Gayle,A Mishra,2,0,,,,,,"",""
ball,2,7.3,Royal Challengers Bangalore,TM Dilshan,CH Gayle,A Mishra,4,0,,,,,,"",""
ball,2,7.4,Royal Challengers Bangalore,TM Dilshan,CH Gayle,A Mishra,1,0,,,,,,"",""
ball,2,7.5,Royal Challengers Bangalore,CH Gayle,TM Dilshan,A Mishra,1,0,,,,,,"",""
ball,2,7.6,Royal Challengers Bangalore,TM Dilshan,CH Gayle,A Mishra,1,0,,,,,,"",""
ball,2,8.1,Royal Challengers Bangalore,TM Dilshan,CH Gayle,A Ashish Reddy,1,0,,,,,,"",""
ball,2,8.2,Royal Challengers Bangalore,CH Gayle,TM Dilshan,A Ashish Reddy,1,0,,,,,,"",""
ball,2,8.3,Royal Challengers Bangalore,TM Dilshan,CH Gayle,A Ashish Reddy,0,1,1,,,,,"",""
ball,2,8.4,Royal Challengers Bangalore,TM Dilshan,CH Gayle,A Ashish Reddy,0,0,,,,,,"",""
ball,2,8.5,Royal Challengers Bangalore,TM Dilshan,CH Gayle,A Ashish Reddy,0,0,,,,,,"",""
ball,2,8.6,Royal Challengers Bangalore,TM Dilshan,CH Gayle,A Ashish Reddy,2,0,,,,,,"",""
ball,2,8.7,Royal Challengers Bangalore,TM Dilshan,CH Gayle,A Ashish Reddy,3,0,,,,,,"",""
ball,2,9.1,Royal Challengers Bangalore,TM Dilshan,CH Gayle,A Mishra,0,0,,,,,,"",""
ball,2,9.2,Royal Challengers Bangalore,TM Dilshan,CH Gayle,A Mishra,0,0,,,,,,"",""
ball,2,9.3,Royal Challengers Bangalore,TM Dilshan,CH Gayle,A Mishra,1,0,,,,,,"",""
ball,2,9.4,Royal Challengers Bangalore,CH Gayle,TM Dilshan,A Mishra,1,0,,,,,,"",""
ball,2,9.5,Royal Challengers Bangalore,TM Dilshan,CH Gayle,A Mishra,1,0,,,,,,"",""
ball,2,9.6,Royal Challengers Bangalore,CH Gayle,TM Dilshan,A Mishra,6,0,,,,,,"",""
ball,2,10.1,Royal Challengers Bangalore,TM Dilshan,CH Gayle,Anand Rajan,0,0,,,,,,"",""
ball,2,10.2,Royal Challengers Bangalore,TM Dilshan,CH Gayle,Anand Rajan,1,0,,,,,,"",""
ball,2,10.3,Royal Challengers Bangalore,CH Gayle,TM Dilshan,Anand Rajan,0,1,1,,,,,"",""
ball,2,10.4,Royal Challengers Bangalore,CH Gayle,TM Dilshan,Anand Rajan,6,0,,,,,,"",""
ball,2,10.5,Royal Challengers Bangalore,CH Gayle,TM Dilshan,Anand Rajan,0,0,,,,,,bowled,CH Gayle
ball,2,10.6,Royal Challengers Bangalore,V Kohli,TM Dilshan,Anand Rajan,2,0,,,,,,"",""
ball,2,10.7,Royal Challengers Bangalore,V Kohli,TM Dilshan,Anand Rajan,0,0,,,,,,"",""
ball,2,11.1,Royal Challengers Bangalore,TM Dilshan,V Kohli,A Mishra,0,0,,,,,,"",""
ball,2,11.2,Royal Challengers Bangalore,TM Dilshan,V Kohli,A Mishra,1,0,,,,,,"",""
ball,2,11.3,Royal Challengers Bangalore,V Kohli,TM Dilshan,A Mishra,1,0,,,,,,"",""
ball,2,11.4,Royal Challengers Bangalore,TM Dilshan,V Kohli,A Mishra,1,0,,,,,,"",""
ball,2,11.5,Royal Challengers Bangalore,V Kohli,TM Dilshan,A Mishra,1,0,,,,,,"",""
ball,2,11.6,Royal Challengers Bangalore,TM Dilshan,V Kohli,A Mishra,0,0,,,,,,"",""
ball,2,12.1,Royal Challengers Bangalore,V Kohli,TM Dilshan,A Ashish Reddy,0,0,,,,,,"",""
ball,2,12.2,Royal Challengers Bangalore,V Kohli,TM Dilshan,A Ashish Reddy,0,0,,,,,,"",""
ball,2,12.3,Royal Challengers Bangalore,V Kohli,TM Dilshan,A Ashish Reddy,4,0,,,,,,"",""
ball,2,12.4,Royal Challengers Bangalore,V Kohli,TM Dilshan,A Ashish Reddy,1,0,,,,,,"",""
ball,2,12.5,Royal Challengers Bangalore,TM Dilshan,V Kohli,A Ashish Reddy,0,0,,,,,,"",""
ball,2,12.6,Royal Challengers Bangalore,TM Dilshan,V Kohli,A Ashish Reddy,0,0,,,,,,"",""
ball,2,13.1,Royal Challengers Bangalore,V Kohli,TM Dilshan,A Mishra,0,0,,,,,,caught,V Kohli
ball,2,13.2,Royal Challengers Bangalore,AUK Pathan,TM Dilshan,A Mishra,2,0,,,,,,"",""
ball,2,13.3,Royal Challengers Bangalore,AUK Pathan,TM Dilshan,A Mishra,2,0,,,,,,"",""
ball,2,13.4,Royal Challengers Bangalore,AUK Pathan,TM Dilshan,A Mishra,0,0,,,,,,"",""
ball,2,13.5,Royal Challengers Bangalore,AUK Pathan,TM Dilshan,A Mishra,0,0,,,,,,caught,AUK Pathan
ball,2,13.6,Royal Challengers Bangalore,TM Dilshan,AB de Villiers,A Mishra,1,0,,,,,,"",""
ball,2,14.1,Royal Challengers Bangalore,TM Dilshan,AB de Villiers,Anand Rajan,0,1,,,,1,,"",""
ball,2,14.2,Royal Challengers Bangalore,AB de Villiers,TM Dilshan,Anand Rajan,1,0,,,,,,"",""
ball,2,14.3,Royal Challengers Bangalore,TM Dilshan,AB de Villiers,Anand Rajan,1,0,,,,,,"",""
ball,2,14.4,Royal Challengers Bangalore,AB de Villiers,TM Dilshan,Anand Rajan,1,0,,,,,,"",""
ball,2,14.5,Royal Challengers Bangalore,TM Dilshan,AB de Villiers,Anand Rajan,0,1,1,,,,,"",""
ball,2,14.6,Royal Challengers Bangalore,TM Dilshan,AB de Villiers,Anand Rajan,1,0,,,,,,"",""
ball,2,14.7,Royal Challengers Bangalore,AB de Villiers,TM Dilshan,Anand Rajan,0,0,,,,,,"",""
ball,2,15.1,Royal Challengers Bangalore,TM Dilshan,AB de Villiers,V Pratap Singh,4,0,,,,,,"",""
ball,2,15.2,Royal Challengers Bangalore,TM Dilshan,AB de Villiers,V Pratap Singh,0,0,,,,,,bowled,TM Dilshan
ball,2,15.3,Royal Challengers Bangalore,MA Agarwal,AB de Villiers,V Pratap Singh,0,1,1,,,,,"",""
ball,2,15.4,Royal Challengers Bangalore,MA Agarwal,AB de Villiers,V Pratap Singh,1,0,,,,,,"",""
ball,2,15.5,Royal Challengers Bangalore,AB de Villiers,MA Agarwal,V Pratap Singh,1,0,,,,,,"",""
ball,2,15.6,Royal Challengers Bangalore,MA Agarwal,AB de Villiers,V Pratap Singh,6,0,,,,,,"",""
ball,2,15.7,Royal Challengers Bangalore,MA Agarwal,AB de Villiers,V Pratap Singh,4,0,,,,,,"",""
ball,2,16.1,Royal Challengers Bangalore,AB de Villiers,MA Agarwal,A Ashish Reddy,4,0,,,,,,"",""
ball,2,16.2,Royal Challengers Bangalore,AB de Villiers,MA Agarwal,A Ashish Reddy,1,0,,,,,,"",""
ball,2,16.3,Royal Challengers Bangalore,MA Agarwal,AB de Villiers,A Ashish Reddy,6,0,,,,,,"",""
ball,2,16.4,Royal Challengers Bangalore,MA Agarwal,AB de Villiers,A Ashish Reddy,1,0,,,,,,"",""
ball,2,16.5,Royal Challengers Bangalore,AB de Villiers,MA Agarwal,A Ashish Reddy,1,0,,,,,,"",""
ball,2,16.6,Royal Challengers Bangalore,MA Agarwal,AB de Villiers,A Ashish Reddy,0,0,,,,,,lbw,MA Agarwal
ball,2,17.1,Royal Challengers Bangalore,AB de Villiers,J Syed Mohammad,DW Steyn,6,0,,,,,,"",""
ball,2,17.2,Royal Challengers Bangalore,AB de Villiers,J Syed Mohammad,DW Steyn,2,0,,,,,,"",""
ball,2,17.3,Royal Challengers Bangalore,AB de Villiers,J Syed Mohammad,DW Steyn,4,0,,,,,,"",""
ball,2,17.4,Royal Challengers Bangalore,AB de Villiers,J Syed Mohammad,DW Steyn,6,0,,,,,,"",""
ball,2,17.5,Royal Challengers Bangalore,AB de Villiers,J Syed Mohammad,DW Steyn,4,0,,,,,,"",""
ball,2,17.6,Royal Challengers Bangalore,AB de Villiers,J Syed Mohammad,DW Steyn,1,0,,,,,,"",""
ball,2,18.1,Royal Challengers Bangalore,AB de Villiers,J Syed Mohammad,Anand Rajan,4,0,,,,,,"",""
ball,2,18.2,Royal Challengers Bangalore,AB de Villiers,J Syed Mohammad,Anand Rajan,4,0,,,,,,"",""
ball,2,18.3,Royal Challengers Bangalore,AB de Villiers,J Syed Mohammad,Anand Rajan,6,0,,,,,,"",""
ball,2,18.4,Royal Challengers Bangalore,AB de Villiers,J Syed Mohammad,Anand Rajan,1,0,,,,,,"",""
ball,2,18.5,Royal Challengers Bangalore,J Syed Mohammad,AB de Villiers,Anand Rajan,4,0,,,,,,"",""
