version,1.6.0
info,balls_per_over,6
info,team,Delhi Daredevils
info,team,Kolkata Knight Riders
info,gender,male
info,season,2012
info,date,2012/05/22
info,event,Indian Premier League
info,venue,Subrata Roy Sahara Stadium
info,city,Pune
info,toss_winner,Kolkata Knight Riders
info,toss_decision,bat
info,player_of_match,YK Pathan
info,umpire,BR Doctrove
info,umpire,SJA Taufel
info,reserve_umpire,NA Patwardhan
info,tv_umpire,HDPK Dharmasena
info,match_referee,AJ Pycroft
info,winner,Kolkata Knight Riders
info,winner_runs,18
info,player,Delhi Daredevils,DA Warner
info,player,Delhi Daredevils,V Sehwag
info,player,Delhi Daredevils,NV Ojha
info,player,Delhi Daredevils,DPMD Jayawardene
info,player,Delhi Daredevils,Y Venugopal Rao
info,player,Delhi Daredevils,P Negi
info,player,Delhi Daredevils,LRPL Taylor
info,player,Delhi Daredevils,IK Pathan
info,player,Delhi Daredevils,M Morkel
info,player,Delhi Daredevils,UT Yadav
info,player,Delhi Daredevils,VR Aaron
info,player,Kolkata Knight Riders,BB McCullum
info,player,Kolkata Knight Riders,G Gambhir
info,player,Kolkata Knight Riders,JH Kallis
info,player,Kolkata Knight Riders,Shakib Al Hasan
info,player,Kolkata Knight Riders,YK Pathan
info,player,Kolkata Knight Riders,LR Shukla
info,player,Kolkata Knight Riders,DB Das
info,player,Kolkata Knight Riders,R Bhatia
info,player,Kolkata Knight Riders,Iqbal Abdulla
info,player,Kolkata Knight Riders,SP Narine
info,player,Kolkata Knight Riders,L Balaji
info,registry,people,AJ Pycroft,685d3f80
info,registry,people,BB McCullum,b8a55852
info,registry,people,BR Doctrove,cbebf805
info,registry,people,DA Warner,dcce6f09
info,registry,people,DB Das,7050a1e7
info,registry,people,DPMD Jayawardene,d18f9182
info,registry,people,G Gambhir,bb345e0b
info,registry,people,HDPK Dharmasena,323e4c16
info,registry,people,IK Pathan,5fa06777
info,registry,people,Iqbal Abdulla,85aae393
info,registry,people,JH Kallis,86dc8f2e
info,registry,people,L Balaji,b2b50355
info,registry,people,LR Shukla,b1451597
info,registry,people,LRPL Taylor,b61a3e1a
info,registry,people,M Morkel,5bb5a915
info,registry,people,NA Patwardhan,e6ef687d
info,registry,people,NV Ojha,890946a0
info,registry,people,P Negi,f62772e5
info,registry,people,PJ Sangwan,9fc0ef64
info,registry,people,R Bhatia,33a364a6
info,registry,people,SJA Taufel,4b43d5ac
info,registry,people,SP Narine,9d430b40
info,registry,people,Shakib Al Hasan,7dc35884
info,registry,people,UT Yadav,cc1e8c68
info,registry,people,V Sehwag,8ba8195d
info,registry,people,VR Aaron,0a3d54b9
info,registry,people,Y Venugopal Rao,fe763256
info,registry,people,YK Pathan,3c6ffae8
ball,1,0.1,Kolkata Knight Riders,BB McCullum,G Gambhir,IK Pathan,0,0,,,,,,"",""
ball,1,0.2,Kolkata Knight Riders,BB McCullum,G Gambhir,IK Pathan,0,0,,,,,,"",""
ball,1,0.3,Kolkata Knight Riders,BB McCullum,G Gambhir,IK Pathan,0,0,,,,,,"",""
ball,1,0.4,Kolkata Knight Riders,BB McCullum,G Gambhir,IK Pathan,4,0,,,,,,"",""
ball,1,0.5,Kolkata Knight Riders,BB McCullum,G Gambhir,IK Pathan,0,1,1,,,,,"",""
ball,1,0.6,Kolkata Knight Riders,BB McCullum,G Gambhir,IK Pathan,0,0,,,,,,"",""
ball,1,0.7,Kolkata Knight Riders,BB McCullum,G Gambhir,IK Pathan,0,0,,,,,,"",""
ball,1,1.1,Kolkata Knight Riders,G Gambhir,BB McCullum,UT Yadav,0,0,,,,,,"",""
ball,1,1.2,Kolkata Knight Riders,G Gambhir,BB McCullum,UT Yadav,1,0,,,,,,"",""
ball,1,1.3,Kolkata Knight Riders,BB McCullum,G Gambhir,UT Yadav,1,0,,,,,,"",""
ball,1,1.4,Kolkata Knight Riders,G Gambhir,BB McCullum,UT Yadav,6,0,,,,,,"",""
ball,1,1.5,Kolkata Knight Riders,G Gambhir,BB McCullum,UT Yadav,1,0,,,,,,"",""
ball,1,1.6,Kolkata Knight Riders,BB McCullum,G Gambhir,UT Yadav,0,0,,,,,,"",""
ball,1,2.1,Kolkata Knight Riders,G Gambhir,BB McCullum,M Morkel,1,0,,,,,,"",""
ball,1,2.2,Kolkata Knight Riders,BB McCullum,G Gambhir,M Morkel,0,0,,,,,,"",""
ball,1,2.3,Kolkata Knight Riders,BB McCullum,G Gambhir,M Morkel,4,0,,,,,,"",""
ball,1,2.4,Kolkata Knight Riders,BB McCullum,G Gambhir,M Morkel,0,0,,,,,,"",""
ball,1,2.5,Kolkata Knight Riders,BB McCullum,G Gambhir,M Morkel,0,0,,,,,,"",""
ball,1,2.6,Kolkata Knight Riders,BB McCullum,G Gambhir,M Morkel,0,1,,,,1,,"",""
ball,1,3.1,Kolkata Knight Riders,BB McCullum,G Gambhir,VR Aaron,1,0,,,,,,"",""
ball,1,3.2,Kolkata Knight Riders,G Gambhir,BB McCullum,VR Aaron,1,0,,,,,,"",""
ball,1,3.3,Kolkata Knight Riders,BB McCullum,G Gambhir,VR Aaron,1,0,,,,,,"",""
ball,1,3.4,Kolkata Knight Riders,G Gambhir,BB McCullum,VR Aaron,4,0,,,,,,"",""
ball,1,3.5,Kolkata Knight Riders,G Gambhir,BB McCullum,VR Aaron,0,0,,,,,,"",""
ball,1,3.6,Kolkata Knight Riders,G Gambhir,BB McCullum,VR Aaron,1,0,,,,,,"",""
ball,1,4.1,Kolkata Knight Riders,G Gambhir,BB McCullum,M Morkel,4,0,,,,,,"",""
ball,1,4.2,Kolkata Knight Riders,G Gambhir,BB McCullum,M Morkel,1,0,,,,,,"",""
ball,1,4.3,Kolkata Knight Riders,BB McCullum,G Gambhir,M Morkel,1,0,,,,,,"",""
ball,1,4.4,Kolkata Knight Riders,G Gambhir,BB McCullum,M Morkel,1,0,,,,,,"",""
ball,1,4.5,Kolkata Knight Riders,BB McCullum,G Gambhir,M Morkel,1,0,,,,,,"",""
ball,1,4.6,Kolkata Knight Riders,G Gambhir,BB McCullum,M Morkel,0,0,,,,,,"",""
ball,1,5.1,Kolkata Knight Riders,BB McCullum,G Gambhir,VR Aaron,1,0,,,,,,"",""
ball,1,5.2,Kolkata Knight Riders,G Gambhir,BB McCullum,VR Aaron,6,0,,,,,,"",""
ball,1,5.3,Kolkata Knight Riders,G Gambhir,BB McCullum,VR Aaron,4,0,,,,,,"",""
ball,1,5.4,Kolkata Knight Riders,G Gambhir,BB McCullum,VR Aaron,1,0,,,,,,"",""
ball,1,5.5,Kolkata Knight Riders,BB McCullum,G Gambhir,VR Aaron,0,0,,,,,,run out,G Gambhir
ball,1,5.6,Kolkata Knight Riders,BB McCullum,JH Kallis,VR Aaron,0,0,,,,,,"",""
ball,1,6.1,Kolkata Knight Riders,JH Kallis,BB McCullum,P Negi,0,0,,,,,,"",""
ball,1,6.2,Kolkata Knight Riders,JH Kallis,BB McCullum,P Negi,1,0,,,,,,"",""
ball,1,6.3,Kolkata Knight Riders,BB McCullum,JH Kallis,P Negi,0,0,,,,,,"",""
ball,1,6.4,Kolkata Knight Riders,BB McCullum,JH Kallis,P Negi,1,0,,,,,,"",""
ball,1,6.5,Kolkata Knight Riders,JH Kallis,BB McCullum,P Negi,0,0,,,,,,"",""
ball,1,6.6,Kolkata Knight Riders,JH Kallis,BB McCullum,P Negi,1,0,,,,,,"",""
ball,1,7.1,Kolkata Knight Riders,JH Kallis,BB McCullum,IK Pathan,1,0,,,,,,"",""
ball,1,7.2,Kolkata Knight Riders,BB McCullum,JH Kallis,IK Pathan,1,0,,,,,,"",""
ball,1,7.3,Kolkata Knight Riders,JH Kallis,BB McCullum,IK Pathan,1,0,,,,,,"",""
ball,1,7.4,Kolkata Knight Riders,BB McCullum,JH Kallis,IK Pathan,0,0,,,,,,"",""
ball,1,7.5,Kolkata Knight Riders,BB McCullum,JH Kallis,IK Pathan,1,0,,,,,,"",""
ball,1,7.6,Kolkata Knight Riders,JH Kallis,BB McCullum,IK Pathan,0,0,,,,,,"",""
ball,1,8.1,Kolkata Knight Riders,BB McCullum,JH Kallis,P Negi,2,0,,,,,,"",""
ball,1,8.2,Kolkata Knight Riders,BB McCullum,JH Kallis,P Negi,1,0,,,,,,"",""
ball,1,8.3,Kolkata Knight Riders,JH Kallis,BB McCullum,P Negi,0,0,,,,,,"",""
ball,1,8.4,Kolkata Knight Riders,JH Kallis,BB McCullum,P Negi,1,0,,,,,,"",""
ball,1,8.5,Kolkata Knight Riders,BB McCullum,JH Kallis,P Negi,1,0,,,,,,"",""
ball,1,8.6,Kolkata Knight Riders,JH Kallis,BB McCullum,P Negi,1,0,,,,,,"",""
ball,1,9.1,Kolkata Knight Riders,JH Kallis,BB McCullum,IK Pathan,0,0,,,,,,"",""
ball,1,9.2,Kolkata Knight Riders,JH Kallis,BB McCullum,IK Pathan,4,0,,,,,,"",""
ball,1,9.3,Kolkata Knight Riders,JH Kallis,BB McCullum,IK Pathan,0,0,,,,,,"",""
ball,1,9.4,Kolkata Knight Riders,JH Kallis,BB McCullum,IK Pathan,1,0,,,,,,"",""
ball,1,9.5,Kolkata Knight Riders,BB McCullum,JH Kallis,IK Pathan,1,0,,,,,,"",""
ball,1,9.6,Kolkata Knight Riders,JH Kallis,BB McCullum,IK Pathan,1,0,,,,,,"",""
ball,1,10.1,Kolkata Knight Riders,JH Kallis,BB McCullum,P Negi,1,0,,,,,,"",""
ball,1,10.2,Kolkata Knight Riders,BB McCullum,JH Kallis,P Negi,1,0,,,,,,"",""
ball,1,10.3,Kolkata Knight Riders,JH Kallis,BB McCullum,P Negi,0,0,,,,,,"",""
ball,1,10.4,Kolkata Knight Riders,JH Kallis,BB McCullum,P Negi,0,0,,,,,,"",""
ball,1,10.5,Kolkata Knight Riders,JH Kallis,BB McCullum,P Negi,0,0,,,,,,"",""
ball,1,10.6,Kolkata Knight Riders,JH Kallis,BB McCullum,P Negi,0,1,,,,1,,"",""
ball,1,11.1,Kolkata Knight Riders,JH Kallis,BB McCullum,UT Yadav,1,0,,,,,,"",""
ball,1,11.2,Kolkata Knight Riders,BB McCullum,JH Kallis,UT Yadav,1,0,,,,,,"",""
ball,1,11.3,Kolkata Knight Riders,JH Kallis,BB McCullum,UT Yadav,2,0,,,,,,"",""
ball,1,11.4,Kolkata Knight Riders,JH Kallis,BB McCullum,UT Yadav,4,0,,,,,,"",""
ball,1,11.5,Kolkata Knight Riders,JH Kallis,BB McCullum,UT Yadav,1,0,,,,,,"",""
ball,1,11.6,Kolkata Knight Riders,BB McCullum,JH Kallis,UT Yadav,1,0,,,,,,"",""
ball,1,12.1,Kolkata Knight Riders,BB McCullum,JH Kallis,P Negi,0,0,,,,,,"",""
ball,1,12.2,Kolkata Knight Riders,BB McCullum,JH Kallis,P Negi,6,0,,,,,,"",""
ball,1,12.3,Kolkata Knight Riders,BB McCullum,JH Kallis,P Negi,0,0,,,,,,"",""
ball,1,12.4,Kolkata Knight Riders,BB McCullum,JH Kallis,P Negi,0,0,,,,,,caught,BB McCullum
ball,1,12.5,Kolkata Knight Riders,JH Kallis,Shakib Al Hasan,P Negi,1,0,,,,,,"",""
ball,1,12.6,Kolkata Knight Riders,Shakib Al Hasan,JH Kallis,P Negi,0,0,,,,,,"",""
ball,1,13.1,Kolkata Knight Riders,JH Kallis,Shakib Al Hasan,IK Pathan,1,0,,,,,,"",""
ball,1,13.2,Kolkata Knight Riders,Shakib Al Hasan,JH Kallis,IK Pathan,1,0,,,,,,"",""
ball,1,13.3,Kolkata Knight Riders,JH Kallis,Shakib Al Hasan,IK Pathan,1,0,,,,,,"",""
ball,1,13.4,Kolkata Knight Riders,Shakib Al Hasan,JH Kallis,IK Pathan,0,0,,,,,,caught,Shakib Al Hasan
ball,1,13.5,Kolkata Knight Riders,YK Pathan,JH Kallis,IK Pathan,1,0,,,,,,"",""
ball,1,13.6,Kolkata Knight Riders,JH Kallis,YK Pathan,IK Pathan,0,0,,,,,,"",""
ball,1,14.1,Kolkata Knight Riders,YK Pathan,JH Kallis,VR Aaron,0,0,,,,,,"",""
ball,1,14.2,Kolkata Knight Riders,YK Pathan,JH Kallis,VR Aaron,0,0,,,,,,"",""
ball,1,14.3,Kolkata Knight Riders,YK Pathan,JH Kallis,VR Aaron,1,0,,,,,,"",""
ball,1,14.4,Kolkata Knight Riders,JH Kallis,YK Pathan,VR Aaron,1,0,,,,,,"",""
ball,1,14.5,Kolkata Knight Riders,YK Pathan,JH Kallis,VR Aaron,2,0,,,,,,"",""
ball,1,14.6,Kolkata Knight Riders,YK Pathan,JH Kallis,VR Aaron,3,0,,,,,,"",""
ball,1,15.1,Kolkata Knight Riders,YK Pathan,JH Kallis,UT Yadav,1,0,,,,,,"",""
ball,1,15.2,Kolkata Knight Riders,JH Kallis,YK Pathan,UT Yadav,4,0,,,,,,"",""
ball,1,15.3,Kolkata Knight Riders,JH Kallis,YK Pathan,UT Yadav,0,0,,,,,,"",""
ball,1,15.4,Kolkata Knight Riders,JH Kallis,YK Pathan,UT Yadav,1,0,,,,,,"",""
ball,1,15.5,Kolkata Knight Riders,YK Pathan,JH Kallis,UT Yadav,1,0,,,,,,"",""
ball,1,15.6,Kolkata Knight Riders,JH Kallis,YK Pathan,UT Yadav,0,0,,,,,,caught,JH Kallis
ball,1,16.1,Kolkata Knight Riders,YK Pathan,LR Shukla,M Morkel,0,0,,,,,,"",""
ball,1,16.2,Kolkata Knight Riders,YK Pathan,LR Shukla,M Morkel,1,0,,,,,,"",""
ball,1,16.3,Kolkata Knight Riders,LR Shukla,YK Pathan,M Morkel,1,0,,,,,,"",""
ball,1,16.4,Kolkata Knight Riders,YK Pathan,LR Shukla,M Morkel,6,0,,,,,,"",""
ball,1,16.5,Kolkata Knight Riders,YK Pathan,LR Shukla,M Morkel,0,0,,,,,,"",""
ball,1,16.6,Kolkata Knight Riders,YK Pathan,LR Shukla,M Morkel,1,0,,,,,,"",""
ball,1,17.1,Kolkata Knight Riders,YK Pathan,LR Shukla,UT Yadav,1,0,,,,,,"",""
ball,1,17.2,Kolkata Knight Riders,LR Shukla,YK Pathan,UT Yadav,4,0,,,,,,"",""
ball,1,17.3,Kolkata Knight Riders,LR Shukla,YK Pathan,UT Yadav,0,0,,,,,,"",""
ball,1,17.4,Kolkata Knight Riders,LR Shukla,YK Pathan,UT Yadav,1,0,,,,,,"",""
ball,1,17.5,Kolkata Knight Riders,YK Pathan,LR Shukla,UT Yadav,0,0,,,,,,"",""
ball,1,17.6,Kolkata Knight Riders,YK Pathan,LR Shukla,UT Yadav,0,1,1,,,,,"",""
ball,1,17.7,Kolkata Knight Riders,YK Pathan,LR Shukla,UT Yadav,4,0,,,,,,"",""
ball,1,18.1,Kolkata Knight Riders,LR Shukla,YK Pathan,M Morkel,0,0,,,,,,"",""
ball,1,18.2,Kolkata Knight Riders,LR Shukla,YK Pathan,M Morkel,4,0,,,,,,"",""
ball,1,18.3,Kolkata Knight Riders,LR Shukla,YK Pathan,M Morkel,6,0,,,,,,"",""
ball,1,18.4,Kolkata Knight Riders,LR Shukla,YK Pathan,M Morkel,1,0,,,,,,"",""
ball,1,18.5,Kolkata Knight Riders,YK Pathan,LR Shukla,M Morkel,2,0,,,,,,"",""
ball,1,18.6,Kolkata Knight Riders,YK Pathan,LR Shukla,M Morkel,2,0,,,,,,"",""
ball,1,19.1,Kolkata Knight Riders,LR Shukla,YK Pathan,VR Aaron,4,0,,,,,,"",""
ball,1,19.2,Kolkata Knight Riders,LR Shukla,YK Pathan,VR Aaron,2,0,,,,,,"",""
ball,1,19.3,Kolkata Knight Riders,LR Shukla,YK Pathan,VR Aaron,1,0,,,,,,"",""
ball,1,19.4,Kolkata Knight Riders,YK Pathan,LR Shukla,VR Aaron,6,0,,,,,,"",""
ball,1,19.5,Kolkata Knight Riders,YK Pathan,LR Shukla,VR Aaron,4,0,,,,,,"",""
ball,1,19.6,Kolkata Knight Riders,YK Pathan,LR Shukla,VR Aaron,4,0,,,,,,"",""
ball,2,0.1,Delhi Daredevils,DA Warner,V Sehwag,L Balaji,0,1,,,,1,,"",""
ball,2,0.2,Delhi Daredevils,V Sehwag,DA Warner,L Balaji,4,0,,,,,,"",""
ball,2,0.3,Delhi Daredevils,V Sehwag,DA Warner,L Balaji,1,0,,,,,,"",""
ball,2,0.4,Delhi Daredevils,DA Warner,V Sehwag,L Balaji,1,0,,,,,,"",""
ball,2,0.5,Delhi Daredevils,V Sehwag,DA Warner,L Balaji,1,0,,,,,,"",""
ball,2,0.6,Delhi Daredevils,DA Warner,V Sehwag,L Balaji,0,2,2,,,,,"",""
ball,2,0.7,Delhi Daredevils,V Sehwag,DA Warner,L Balaji,1,0,,,,,,"",""
ball,2,1.1,Delhi Daredevils,V Sehwag,DA Warner,Shakib Al Hasan,2,0,,,,,,"",""
ball,2,1.2,Delhi Daredevils,V Sehwag,DA Warner,Shakib Al Hasan,1,0,,,,,,"",""
ball,2,1.3,Delhi Daredevils,DA Warner,V Sehwag,Shakib Al Hasan,0,4,,,4,,,"",""
ball,2,1.4,Delhi Daredevils,DA Warner,V Sehwag,Shakib Al Hasan,0,0,,,,,,"",""
ball,2,1.5,Delhi Daredevils,DA Warner,V Sehwag,Shakib Al Hasan,6,0,,,,,,"",""
ball,2,1.6,Delhi Daredevils,DA Warner,V Sehwag,Shakib Al Hasan,0,0,,,,,,caught,DA Warner
ball,2,2.1,Delhi Daredevils,V Sehwag,NV Ojha,L Balaji,0,0,,,,,,caught,V Sehwag
ball,2,2.2,Delhi Daredevils,DPMD Jayawardene,NV Ojha,L Balaji,1,0,,,,,,"",""
ball,2,2.3,Delhi Daredevils,NV Ojha,DPMD Jayawardene,L Balaji,0,0,,,,,,"",""
ball,2,2.4,Delhi Daredevils,NV Ojha,DPMD Jayawardene,L Balaji,0,0,,,,,,"",""
ball,2,2.5,Delhi Daredevils,NV Ojha,DPMD Jayawardene,L Balaji,0,0,,,,,,"",""
ball,2,2.6,Delhi Daredevils,NV Ojha,DPMD Jayawardene,L Balaji,0,0,,,,,,"",""
ball,2,3.1,Delhi Daredevils,DPMD Jayawardene,NV Ojha,Shakib Al Hasan,0,0,,,,,,"",""
ball,2,3.2,Delhi Daredevils,DPMD Jayawardene,NV Ojha,Shakib Al Hasan,4,0,,,,,,"",""
ball,2,3.3,Delhi Daredevils,DPMD Jayawardene,NV Ojha,Shakib Al Hasan,0,1,,,,1,,"",""
ball,2,3.4,Delhi Daredevils,NV Ojha,DPMD Jayawardene,Shakib Al Hasan,0,0,,,,,,"",""
ball,2,3.5,Delhi Daredevils,NV Ojha,DPMD Jayawardene,Shakib Al Hasan,4,0,,,,,,"",""
ball,2,3.6,Delhi Daredevils,NV Ojha,DPMD Jayawardene,Shakib Al Hasan,6,0,,,,,,"",""
ball,2,4.1,Delhi Daredevils,DPMD Jayawardene,NV Ojha,JH Kallis,1,0,,,,,,"",""
ball,2,4.2,Delhi Daredevils,NV Ojha,DPMD Jayawardene,JH Kallis,0,0,,,,,,"",""
ball,2,4.3,Delhi Daredevils,NV Ojha,DPMD Jayawardene,JH Kallis,1,0,,,,,,"",""
ball,2,4.4,Delhi Daredevils,DPMD Jayawardene,NV Ojha,JH Kallis,4,0,,,,,,"",""
ball,2,4.5,Delhi Daredevils,DPMD Jayawardene,NV Ojha,JH Kallis,0,1,1,,,,,"",""
ball,2,4.6,Delhi Daredevils,DPMD Jayawardene,NV Ojha,JH Kallis,0,0,,,,,,"",""
ball,2,4.7,Delhi Daredevils,DPMD Jayawardene,NV Ojha,JH Kallis,0,0,,,,,,"",""
ball,2,5.1,Delhi Daredevils,NV Ojha,DPMD Jayawardene,SP Narine,0,0,,,,,,"",""
ball,2,5.2,Delhi Daredevils,NV Ojha,DPMD Jayawardene,SP Narine,0,0,,,,,,"",""
ball,2,5.3,Delhi Daredevils,NV Ojha,DPMD Jayawardene,SP Narine,1,0,,,,,,"",""
ball,2,5.4,Delhi Daredevils,DPMD Jayawardene,NV Ojha,SP Narine,1,0,,,,,,"",""
ball,2,5.5,Delhi Daredevils,NV Ojha,DPMD Jayawardene,SP Narine,0,0,,,,,,"",""
ball,2,5.6,Delhi Daredevils,NV Ojha,DPMD Jayawardene,SP Narine,0,0,,,,,,"",""
ball,2,6.1,Delhi Daredevils,DPMD Jayawardene,NV Ojha,JH Kallis,1,0,,,,,,"",""
ball,2,6.2,Delhi Daredevils,NV Ojha,DPMD Jayawardene,JH Kallis,1,0,,,,,,"",""
ball,2,6.3,Delhi Daredevils,DPMD Jayawardene,NV Ojha,JH Kallis,0,1,1,,,,,"",""
ball,2,6.4,Delhi Daredevils,DPMD Jayawardene,NV Ojha,JH Kallis,0,1,,,,1,,"",""
ball,2,6.5,Delhi Daredevils,NV Ojha,DPMD Jayawardene,JH Kallis,0,0,,,,,,"",""
ball,2,6.6,Delhi Daredevils,NV Ojha,DPMD Jayawardene,JH Kallis,0,0,,,,,,"",""
ball,2,6.7,Delhi Daredevils,NV Ojha,DPMD Jayawardene,JH Kallis,4,0,,,,,,"",""
ball,2,7.1,Delhi Daredevils,DPMD Jayawardene,NV Ojha,Iqbal Abdulla,1,0,,,,,,"",""
ball,2,7.2,Delhi Daredevils,NV Ojha,DPMD Jayawardene,Iqbal Abdulla,1,0,,,,,,"",""
ball,2,7.3,Delhi Daredevils,DPMD Jayawardene,NV Ojha,Iqbal Abdulla,1,0,,,,,,"",""
ball,2,7.4,Delhi Daredevils,NV Ojha,DPMD Jayawardene,Iqbal Abdulla,1,0,,,,,,"",""
ball,2,7.5,Delhi Daredevils,DPMD Jayawardene,NV Ojha,Iqbal Abdulla,1,0,,,,,,"",""
ball,2,7.6,Delhi Daredevils,NV Ojha,DPMD Jayawardene,Iqbal Abdulla,0,0,,,,,,"",""
ball,2,8.1,Delhi Daredevils,DPMD Jayawardene,NV Ojha,R Bhatia,1,0,,,,,,"",""
ball,2,8.2,Delhi Daredevils,NV Ojha,DPMD Jayawardene,R Bhatia,0,0,,,,,,"",""
ball,2,8.3,Delhi Daredevils,NV Ojha,DPMD Jayawardene,R Bhatia,4,0,,,,,,"",""
ball,2,8.4,Delhi Daredevils,NV Ojha,DPMD Jayawardene,R Bhatia,4,0,,,,,,"",""
ball,2,8.5,Delhi Daredevils,NV Ojha,DPMD Jayawardene,R Bhatia,1,0,,,,,,"",""
ball,2,8.6,Delhi Daredevils,DPMD Jayawardene,NV Ojha,R Bhatia,1,0,,,,,,"",""
ball,2,9.1,Delhi Daredevils,DPMD Jayawardene,NV Ojha,Iqbal Abdulla,0,0,,,,,,"",""
ball,2,9.2,Delhi Daredevils,DPMD Jayawardene,NV Ojha,Iqbal Abdulla,1,0,,,,,,"",""
ball,2,9.3,Delhi Daredevils,NV Ojha,DPMD Jayawardene,Iqbal Abdulla,0,1,,,,1,,"",""
ball,2,9.4,Delhi Daredevils,DPMD Jayawardene,NV Ojha,Iqbal Abdulla,0,0,,,,,,"",""
ball,2,9.5,Delhi Daredevils,DPMD Jayawardene,NV Ojha,Iqbal Abdulla,4,0,,,,,,"",""
ball,2,9.6,Delhi Daredevils,DPMD Jayawardene,NV Ojha,Iqbal Abdulla,4,0,,,,,,"",""
ball,2,10.1,Delhi Daredevils,NV Ojha,DPMD Jayawardene,R Bhatia,0,0,,,,,,"",""
ball,2,10.2,Delhi Daredevils,NV Ojha,DPMD Jayawardene,R Bhatia,0,0,,,,,,caught,NV Ojha
ball,2,10.3,Delhi Daredevils,Y Venugopal Rao,DPMD Jayawardene,R Bhatia,0,0,,,,,,"",""
ball,2,10.4,Delhi Daredevils,Y Venugopal Rao,DPMD Jayawardene,R Bhatia,0,0,,,,,,"",""
ball,2,10.5,Delhi Daredevils,Y Venugopal Rao,DPMD Jayawardene,R Bhatia,1,0,,,,,,"",""
ball,2,10.6,Delhi Daredevils,DPMD Jayawardene,Y Venugopal Rao,R Bhatia,4,0,,,,,,"",""
ball,2,11.1,Delhi Daredevils,Y Venugopal Rao,DPMD Jayawardene,Iqbal Abdulla,1,0,,,,,,"",""
ball,2,11.2,Delhi Daredevils,DPMD Jayawardene,Y Venugopal Rao,Iqbal Abdulla,0,0,,,,,,"",""
ball,2,11.3,Delhi Daredevils,DPMD Jayawardene,Y Venugopal Rao,Iqbal Abdulla,4,0,,,,,,"",""
ball,2,11.4,Delhi Daredevils,DPMD Jayawardene,Y Venugopal Rao,Iqbal Abdulla,0,0,,,,,,"",""
ball,2,11.5,Delhi Daredevils,DPMD Jayawardene,Y Venugopal Rao,Iqbal Abdulla,1,0,,,,,,"",""
ball,2,11.6,Delhi Daredevils,Y Venugopal Rao,DPMD Jayawardene,Iqbal Abdulla,0,1,,,,1,,"",""
ball,2,12.1,Delhi Daredevils,Y Venugopal Rao,DPMD Jayawardene,SP Narine,0,0,,,,,,"",""
ball,2,12.2,Delhi Daredevils,Y Venugopal Rao,DPMD Jayawardene,SP Narine,2,0,,,,,,"",""
ball,2,12.3,Delhi Daredevils,Y Venugopal Rao,DPMD Jayawardene,SP Narine,1,0,,,,,,"",""
ball,2,12.4,Delhi Daredevils,DPMD Jayawardene,Y Venugopal Rao,SP Narine,2,0,,,,,,"",""
ball,2,12.5,Delhi Daredevils,DPMD Jayawardene,Y Venugopal Rao,SP Narine,0,0,,,,,,"",""
ball,2,12.6,Delhi Daredevils,DPMD Jayawardene,Y Venugopal Rao,SP Narine,0,0,,,,,,"",""
ball,2,13.1,Delhi Daredevils,Y Venugopal Rao,DPMD Jayawardene,Shakib Al Hasan,0,0,,,,,,"",""
ball,2,13.2,Delhi Daredevils,Y Venugopal Rao,DPMD Jayawardene,Shakib Al Hasan,1,0,,,,,,"",""
ball,2,13.3,Delhi Daredevils,DPMD Jayawardene,Y Venugopal Rao,Shakib Al Hasan,1,0,,,,,,"",""
ball,2,13.4,Delhi Daredevils,Y Venugopal Rao,DPMD Jayawardene,Shakib Al Hasan,1,0,,,,,,"",""
ball,2,13.5,Delhi Daredevils,DPMD Jayawardene,Y Venugopal Rao,Shakib Al Hasan,1,0,,,,,,"",""
ball,2,13.6,Delhi Daredevils,Y Venugopal Rao,DPMD Jayawardene,Shakib Al Hasan,1,0,,,,,,"",""
ball,2,14.1,Delhi Daredevils,Y Venugopal Rao,DPMD Jayawardene,Iqbal Abdulla,1,0,,,,,,"",""
ball,2,14.2,Delhi Daredevils,DPMD Jayawardene,Y Venugopal Rao,Iqbal Abdulla,1,0,,,,,,"",""
ball,2,14.3,Delhi Daredevils,Y Venugopal Rao,DPMD Jayawardene,Iqbal Abdulla,1,0,,,,,,"",""
ball,2,14.4,Delhi Daredevils,DPMD Jayawardene,Y Venugopal Rao,Iqbal Abdulla,0,0,,,,,,stumped,DPMD Jayawardene
ball,2,14.5,Delhi Daredevils,P Negi,Y Venugopal Rao,Iqbal Abdulla,1,0,,,,,,"",""
ball,2,14.6,Delhi Daredevils,Y Venugopal Rao,P Negi,Iqbal Abdulla,0,0,,,,,,"",""
ball,2,15.1,Delhi Daredevils,P Negi,Y Venugopal Rao,Shakib Al Hasan,4,0,,,,,,"",""
ball,2,15.2,Delhi Daredevils,P Negi,Y Venugopal Rao,Shakib Al Hasan,1,0,,,,,,"",""
ball,2,15.3,Delhi Daredevils,Y Venugopal Rao,P Negi,Shakib Al Hasan,1,0,,,,,,"",""
ball,2,15.4,Delhi Daredevils,P Negi,Y Venugopal Rao,Shakib Al Hasan,1,0,,,,,,"",""
ball,2,15.5,Delhi Daredevils,Y Venugopal Rao,P Negi,Shakib Al Hasan,0,0,,,,,,"",""
ball,2,15.6,Delhi Daredevils,Y Venugopal Rao,P Negi,Shakib Al Hasan,1,0,,,,,,"",""
ball,2,16.1,Delhi Daredevils,Y Venugopal Rao,P Negi,JH Kallis,0,0,,,,,,"",""
ball,2,16.2,Delhi Daredevils,Y Venugopal Rao,P Negi,JH Kallis,1,0,,,,,,"",""
ball,2,16.3,Delhi Daredevils,P Negi,Y Venugopal Rao,JH Kallis,1,0,,,,,,"",""
ball,2,16.4,Delhi Daredevils,Y Venugopal Rao,P Negi,JH Kallis,0,1,1,,,,,"",""
ball,2,16.5,Delhi Daredevils,Y Venugopal Rao,P Negi,JH Kallis,0,0,,,,,,"",""
ball,2,16.6,Delhi Daredevils,Y Venugopal Rao,P Negi,JH Kallis,0,0,,,,,,caught,Y Venugopal Rao
ball,2,16.7,Delhi Daredevils,P Negi,LRPL Taylor,JH Kallis,0,0,,,,,,"",""
ball,2,17.1,Delhi Daredevils,LRPL Taylor,P Negi,SP Narine,1,0,,,,,,"",""
ball,2,17.2,Delhi Daredevils,P Negi,LRPL Taylor,SP Narine,0,0,,,,,,"",""
ball,2,17.3,Delhi Daredevils,P Negi,LRPL Taylor,SP Narine,1,0,,,,,,"",""
ball,2,17.4,Delhi Daredevils,LRPL Taylor,P Negi,SP Narine,0,0,,,,,,"",""
ball,2,17.5,Delhi Daredevils,LRPL Taylor,P Negi,SP Narine,6,0,,,,,,"",""
ball,2,17.6,Delhi Daredevils,LRPL Taylor,P Negi,SP Narine,2,0,,,,,,"",""
ball,2,18.1,Delhi Daredevils,P Negi,LRPL Taylor,JH Kallis,1,0,,,,,,"",""
ball,2,18.2,Delhi Daredevils,LRPL Taylor,P Negi,JH Kallis,0,0,,,,,,"",""
ball,2,18.3,Delhi Daredevils,LRPL Taylor,P Negi,JH Kallis,0,0,,,,,,"",""
ball,2,18.4,Delhi Daredevils,LRPL Taylor,P Negi,JH Kallis,2,0,,,,,,"",""
ball,2,18.5,Delhi Daredevils,LRPL Taylor,P Negi,JH Kallis,0,0,,,,,,caught,LRPL Taylor
ball,2,18.6,Delhi Daredevils,P Negi,IK Pathan,JH Kallis,4,0,,,,,,"",""
ball,2,19.1,Delhi Daredevils,IK Pathan,P Negi,SP Narine,4,0,,,,,,"",""
ball,2,19.2,Delhi Daredevils,IK Pathan,P Negi,SP Narine,1,0,,,,,,"",""
ball,2,19.3,Delhi Daredevils,P Negi,IK Pathan,SP Narine,0,0,,,,,,stumped,P Negi
ball,2,19.4,Delhi Daredevils,M Morkel,IK Pathan,SP Narine,0,0,,,,,,caught,M Morkel
ball,2,19.5,Delhi Daredevils,IK Pathan,UT Yadav,SP Narine,1,0,,,,,,"",""
ball,2,19.6,Delhi Daredevils,UT Yadav,IK Pathan,SP Narine,1,0,,,,,,"",""
