version,1.6.0
info,balls_per_over,6
info,team,Mumbai Indians
info,team,Pune Warriors
info,gender,male
info,season,2012
info,date,2012/04/06
info,event,Indian Premier League
info,match_number,3
info,venue,Wankhede Stadium
info,city,Mumbai
info,toss_winner,Mumbai Indians
info,toss_decision,field
info,player_of_match,SPD Smith
info,umpire,AK Chaudhary
info,umpire,SJA Taufel
info,reserve_umpire,PG Pathak
info,tv_umpire,JD Cloete
info,match_referee,RR Jadeja
info,winner,Pune Warriors
info,winner_runs,28
info,player,Mumbai Indians,RE Levi
info,player,Mumbai Indians,AT Rayudu
info,player,Mumbai Indians,RG Sharma
info,player,Mumbai Indians,JEC Franklin
info,player,Mumbai Indians,KD Karthik
info,player,Mumbai Indians,SA Yadav
info,player,Mumbai Indians,KA Pollard
info,player,Mumbai Indians,Harbhajan Singh
info,player,Mumbai Indians,SL Malinga
info,player,Mumbai Indians,PP Ojha
info,player,Mumbai Indians,MM Patel
info,player,Pune Warriors,MK Pandey
info,player,Pune Warriors,SC Ganguly
info,player,Pune Warriors,WD Parnell
info,player,Pune Warriors,RV Uthappa
info,player,Pune Warriors,CJ Ferguson
info,player,Pune Warriors,SPD Smith
info,player,Pune Warriors,MN Samuels
info,player,Pune Warriors,B Kumar
info,player,Pune Warriors,M Kartik
info,player,Pune Warriors,R Sharma
info,player,Pune Warriors,AB Dinda
info,registry,people,AB Dinda,66b30f71
info,registry,people,AK Chaudhary,fdcc6236
info,registry,people,AT Rayudu,70d205c9
info,registry,people,B Kumar,2e81a32d
info,registry,people,CJ Ferguson,9b4935c8
info,registry,people,Harbhajan Singh,8b5b6769
info,registry,people,JD Cloete,b0419f8c
info,registry,people,JEC Franklin,cf73ad76
info,registry,people,KA Pollard,a757b0d8
info,registry,people,KD Karthik,c03f1114
info,registry,people,M Kartik,abfeb126
info,registry,people,MK Pandey,93b4fc78
info,registry,people,MM Patel,f0f628c7
info,registry,people,MN Samuels,f846de6a
info,registry,people,PG Pathak,9f772ec5
info,registry,people,PP Ojha,6c6591ab
info,registry,people,R Sharma,5d9a1a73
info,registry,people,RE Levi,18c78b11
info,registry,people,RG Sharma,740742ef
info,registry,people,RR Jadeja,053de19b
info,registry,people,RV Uthappa,1c17e270
info,registry,people,SA Yadav,271f83cd
info,registry,people,SC Ganguly,725529bc
info,registry,people,SJA Taufel,4b43d5ac
info,registry,people,SL Malinga,a12e1d51
info,registry,people,SPD Smith,30a45b23
info,registry,people,WD Parnell,3a60e0b5
ball,1,0.1,Pune Warriors,MK Pandey,SC Ganguly,SL Malinga,0,0,,,,,,"",""
ball,1,0.2,Pune Warriors,MK Pandey,SC Ganguly,SL Malinga,0,0,,,,,,"",""
ball,1,0.3,Pune Warriors,MK Pandey,SC Ganguly,SL Malinga,0,0,,,,,,"",""
ball,1,0.4,Pune Warriors,MK Pandey,SC Ganguly,SL Malinga,0,0,,,,,,"",""
ball,1,0.5,Pune Warriors,MK Pandey,SC Ganguly,SL Malinga,0,0,,,,,,bowled,MK Pandey
ball,1,0.6,Pune Warriors,WD Parnell,SC Ganguly,SL Malinga,0,0,,,,,,"",""
ball,1,1.1,Pune Warriors,SC Ganguly,WD Parnell,Harbhajan Singh,0,0,,,,,,"",""
ball,1,1.2,Pune Warriors,SC Ganguly,WD Parnell,Harbhajan Singh,1,0,,,,,,"",""
ball,1,1.3,Pune Warriors,WD Parnell,SC Ganguly,Harbhajan Singh,0,0,,,,,,"",""
ball,1,1.4,Pune Warriors,WD Parnell,SC Ganguly,Harbhajan Singh,0,0,,,,,,"",""
ball,1,1.5,Pune Warriors,WD Parnell,SC Ganguly,Harbhajan Singh,1,0,,,,,,"",""
ball,1,1.6,Pune Warriors,SC Ganguly,WD Parnell,Harbhajan Singh,0,0,,,,,,"",""
ball,1,2.1,Pune Warriors,WD Parnell,SC Ganguly,SL Malinga,0,1,1,,,,,"",""
ball,1,2.2,Pune Warriors,WD Parnell,SC Ganguly,SL Malinga,0,0,,,,,,"",""
ball,1,2.3,Pune Warriors,WD Parnell,SC Ganguly,SL Malinga,0,0,,,,,,"",""
ball,1,2.4,Pune Warriors,WD Parnell,SC Ganguly,SL Malinga,0,4,,,,4,,"",""
ball,1,2.5,Pune Warriors,WD Parnell,SC Ganguly,SL Malinga,1,0,,,,,,"",""
ball,1,2.6,Pune Warriors,SC Ganguly,WD Parnell,SL Malinga,1,0,,,,,,"",""
ball,1,2.7,Pune Warriors,WD Parnell,SC Ganguly,SL Malinga,0,0,,,,,,"",""
ball,1,3.1,Pune Warriors,SC Ganguly,WD Parnell,Harbhajan Singh,1,0,,,,,,"",""
ball,1,3.2,Pune Warriors,WD Parnell,SC Ganguly,Harbhajan Singh,4,0,,,,,,"",""
ball,1,3.3,Pune Warriors,WD Parnell,SC Ganguly,Harbhajan Singh,0,1,,,,1,,"",""
ball,1,3.4,Pune Warriors,SC Ganguly,WD Parnell,Harbhajan Singh,0,0,,,,,,stumped,SC Ganguly
ball,1,3.5,Pune Warriors,RV Uthappa,WD Parnell,Harbhajan Singh,1,0,,,,,,"",""
ball,1,3.6,Pune Warriors,WD Parnell,RV Uthappa,Harbhajan Singh,4,0,,,,,,"",""
ball,1,4.1,Pune Warriors,RV Uthappa,WD Parnell,MM Patel,1,0,,,,,,"",""
ball,1,4.2,Pune Warriors,WD Parnell,RV Uthappa,MM Patel,1,0,,,,,,"",""
ball,1,4.3,Pune Warriors,RV Uthappa,WD Parnell,MM Patel,4,0,,,,,,"",""
ball,1,4.4,Pune Warriors,RV Uthappa,WD Parnell,MM Patel,1,0,,,,,,"",""
ball,1,4.5,Pune Warriors,WD Parnell,RV Uthappa,MM Patel,0,0,,,,,,bowled,WD Parnell
ball,1,4.6,Pune Warriors,CJ Ferguson,RV Uthappa,MM Patel,0,0,,,,,,"",""
ball,1,5.1,Pune Warriors,RV Uthappa,CJ Ferguson,PP Ojha,1,0,,,,,,"",""
ball,1,5.2,Pune Warriors,CJ Ferguson,RV Uthappa,PP Ojha,1,0,,,,,,"",""
ball,1,5.3,Pune Warriors,RV Uthappa,CJ Ferguson,PP Ojha,0,0,,,,,,"",""
ball,1,5.4,Pune Warriors,RV Uthappa,CJ Ferguson,PP Ojha,0,0,,,,,,"",""
ball,1,5.5,Pune Warriors,RV Uthappa,CJ Ferguson,PP Ojha,1,0,,,,,,"",""
ball,1,5.6,Pune Warriors,CJ Ferguson,RV Uthappa,PP Ojha,0,0,,,,,,"",""
ball,1,6.1,Pune Warriors,RV Uthappa,CJ Ferguson,MM Patel,1,0,,,,,,"",""
ball,1,6.2,Pune Warriors,CJ Ferguson,RV Uthappa,MM Patel,1,0,,,,,,"",""
ball,1,6.3,Pune Warriors,RV Uthappa,CJ Ferguson,MM Patel,0,0,,,,,,"",""
ball,1,6.4,Pune Warriors,RV Uthappa,CJ Ferguson,MM Patel,2,0,,,,,,"",""
ball,1,6.5,Pune Warriors,RV Uthappa,CJ Ferguson,MM Patel,0,0,,,,,,"",""
ball,1,6.6,Pune Warriors,RV Uthappa,CJ Ferguson,MM Patel,0,0,,,,,,"",""
ball,1,7.1,Pune Warriors,CJ Ferguson,RV Uthappa,PP Ojha,0,0,,,,,,"",""
ball,1,7.2,Pune Warriors,CJ Ferguson,RV Uthappa,PP Ojha,0,0,,,,,,"",""
ball,1,7.3,Pune Warriors,CJ Ferguson,RV Uthappa,PP Ojha,2,0,,,,,,"",""
ball,1,7.4,Pune Warriors,CJ Ferguson,RV Uthappa,PP Ojha,4,0,,,,,,"",""
ball,1,7.5,Pune Warriors,CJ Ferguson,RV Uthappa,PP Ojha,0,0,,,,,,"",""
ball,1,7.6,Pune Warriors,CJ Ferguson,RV Uthappa,PP Ojha,0,0,,,,,,"",""
ball,1,8.1,Pune Warriors,RV Uthappa,CJ Ferguson,KA Pollard,2,0,,,,,,"",""
ball,1,8.2,Pune Warriors,RV Uthappa,CJ Ferguson,KA Pollard,1,0,,,,,,"",""
ball,1,8.3,Pune Warriors,CJ Ferguson,RV Uthappa,KA Pollard,2,0,,,,,,"",""
ball,1,8.4,Pune Warriors,CJ Ferguson,RV Uthappa,KA Pollard,2,0,,,,,,"",""
ball,1,8.5,Pune Warriors,CJ Ferguson,RV Uthappa,KA Pollard,0,0,,,,,,run out,CJ Ferguson
ball,1,8.6,Pune Warriors,SPD Smith,RV Uthappa,KA Pollard,1,0,,,,,,"",""
ball,1,9.1,Pune Warriors,SPD Smith,RV Uthappa,PP Ojha,0,0,,,,,,"",""
ball,1,9.2,Pune Warriors,SPD Smith,RV Uthappa,PP Ojha,1,0,,,,,,"",""
ball,1,9.3,Pune Warriors,RV Uthappa,SPD Smith,PP Ojha,1,0,,,,,,"",""
ball,1,9.4,Pune Warriors,SPD Smith,RV Uthappa,PP Ojha,0,0,,,,,,"",""
ball,1,9.5,Pune Warriors,SPD Smith,RV Uthappa,PP Ojha,1,0,,,,,,"",""
ball,1,9.6,Pune Warriors,RV Uthappa,SPD Smith,PP Ojha,0,0,,,,,,"",""
ball,1,10.1,Pune Warriors,SPD Smith,RV Uthappa,KA Pollard,0,0,,,,,,"",""
ball,1,10.2,Pune Warriors,SPD Smith,RV Uthappa,KA Pollard,1,0,,,,,,"",""
ball,1,10.3,Pune Warriors,RV Uthappa,SPD Smith,KA Pollard,0,1,1,,,,,"",""
ball,1,10.4,Pune Warriors,RV Uthappa,SPD Smith,KA Pollard,2,0,,,,,,"",""
ball,1,10.5,Pune Warriors,RV Uthappa,SPD Smith,KA Pollard,1,0,,,,,,"",""
ball,1,10.6,Pune Warriors,SPD Smith,RV Uthappa,KA Pollard,1,0,,,,,,"",""
ball,1,10.7,Pune Warriors,RV Uthappa,SPD Smith,KA Pollard,1,0,,,,,,"",""
ball,1,11.1,Pune Warriors,RV Uthappa,SPD Smith,JEC Franklin,4,0,,,,,,"",""
ball,1,11.2,Pune Warriors,RV Uthappa,SPD Smith,JEC Franklin,4,0,,,,,,"",""
ball,1,11.3,Pune Warriors,RV Uthappa,SPD Smith,JEC Franklin,1,0,,,,,,"",""
ball,1,11.4,Pune Warriors,SPD Smith,RV Uthappa,JEC Franklin,1,0,,,,,,"",""
ball,1,11.5,Pune Warriors,RV Uthappa,SPD Smith,JEC Franklin,1,0,,,,,,"",""
ball,1,11.6,Pune Warriors,SPD Smith,RV Uthappa,JEC Franklin,1,0,,,,,,"",""
ball,1,12.1,Pune Warriors,SPD Smith,RV Uthappa,KA Pollard,1,0,,,,,,"",""
ball,1,12.2,Pune Warriors,RV Uthappa,SPD Smith,KA Pollard,1,0,,,,,,"",""
ball,1,12.3,Pune Warriors,SPD Smith,RV Uthappa,KA Pollard,1,0,,,,,,"",""
ball,1,12.4,Pune Warriors,RV Uthappa,SPD Smith,KA Pollard,1,0,,,,,,"",""
ball,1,12.5,Pune Warriors,SPD Smith,RV Uthappa,KA Pollard,1,0,,,,,,"",""
ball,1,12.6,Pune Warriors,RV Uthappa,SPD Smith,KA Pollard,0,1,1,,,,,"",""
ball,1,12.7,Pune Warriors,RV Uthappa,SPD Smith,KA Pollard,1,0,,,,,,"",""
ball,1,13.1,Pune Warriors,RV Uthappa,SPD Smith,Harbhajan Singh,0,0,,,,,,"",""
ball,1,13.2,Pune Warriors,RV Uthappa,SPD Smith,Harbhajan Singh,0,0,,,,,,"",""
ball,1,13.3,Pune Warriors,RV Uthappa,SPD Smith,Harbhajan Singh,1,0,,,,,,"",""
ball,1,13.4,Pune Warriors,SPD Smith,RV Uthappa,Harbhajan Singh,1,0,,,,,,"",""
ball,1,13.5,Pune Warriors,RV Uthappa,SPD Smith,Harbhajan Singh,1,0,,,,,,"",""
ball,1,13.6,Pune Warriors,SPD Smith,RV Uthappa,Harbhajan Singh,1,0,,,,,,"",""
ball,1,14.1,Pune Warriors,SPD Smith,RV Uthappa,MM Patel,2,0,,,,,,"",""
ball,1,14.2,Pune Warriors,SPD Smith,RV Uthappa,MM Patel,0,0,,,,,,"",""
ball,1,14.3,Pune Warriors,SPD Smith,RV Uthappa,MM Patel,1,0,,,,,,"",""
ball,1,14.4,Pune Warriors,RV Uthappa,SPD Smith,MM Patel,1,0,,,,,,"",""
ball,1,14.5,Pune Warriors,SPD Smith,RV Uthappa,MM Patel,2,0,,,,,,"",""
ball,1,14.6,Pune Warriors,SPD Smith,RV Uthappa,MM Patel,4,0,,,,,,"",""
ball,1,15.1,Pune Warriors,RV Uthappa,SPD Smith,KA Pollard,0,0,,,,,,caught and bowled,RV Uthappa
ball,1,15.2,Pune Warriors,MN Samuels,SPD Smith,KA Pollard,1,0,,,,,,"",""
ball,1,15.3,Pune Warriors,SPD Smith,MN Samuels,KA Pollard,1,0,,,,,,"",""
ball,1,15.4,Pune Warriors,MN Samuels,SPD Smith,KA Pollard,1,0,,,,,,"",""
ball,1,15.5,Pune Warriors,SPD Smith,MN Samuels,KA Pollard,2,0,,,,,,"",""
ball,1,15.6,Pune Warriors,SPD Smith,MN Samuels,KA Pollard,4,0,,,,,,"",""
ball,1,16.1,Pune Warriors,MN Samuels,SPD Smith,SL Malinga,2,0,,,,,,"",""
ball,1,16.2,Pune Warriors,MN Samuels,SPD Smith,SL Malinga,0,0,,,,,,bowled,MN Samuels
ball,1,16.3,Pune Warriors,B Kumar,SPD Smith,SL Malinga,1,0,,,,,,"",""
ball,1,16.4,Pune Warriors,SPD Smith,B Kumar,SL Malinga,0,0,,,,,,"",""
ball,1,16.5,Pune Warriors,SPD Smith,B Kumar,SL Malinga,1,0,,,,,,"",""
ball,1,16.6,Pune Warriors,B Kumar,SPD Smith,SL Malinga,1,0,,,,,,"",""
ball,1,17.1,Pune Warriors,B Kumar,SPD Smith,PP Ojha,0,0,,,,,,"",""
ball,1,17.2,Pune Warriors,B Kumar,SPD Smith,PP Ojha,0,0,,,,,,bowled,B Kumar
ball,1,17.3,Pune Warriors,M Kartik,SPD Smith,PP Ojha,4,0,,,,,,"",""
ball,1,17.4,Pune Warriors,M Kartik,SPD Smith,PP Ojha,0,0,,,,,,"",""
ball,1,17.5,Pune Warriors,M Kartik,SPD Smith,PP Ojha,6,0,,,,,,"",""
ball,1,17.6,Pune Warriors,M Kartik,SPD Smith,PP Ojha,1,0,,,,,,"",""
ball,1,18.1,Pune Warriors,M Kartik,SPD Smith,SL Malinga,1,0,,,,,,"",""
ball,1,18.2,Pune Warriors,SPD Smith,M Kartik,SL Malinga,1,0,,,,,,"",""
ball,1,18.3,Pune Warriors,M Kartik,SPD Smith,SL Malinga,1,0,,,,,,"",""
ball,1,18.4,Pune Warriors,SPD Smith,M Kartik,SL Malinga,0,0,,,,,,"",""
ball,1,18.5,Pune Warriors,SPD Smith,M Kartik,SL Malinga,4,0,,,,,,"",""
ball,1,18.6,Pune Warriors,SPD Smith,M Kartik,SL Malinga,1,0,,,,,,"",""
ball,1,19.1,Pune Warriors,SPD Smith,M Kartik,MM Patel,4,0,,,,,,"",""
ball,1,19.2,Pune Warriors,SPD Smith,M Kartik,MM Patel,0,0,,,,,,"",""
ball,1,19.3,Pune Warriors,SPD Smith,M Kartik,MM Patel,0,0,,,,,,caught,SPD Smith
ball,1,19.4,Pune Warriors,M Kartik,R Sharma,MM Patel,0,0,,,,,,"",""
ball,1,19.5,Pune Warriors,M Kartik,R Sharma,MM Patel,0,0,,,,,,"",""
ball,1,19.6,Pune Warriors,M Kartik,R Sharma,MM Patel,1,0,,,,,,run out,R Sharma
ball,2,0.1,Mumbai Indians,RE Levi,AT Rayudu,M Kartik,0,0,,,,,,"",""
ball,2,0.2,Mumbai Indians,RE Levi,AT Rayudu,M Kartik,0,0,,,,,,stumped,RE Levi
ball,2,0.3,Mumbai Indians,RG Sharma,AT Rayudu,M Kartik,1,0,,,,,,"",""
ball,2,0.4,Mumbai Indians,AT Rayudu,RG Sharma,M Kartik,1,0,,,,,,"",""
ball,2,0.5,Mumbai Indians,RG Sharma,AT Rayudu,M Kartik,0,0,,,,,,"",""
ball,2,0.6,Mumbai Indians,RG Sharma,AT Rayudu,M Kartik,0,0,,,,,,"",""
ball,2,1.1,Mumbai Indians,AT Rayudu,RG Sharma,AB Dinda,0,0,,,,,,caught,AT Rayudu
ball,2,1.2,Mumbai Indians,JEC Franklin,RG Sharma,AB Dinda,0,1,1,,,,,"",""
ball,2,1.3,Mumbai Indians,JEC Franklin,RG Sharma,AB Dinda,0,1,1,,,,,"",""
ball,2,1.4,Mumbai Indians,JEC Franklin,RG Sharma,AB Dinda,0,0,,,,,,"",""
ball,2,1.5,Mumbai Indians,JEC Franklin,RG Sharma,AB Dinda,1,0,,,,,,"",""
ball,2,1.6,Mumbai Indians,RG Sharma,JEC Franklin,AB Dinda,0,0,,,,,,"",""
ball,2,1.7,Mumbai Indians,RG Sharma,JEC Franklin,AB Dinda,0,0,,,,,,"",""
ball,2,1.8,Mumbai Indians,RG Sharma,JEC Franklin,AB Dinda,0,0,,,,,,caught,RG Sharma
ball,2,2.1,Mumbai Indians,JEC Franklin,KD Karthik,MN Samuels,0,0,,,,,,"",""
ball,2,2.2,Mumbai Indians,JEC Franklin,KD Karthik,MN Samuels,0,0,,,,,,"",""
ball,2,2.3,Mumbai Indians,JEC Franklin,KD Karthik,MN Samuels,0,0,,,,,,"",""
ball,2,2.4,Mumbai Indians,JEC Franklin,KD Karthik,MN Samuels,0,0,,,,,,"",""
ball,2,2.5,Mumbai Indians,JEC Franklin,KD Karthik,MN Samuels,1,0,,,,,,"",""
ball,2,2.6,Mumbai Indians,KD Karthik,JEC Franklin,MN Samuels,1,0,,,,,,"",""
ball,2,3.1,Mumbai Indians,KD Karthik,JEC Franklin,AB Dinda,0,0,,,,,,"",""
ball,2,3.2,Mumbai Indians,KD Karthik,JEC Franklin,AB Dinda,0,0,,,,,,"",""
ball,2,3.3,Mumbai Indians,KD Karthik,JEC Franklin,AB Dinda,0,0,,,,,,"",""
ball,2,3.4,Mumbai Indians,KD Karthik,JEC Franklin,AB Dinda,0,0,,,,,,"",""
ball,2,3.5,Mumbai Indians,KD Karthik,JEC Franklin,AB Dinda,0,0,,,,,,"",""
ball,2,3.6,Mumbai Indians,KD Karthik,JEC Franklin,AB Dinda,4,0,,,,,,"",""
ball,2,4.1,Mumbai Indians,JEC Franklin,KD Karthik,MN Samuels,2,0,,,,,,"",""
ball,2,4.2,Mumbai Indians,JEC Franklin,KD Karthik,MN Samuels,1,0,,,,,,"",""
ball,2,4.3,Mumbai Indians,KD Karthik,JEC Franklin,MN Samuels,0,1,1,,,,,"",""
ball,2,4.4,Mumbai Indians,KD Karthik,JEC Franklin,MN Samuels,0,0,,,,,,"",""
ball,2,4.5,Mumbai Indians,KD Karthik,JEC Franklin,MN Samuels,0,0,,,,,,"",""
ball,2,4.6,Mumbai Indians,KD Karthik,JEC Franklin,MN Samuels,0,0,,,,,,"",""
ball,2,4.7,Mumbai Indians,KD Karthik,JEC Franklin,MN Samuels,6,0,,,,,,"",""
ball,2,5.1,Mumbai Indians,JEC Franklin,KD Karthik,WD Parnell,0,0,,,,,,"",""
ball,2,5.2,Mumbai Indians,JEC Franklin,KD Karthik,WD Parnell,0,0,,,,,,"",""
ball,2,5.3,Mumbai Indians,JEC Franklin,KD Karthik,WD Parnell,1,0,,,,,,"",""
ball,2,5.4,Mumbai Indians,KD Karthik,JEC Franklin,WD Parnell,1,0,,,,,,"",""
ball,2,5.5,Mumbai Indians,JEC Franklin,KD Karthik,WD Parnell,4,0,,,,,,"",""
ball,2,5.6,Mumbai Indians,JEC Franklin,KD Karthik,WD Parnell,0,0,,,,,,"",""
ball,2,6.1,Mumbai Indians,KD Karthik,JEC Franklin,R Sharma,4,0,,,,,,"",""
ball,2,6.2,Mumbai Indians,KD Karthik,JEC Franklin,R Sharma,1,0,,,,,,"",""
ball,2,6.3,Mumbai Indians,JEC Franklin,KD Karthik,R Sharma,0,0,,,,,,"",""
ball,2,6.4,Mumbai Indians,JEC Franklin,KD Karthik,R Sharma,0,0,,,,,,"",""
ball,2,6.5,Mumbai Indians,JEC Franklin,KD Karthik,R Sharma,1,0,,,,,,"",""
ball,2,6.6,Mumbai Indians,KD Karthik,JEC Franklin,R Sharma,1,0,,,,,,"",""
ball,2,7.1,Mumbai Indians,KD Karthik,JEC Franklin,WD Parnell,0,0,,,,,,"",""
ball,2,7.2,Mumbai Indians,KD Karthik,JEC Franklin,WD Parnell,0,0,,,,,,"",""
ball,2,7.3,Mumbai Indians,KD Karthik,JEC Franklin,WD Parnell,4,0,,,,,,"",""
ball,2,7.4,Mumbai Indians,KD Karthik,JEC Franklin,WD Parnell,1,0,,,,,,"",""
ball,2,7.5,Mumbai Indians,JEC Franklin,KD Karthik,WD Parnell,1,0,,,,,,"",""
ball,2,7.6,Mumbai Indians,KD Karthik,JEC Franklin,WD Parnell,1,0,,,,,,"",""
ball,2,8.1,Mumbai Indians,KD Karthik,JEC Franklin,R Sharma,0,1,1,,,,,"",""
ball,2,8.2,Mumbai Indians,KD Karthik,JEC Franklin,R Sharma,0,0,,,,,,"",""
ball,2,8.3,Mumbai Indians,KD Karthik,JEC Franklin,R Sharma,0,0,,,,,,"",""
ball,2,8.4,Mumbai Indians,KD Karthik,JEC Franklin,R Sharma,0,0,,,,,,"",""
ball,2,8.5,Mumbai Indians,KD Karthik,JEC Franklin,R Sharma,1,0,,,,,,"",""
ball,2,8.6,Mumbai Indians,JEC Franklin,KD Karthik,R Sharma,1,0,,,,,,"",""
ball,2,8.7,Mumbai Indians,KD Karthik,JEC Franklin,R Sharma,0,0,,,,,,"",""
ball,2,9.1,Mumbai Indians,JEC Franklin,KD Karthik,B Kumar,1,0,,,,,,"",""
ball,2,9.2,Mumbai Indians,KD Karthik,JEC Franklin,B Kumar,0,0,,,,,,"",""
ball,2,9.3,Mumbai Indians,KD Karthik,JEC Franklin,B Kumar,1,0,,,,,,"",""
ball,2,9.4,Mumbai Indians,JEC Franklin,KD Karthik,B Kumar,0,0,,,,,,"",""
ball,2,9.5,Mumbai Indians,JEC Franklin,KD Karthik,B Kumar,1,0,,,,,,"",""
ball,2,9.6,Mumbai Indians,KD Karthik,JEC Franklin,B Kumar,1,0,,,,,,"",""
ball,2,10.1,Mumbai Indians,KD Karthik,JEC Franklin,M Kartik,0,0,,,,,,"",""
ball,2,10.2,Mumbai Indians,KD Karthik,JEC Franklin,M Kartik,4,0,,,,,,"",""
ball,2,10.3,Mumbai Indians,KD Karthik,JEC Franklin,M Kartik,1,0,,,,,,"",""
ball,2,10.4,Mumbai Indians,JEC Franklin,KD Karthik,M Kartik,1,0,,,,,,"",""
ball,2,10.5,Mumbai Indians,KD Karthik,JEC Franklin,M Kartik,0,0,,,,,,stumped,KD Karthik
ball,2,10.6,Mumbai Indians,SA Yadav,JEC Franklin,M Kartik,0,0,,,,,,"",""
ball,2,11.1,Mumbai Indians,JEC Franklin,SA Yadav,B Kumar,0,0,,,,,,"",""
ball,2,11.2,Mumbai Indians,JEC Franklin,SA Yadav,B Kumar,2,0,,,,,,"",""
ball,2,11.3,Mumbai Indians,JEC Franklin,SA Yadav,B Kumar,6,0,,,,,,"",""
ball,2,11.4,Mumbai Indians,JEC Franklin,SA Yadav,B Kumar,1,0,,,,,,"",""
ball,2,11.5,Mumbai Indians,SA Yadav,JEC Franklin,B Kumar,0,0,,,,,,"",""
ball,2,11.6,Mumbai Indians,SA Yadav,JEC Franklin,B Kumar,0,0,,,,,,"",""
ball,2,12.1,Mumbai Indians,JEC Franklin,SA Yadav,MN Samuels,1,0,,,,,,"",""
ball,2,12.2,Mumbai Indians,SA Yadav,JEC Franklin,MN Samuels,0,0,,,,,,bowled,SA Yadav
ball,2,12.3,Mumbai Indians,KA Pollard,JEC Franklin,MN Samuels,0,0,,,,,,"",""
ball,2,12.4,Mumbai Indians,KA Pollard,JEC Franklin,MN Samuels,1,0,,,,,,"",""
ball,2,12.5,Mumbai Indians,JEC Franklin,KA Pollard,MN Samuels,0,0,,,,,,"",""
ball,2,12.6,Mumbai Indians,JEC Franklin,KA Pollard,MN Samuels,0,0,,,,,,"",""
ball,2,13.1,Mumbai Indians,KA Pollard,JEC Franklin,R Sharma,1,0,,,,,,"",""
ball,2,13.2,Mumbai Indians,JEC Franklin,KA Pollard,R Sharma,0,0,,,,,,"",""
ball,2,13.3,Mumbai Indians,JEC Franklin,KA Pollard,R Sharma,0,0,,,,,,"",""
ball,2,13.4,Mumbai Indians,JEC Franklin,KA Pollard,R Sharma,0,0,,,,,,"",""
ball,2,13.5,Mumbai Indians,JEC Franklin,KA Pollard,R Sharma,1,0,,,,,,"",""
ball,2,13.6,Mumbai Indians,KA Pollard,JEC Franklin,R Sharma,1,0,,,,,,"",""
ball,2,14.1,Mumbai Indians,KA Pollard,JEC Franklin,M Kartik,1,0,,,,,,"",""
ball,2,14.2,Mumbai Indians,JEC Franklin,KA Pollard,M Kartik,1,0,,,,,,"",""
ball,2,14.3,Mumbai Indians,KA Pollard,JEC Franklin,M Kartik,2,0,,,,,,"",""
ball,2,14.4,Mumbai Indians,KA Pollard,JEC Franklin,M Kartik,1,0,,,,,,"",""
ball,2,14.5,Mumbai Indians,JEC Franklin,KA Pollard,M Kartik,1,0,,,,,,"",""
ball,2,14.6,Mumbai Indians,KA Pollard,JEC Franklin,M Kartik,0,0,,,,,,"",""
ball,2,15.1,Mumbai Indians,JEC Franklin,KA Pollard,R Sharma,1,0,,,,,,"",""
ball,2,15.2,Mumbai Indians,KA Pollard,JEC Franklin,R Sharma,1,0,,,,,,"",""
ball,2,15.3,Mumbai Indians,JEC Franklin,KA Pollard,R Sharma,0,0,,,,,,"",""
ball,2,15.4,Mumbai Indians,JEC Franklin,KA Pollard,R Sharma,1,0,,,,,,"",""
ball,2,15.5,Mumbai Indians,KA Pollard,JEC Franklin,R Sharma,0,0,,,,,,"",""
ball,2,15.6,Mumbai Indians,KA Pollard,JEC Franklin,R Sharma,0,0,,,,,,bowled,KA Pollard
ball,2,16.1,Mumbai Indians,JEC Franklin,Harbhajan Singh,MN Samuels,0,1,,,,1,,"",""
ball,2,16.2,Mumbai Indians,Harbhajan Singh,JEC Franklin,MN Samuels,4,0,,,,,,"",""
ball,2,16.3,Mumbai Indians,Harbhajan Singh,JEC Franklin,MN Samuels,1,0,,,,,,"",""
ball,2,16.4,Mumbai Indians,JEC Franklin,Harbhajan Singh,MN Samuels,1,0,,,,,,"",""
ball,2,16.5,Mumbai Indians,Harbhajan Singh,JEC Franklin,MN Samuels,0,0,,,,,,"",""
ball,2,16.6,Mumbai Indians,Harbhajan Singh,JEC Franklin,MN Samuels,1,0,,,,,,"",""
ball,2,17.1,Mumbai Indians,Harbhajan Singh,JEC Franklin,AB Dinda,2,0,,,,,,"",""
ball,2,17.2,Mumbai Indians,Harbhajan Singh,JEC Franklin,AB Dinda,1,0,,,,,,"",""
ball,2,17.3,Mumbai Indians,JEC Franklin,Harbhajan Singh,AB Dinda,0,0,,,,,,caught,JEC Franklin
ball,2,17.4,Mumbai Indians,Harbhajan Singh,SL Malinga,AB Dinda,1,0,,,,,,"",""
ball,2,17.5,Mumbai Indians,SL Malinga,Harbhajan Singh,AB Dinda,1,0,,,,,,"",""
ball,2,17.6,Mumbai Indians,Harbhajan Singh,SL Malinga,AB Dinda,1,0,,,,,,"",""
ball,2,18.1,Mumbai Indians,Harbhajan Singh,SL Malinga,WD Parnell,0,0,,,,,,"",""
ball,2,18.2,Mumbai Indians,Harbhajan Singh,SL Malinga,WD Parnell,0,0,,,,,,"",""
ball,2,18.3,Mumbai Indians,Harbhajan Singh,SL Malinga,WD Parnell,1,0,,,,,,"",""
ball,2,18.4,Mumbai Indians,SL Malinga,Harbhajan Singh,WD Parnell,4,0,,,,,,"",""
ball,2,18.5,Mumbai Indians,SL Malinga,Harbhajan Singh,WD Parnell,0,0,,,,,,caught,SL Malinga
ball,2,18.6,Mumbai Indians,PP Ojha,Harbhajan Singh,WD Parnell,0,0,,,,,,"",""
ball,2,19.1,Mumbai Indians,Harbhajan Singh,PP Ojha,AB Dinda,0,0,,,,,,"",""
ball,2,19.2,Mumbai Indians,Harbhajan Singh,PP Ojha,AB Dinda,4,0,,,,,,"",""
ball,2,19.3,Mumbai Indians,Harbhajan Singh,PP Ojha,AB Dinda,0,0,,,,,,"",""
ball,2,19.4,Mumbai Indians,Harbhajan Singh,PP Ojha,AB Dinda,0,0,,,,,,lbw,Harbhajan Singh
ball,2,19.5,Mumbai Indians,MM Patel,PP Ojha,AB Dinda,0,0,,,,,,"",""
ball,2,19.6,Mumbai Indians,MM Patel,PP Ojha,AB Dinda,1,0,,,,,,"",""
