version,1.6.0
info,balls_per_over,6
info,team,Kings XI Punjab
info,team,Delhi Daredevils
info,gender,male
info,season,2013
info,date,2013/05/16
info,event,Indian Premier League
info,match_number,67
info,venue,Himachal Pradesh Cricket Association Stadium
info,city,Dharamsala
info,toss_winner,Delhi Daredevils
info,toss_decision,field
info,player_of_match,DA Miller
info,umpire,HDPK Dharmasena
info,umpire,S Ravi
info,reserve_umpire,Nitin Menon
info,tv_umpire,CK Nandan
info,match_referee,RS Mahanama
info,winner,Kings XI Punjab
info,winner_runs,7
info,player,Delhi Daredevils,DPMD Jayawardene
info,player,Delhi Daredevils,UBT Chand
info,player,Delhi Daredevils,IK Pathan
info,player,Delhi Daredevils,DA Warner
info,player,Delhi Daredevils,V Sehwag
info,player,Delhi Daredevils,BJ Rohrer
info,player,Delhi Daredevils,CM Gautam
info,player,Delhi Daredevils,M Morkel
info,player,Delhi Daredevils,S Kaul
info,player,Delhi Daredevils,UT Yadav
info,player,Delhi Daredevils,A Nehra
info,player,Kings XI Punjab,AC Gilchrist
info,player,Kings XI Punjab,SE Marsh
info,player,Kings XI Punjab,Azhar Mahmood
info,player,Kings XI Punjab,DA Miller
info,player,Kings XI Punjab,R Sathish
info,player,Kings XI Punjab,PP Chawla
info,player,Kings XI Punjab,Mandeep Singh
info,player,Kings XI Punjab,M Vohra
info,player,Kings XI Punjab,P Kumar
info,player,Kings XI Punjab,P Awana
info,player,Kings XI Punjab,Sandeep Sharma
info,registry,people,A Nehra,96fd40ae
info,registry,people,AC Gilchrist,2b6e6dec
info,registry,people,Azhar Mahmood,9a158001
info,registry,people,BJ Rohrer,27af6414
info,registry,people,CK Nandan,012de9c4
info,registry,people,CM Gautam,30a2649b
info,registry,people,DA Miller,d67d5f00
info,registry,people,DA Warner,dcce6f09
info,registry,people,DPMD Jayawardene,d18f9182
info,registry,people,HDPK Dharmasena,323e4c16
info,registry,people,IK Pathan,5fa06777
info,registry,people,M Morkel,5bb5a915
info,registry,people,M Vohra,c03e2850
info,registry,people,Mandeep Singh,c3a96caf
info,registry,people,Nitin Menon,e1d41d9e
info,registry,people,P Awana,1a0c3177
info,registry,people,P Kumar,e938e1bc
info,registry,people,PP Chawla,98ae73b1
info,registry,people,R Sathish,626c5379
info,registry,people,RS Mahanama,57910393
info,registry,people,S Kaul,dcf81436
info,registry,people,S Ravi,9b9ee0df
info,registry,people,SE Marsh,508a1ea7
info,registry,people,Sandeep Sharma,ce820073
info,registry,people,UBT Chand,0c94f480
info,registry,people,UT Yadav,cc1e8c68
info,registry,people,V Sehwag,8ba8195d
ball,1,0.1,Kings XI Punjab,AC Gilchrist,SE Marsh,IK Pathan,0,0,,,,,,"",""
ball,1,0.2,Kings XI Punjab,AC Gilchrist,SE Marsh,IK Pathan,1,0,,,,,,"",""
ball,1,0.3,Kings XI Punjab,SE Marsh,AC Gilchrist,IK Pathan,0,0,,,,,,"",""
ball,1,0.4,Kings XI Punjab,SE Marsh,AC Gilchrist,IK Pathan,0,0,,,,,,"",""
ball,1,0.5,Kings XI Punjab,SE Marsh,AC Gilchrist,IK Pathan,4,0,,,,,,"",""
ball,1,0.6,Kings XI Punjab,SE Marsh,AC Gilchrist,IK Pathan,4,0,,,,,,"",""
ball,1,1.1,Kings XI Punjab,AC Gilchrist,SE Marsh,S Kaul,1,0,,,,,,"",""
ball,1,1.2,Kings XI Punjab,SE Marsh,AC Gilchrist,S Kaul,0,0,,,,,,"",""
ball,1,1.3,Kings XI Punjab,SE Marsh,AC Gilchrist,S Kaul,0,0,,,,,,"",""
ball,1,1.4,Kings XI Punjab,SE Marsh,AC Gilchrist,S Kaul,0,1,1,,,,,"",""
ball,1,1.5,Kings XI Punjab,SE Marsh,AC Gilchrist,S Kaul,0,1,,,,1,,"",""
ball,1,1.6,Kings XI Punjab,AC Gilchrist,SE Marsh,S Kaul,4,0,,,,,,"",""
ball,1,1.7,Kings XI Punjab,AC Gilchrist,SE Marsh,S Kaul,1,0,,,,,,"",""
ball,1,2.1,Kings XI Punjab,AC Gilchrist,SE Marsh,M Morkel,1,0,,,,,,"",""
ball,1,2.2,Kings XI Punjab,SE Marsh,AC Gilchrist,M Morkel,4,0,,,,,,"",""
ball,1,2.3,Kings XI Punjab,SE Marsh,AC Gilchrist,M Morkel,1,0,,,,,,"",""
ball,1,2.4,Kings XI Punjab,AC Gilchrist,SE Marsh,M Morkel,1,0,,,,,,"",""
ball,1,2.5,Kings XI Punjab,SE Marsh,AC Gilchrist,M Morkel,0,0,,,,,,"",""
ball,1,2.6,Kings XI Punjab,SE Marsh,AC Gilchrist,M Morkel,0,0,,,,,,"",""
ball,1,3.1,Kings XI Punjab,AC Gilchrist,SE Marsh,A Nehra,0,0,,,,,,"",""
ball,1,3.2,Kings XI Punjab,AC Gilchrist,SE Marsh,A Nehra,4,0,,,,,,"",""
ball,1,3.3,Kings XI Punjab,AC Gilchrist,SE Marsh,A Nehra,2,0,,,,,,"",""
ball,1,3.4,Kings XI Punjab,AC Gilchrist,SE Marsh,A Nehra,4,0,,,,,,"",""
ball,1,3.5,Kings XI Punjab,AC Gilchrist,SE Marsh,A Nehra,0,0,,,,,,"",""
ball,1,3.6,Kings XI Punjab,AC Gilchrist,SE Marsh,A Nehra,0,0,,,,,,"",""
ball,1,4.1,Kings XI Punjab,SE Marsh,AC Gilchrist,M Morkel,0,0,,,,,,"",""
ball,1,4.2,Kings XI Punjab,SE Marsh,AC Gilchrist,M Morkel,0,0,,,,,,"",""
ball,1,4.3,Kings XI Punjab,SE Marsh,AC Gilchrist,M Morkel,0,0,,,,,,"",""
ball,1,4.4,Kings XI Punjab,SE Marsh,AC Gilchrist,M Morkel,1,0,,,,,,"",""
ball,1,4.5,Kings XI Punjab,AC Gilchrist,SE Marsh,M Morkel,0,0,,,,,,"",""
ball,1,4.6,Kings XI Punjab,AC Gilchrist,SE Marsh,M Morkel,1,0,,,,,,"",""
ball,1,5.1,Kings XI Punjab,AC Gilchrist,SE Marsh,A Nehra,0,0,,,,,,"",""
ball,1,5.2,Kings XI Punjab,AC Gilchrist,SE Marsh,A Nehra,6,0,,,,,,"",""
ball,1,5.3,Kings XI Punjab,AC Gilchrist,SE Marsh,A Nehra,4,0,,,,,,"",""
ball,1,5.4,Kings XI Punjab,AC Gilchrist,SE Marsh,A Nehra,6,0,,,,,,"",""
ball,1,5.5,Kings XI Punjab,AC Gilchrist,SE Marsh,A Nehra,1,0,,,,,,"",""
ball,1,5.6,Kings XI Punjab,SE Marsh,AC Gilchrist,A Nehra,0,0,,,,,,"",""
ball,1,6.1,Kings XI Punjab,AC Gilchrist,SE Marsh,UT Yadav,0,0,,,,,,"",""
ball,1,6.2,Kings XI Punjab,AC Gilchrist,SE Marsh,UT Yadav,0,1,,,,1,,"",""
ball,1,6.3,Kings XI Punjab,SE Marsh,AC Gilchrist,UT Yadav,0,1,,,,1,,"",""
ball,1,6.4,Kings XI Punjab,AC Gilchrist,SE Marsh,UT Yadav,1,0,,,,,,"",""
ball,1,6.5,Kings XI Punjab,SE Marsh,AC Gilchrist,UT Yadav,0,0,,,,,,"",""
ball,1,6.6,Kings XI Punjab,SE Marsh,AC Gilchrist,UT Yadav,0,0,,,,,,"",""
ball,1,7.1,Kings XI Punjab,AC Gilchrist,SE Marsh,IK Pathan,0,0,,,,,,"",""
ball,1,7.2,Kings XI Punjab,AC Gilchrist,SE Marsh,IK Pathan,4,0,,,,,,"",""
ball,1,7.3,Kings XI Punjab,AC Gilchrist,SE Marsh,IK Pathan,0,0,,,,,,caught and bowled,AC Gilchrist
ball,1,7.4,Kings XI Punjab,SE Marsh,Azhar Mahmood,IK Pathan,1,0,,,,,,"",""
ball,1,7.5,Kings XI Punjab,Azhar Mahmood,SE Marsh,IK Pathan,0,1,1,,,,,"",""
ball,1,7.6,Kings XI Punjab,Azhar Mahmood,SE Marsh,IK Pathan,1,0,,,,,,"",""
ball,1,7.7,Kings XI Punjab,SE Marsh,Azhar Mahmood,IK Pathan,0,0,,,,,,"",""
ball,1,8.1,Kings XI Punjab,Azhar Mahmood,SE Marsh,UT Yadav,0,0,,,,,,"",""
ball,1,8.2,Kings XI Punjab,Azhar Mahmood,SE Marsh,UT Yadav,0,0,,,,,,"",""
ball,1,8.3,Kings XI Punjab,Azhar Mahmood,SE Marsh,UT Yadav,0,0,,,,,,"",""
ball,1,8.4,Kings XI Punjab,Azhar Mahmood,SE Marsh,UT Yadav,0,0,,,,,,"",""
ball,1,8.5,Kings XI Punjab,Azhar Mahmood,SE Marsh,UT Yadav,0,1,,,,1,,"",""
ball,1,8.6,Kings XI Punjab,SE Marsh,Azhar Mahmood,UT Yadav,4,0,,,,,,"",""
ball,1,9.1,Kings XI Punjab,Azhar Mahmood,SE Marsh,IK Pathan,1,0,,,,,,"",""
ball,1,9.2,Kings XI Punjab,SE Marsh,Azhar Mahmood,IK Pathan,1,0,,,,,,"",""
ball,1,9.3,Kings XI Punjab,Azhar Mahmood,SE Marsh,IK Pathan,0,2,,,,2,,"",""
ball,1,9.4,Kings XI Punjab,Azhar Mahmood,SE Marsh,IK Pathan,1,0,,,,,,"",""
ball,1,9.5,Kings XI Punjab,SE Marsh,Azhar Mahmood,IK Pathan,2,0,,,,,,"",""
ball,1,9.6,Kings XI Punjab,SE Marsh,Azhar Mahmood,IK Pathan,1,0,,,,,,"",""
ball,1,10.1,Kings XI Punjab,SE Marsh,Azhar Mahmood,S Kaul,1,0,,,,,,"",""
ball,1,10.2,Kings XI Punjab,Azhar Mahmood,SE Marsh,S Kaul,1,0,,,,,,"",""
ball,1,10.3,Kings XI Punjab,SE Marsh,Azhar Mahmood,S Kaul,0,0,,,,,,"",""
ball,1,10.4,Kings XI Punjab,SE Marsh,Azhar Mahmood,S Kaul,1,0,,,,,,"",""
ball,1,10.5,Kings XI Punjab,Azhar Mahmood,SE Marsh,S Kaul,1,0,,,,,,"",""
ball,1,10.6,Kings XI Punjab,SE Marsh,Azhar Mahmood,S Kaul,1,0,,,,,,"",""
ball,1,11.1,Kings XI Punjab,SE Marsh,Azhar Mahmood,A Nehra,1,0,,,,,,"",""
ball,1,11.2,Kings XI Punjab,Azhar Mahmood,SE Marsh,A Nehra,4,0,,,,,,"",""
ball,1,11.3,Kings XI Punjab,Azhar Mahmood,SE Marsh,A Nehra,0,0,,,,,,caught,Azhar Mahmood
ball,1,11.4,Kings XI Punjab,SE Marsh,DA Miller,A Nehra,0,0,,,,,,"",""
ball,1,11.5,Kings XI Punjab,SE Marsh,DA Miller,A Nehra,0,0,,,,,,"",""
ball,1,11.6,Kings XI Punjab,SE Marsh,DA Miller,A Nehra,0,0,,,,,,"",""
ball,1,12.1,Kings XI Punjab,DA Miller,SE Marsh,M Morkel,1,0,,,,,,"",""
ball,1,12.2,Kings XI Punjab,SE Marsh,DA Miller,M Morkel,1,0,,,,,,"",""
ball,1,12.3,Kings XI Punjab,DA Miller,SE Marsh,M Morkel,0,0,,,,,,"",""
ball,1,12.4,Kings XI Punjab,DA Miller,SE Marsh,M Morkel,0,0,,,,,,"",""
ball,1,12.5,Kings XI Punjab,DA Miller,SE Marsh,M Morkel,0,0,,,,,,"",""
ball,1,12.6,Kings XI Punjab,DA Miller,SE Marsh,M Morkel,0,0,,,,,,"",""
ball,1,13.1,Kings XI Punjab,SE Marsh,DA Miller,S Kaul,1,0,,,,,,"",""
ball,1,13.2,Kings XI Punjab,DA Miller,SE Marsh,S Kaul,4,0,,,,,,"",""
ball,1,13.3,Kings XI Punjab,DA Miller,SE Marsh,S Kaul,1,0,,,,,,"",""
ball,1,13.4,Kings XI Punjab,SE Marsh,DA Miller,S Kaul,1,0,,,,,,"",""
ball,1,13.5,Kings XI Punjab,DA Miller,SE Marsh,S Kaul,1,0,,,,,,"",""
ball,1,13.6,Kings XI Punjab,SE Marsh,DA Miller,S Kaul,1,0,,,,,,"",""
ball,1,14.1,Kings XI Punjab,SE Marsh,DA Miller,IK Pathan,0,1,1,,,,,"",""
ball,1,14.2,Kings XI Punjab,SE Marsh,DA Miller,IK Pathan,4,0,,,,,,"",""
ball,1,14.3,Kings XI Punjab,SE Marsh,DA Miller,IK Pathan,1,0,,,,,,"",""
ball,1,14.4,Kings XI Punjab,DA Miller,SE Marsh,IK Pathan,0,0,,,,,,"",""
ball,1,14.5,Kings XI Punjab,DA Miller,SE Marsh,IK Pathan,0,0,,,,,,"",""
ball,1,14.6,Kings XI Punjab,DA Miller,SE Marsh,IK Pathan,0,0,,,,,,"",""
ball,1,14.7,Kings XI Punjab,DA Miller,SE Marsh,IK Pathan,0,0,,,,,,"",""
ball,1,15.1,Kings XI Punjab,SE Marsh,DA Miller,UT Yadav,4,0,,,,,,"",""
ball,1,15.2,Kings XI Punjab,SE Marsh,DA Miller,UT Yadav,4,0,,,,,,"",""
ball,1,15.3,Kings XI Punjab,SE Marsh,DA Miller,UT Yadav,1,0,,,,,,"",""
ball,1,15.4,Kings XI Punjab,DA Miller,SE Marsh,UT Yadav,6,0,,,,,,"",""
ball,1,15.5,Kings XI Punjab,DA Miller,SE Marsh,UT Yadav,1,0,,,,,,"",""
ball,1,15.6,Kings XI Punjab,SE Marsh,DA Miller,UT Yadav,0,0,,,,,,"",""
ball,1,16.1,Kings XI Punjab,DA Miller,SE Marsh,M Morkel,1,0,,,,,,"",""
ball,1,16.2,Kings XI Punjab,SE Marsh,DA Miller,M Morkel,0,0,,,,,,caught,SE Marsh
ball,1,16.3,Kings XI Punjab,R Sathish,DA Miller,M Morkel,2,0,,,,,,"",""
ball,1,16.4,Kings XI Punjab,R Sathish,DA Miller,M Morkel,0,0,,,,,,"",""
ball,1,16.5,Kings XI Punjab,R Sathish,DA Miller,M Morkel,6,0,,,,,,"",""
ball,1,16.6,Kings XI Punjab,R Sathish,DA Miller,M Morkel,2,0,,,,,,"",""
ball,1,17.1,Kings XI Punjab,DA Miller,R Sathish,S Kaul,1,0,,,,,,"",""
ball,1,17.2,Kings XI Punjab,R Sathish,DA Miller,S Kaul,1,0,,,,,,"",""
ball,1,17.3,Kings XI Punjab,DA Miller,R Sathish,S Kaul,4,0,,,,,,"",""
ball,1,17.4,Kings XI Punjab,DA Miller,R Sathish,S Kaul,6,0,,,,,,"",""
ball,1,17.5,Kings XI Punjab,DA Miller,R Sathish,S Kaul,0,0,,,,,,"",""
ball,1,17.6,Kings XI Punjab,DA Miller,R Sathish,S Kaul,6,0,,,,,,"",""
ball,1,18.1,Kings XI Punjab,R Sathish,DA Miller,UT Yadav,4,0,,,,,,"",""
ball,1,18.2,Kings XI Punjab,R Sathish,DA Miller,UT Yadav,1,0,,,,,,"",""
ball,1,18.3,Kings XI Punjab,DA Miller,R Sathish,UT Yadav,6,0,,,,,,"",""
ball,1,18.4,Kings XI Punjab,DA Miller,R Sathish,UT Yadav,1,0,,,,,,"",""
ball,1,18.5,Kings XI Punjab,R Sathish,DA Miller,UT Yadav,4,0,,,,,,"",""
ball,1,18.6,Kings XI Punjab,R Sathish,DA Miller,UT Yadav,1,0,,,,,,"",""
ball,1,19.1,Kings XI Punjab,R Sathish,DA Miller,A Nehra,0,0,,,,,,"",""
ball,1,19.2,Kings XI Punjab,R Sathish,DA Miller,A Nehra,0,0,,,,,,"",""
ball,1,19.3,Kings XI Punjab,R Sathish,DA Miller,A Nehra,1,0,,,,,,"",""
ball,1,19.4,Kings XI Punjab,DA Miller,R Sathish,A Nehra,1,0,,,,,,"",""
ball,1,19.5,Kings XI Punjab,R Sathish,DA Miller,A Nehra,0,0,,,,,,caught,R Sathish
ball,1,19.6,Kings XI Punjab,DA Miller,PP Chawla,A Nehra,4,0,,,,,,"",""
ball,2,0.1,Delhi Daredevils,DPMD Jayawardene,UBT Chand,P Kumar,0,0,,,,,,"",""
ball,2,0.2,Delhi Daredevils,DPMD Jayawardene,UBT Chand,P Kumar,0,0,,,,,,"",""
ball,2,0.3,Delhi Daredevils,DPMD Jayawardene,UBT Chand,P Kumar,0,0,,,,,,"",""
ball,2,0.4,Delhi Daredevils,DPMD Jayawardene,UBT Chand,P Kumar,0,0,,,,,,"",""
ball,2,0.5,Delhi Daredevils,DPMD Jayawardene,UBT Chand,P Kumar,0,0,,,,,,"",""
ball,2,0.6,Delhi Daredevils,DPMD Jayawardene,UBT Chand,P Kumar,1,0,,,,,,"",""
ball,2,1.1,Delhi Daredevils,DPMD Jayawardene,UBT Chand,Azhar Mahmood,2,0,,,,,,"",""
ball,2,1.2,Delhi Daredevils,DPMD Jayawardene,UBT Chand,Azhar Mahmood,1,0,,,,,,"",""
ball,2,1.3,Delhi Daredevils,UBT Chand,DPMD Jayawardene,Azhar Mahmood,0,0,,,,,,"",""
ball,2,1.4,Delhi Daredevils,UBT Chand,DPMD Jayawardene,Azhar Mahmood,0,0,,,,,,"",""
ball,2,1.5,Delhi Daredevils,UBT Chand,DPMD Jayawardene,Azhar Mahmood,0,0,,,,,,"",""
ball,2,1.6,Delhi Daredevils,UBT Chand,DPMD Jayawardene,Azhar Mahmood,1,0,,,,,,"",""
ball,2,2.1,Delhi Daredevils,UBT Chand,DPMD Jayawardene,P Kumar,0,0,,,,,,"",""
ball,2,2.2,Delhi Daredevils,UBT Chand,DPMD Jayawardene,P Kumar,6,0,,,,,,"",""
ball,2,2.3,Delhi Daredevils,UBT Chand,DPMD Jayawardene,P Kumar,0,0,,,,,,"",""
ball,2,2.4,Delhi Daredevils,UBT Chand,DPMD Jayawardene,P Kumar,0,0,,,,,,bowled,UBT Chand
ball,2,2.5,Delhi Daredevils,IK Pathan,DPMD Jayawardene,P Kumar,0,0,,,,,,"",""
ball,2,2.6,Delhi Daredevils,IK Pathan,DPMD Jayawardene,P Kumar,1,0,,,,,,"",""
ball,2,3.1,Delhi Daredevils,IK Pathan,DPMD Jayawardene,Sandeep Sharma,0,0,,,,,,"",""
ball,2,3.2,Delhi Daredevils,IK Pathan,DPMD Jayawardene,Sandeep Sharma,0,0,,,,,,"",""
ball,2,3.3,Delhi Daredevils,IK Pathan,DPMD Jayawardene,Sandeep Sharma,0,0,,,,,,"",""
ball,2,3.4,Delhi Daredevils,IK Pathan,DPMD Jayawardene,Sandeep Sharma,0,0,,,,,,"",""
ball,2,3.5,Delhi Daredevils,IK Pathan,DPMD Jayawardene,Sandeep Sharma,0,0,,,,,,caught,IK Pathan
ball,2,3.6,Delhi Daredevils,DA Warner,DPMD Jayawardene,Sandeep Sharma,0,0,,,,,,caught,DA Warner
ball,2,4.1,Delhi Daredevils,DPMD Jayawardene,V Sehwag,P Kumar,1,0,,,,,,"",""
ball,2,4.2,Delhi Daredevils,V Sehwag,DPMD Jayawardene,P Kumar,0,0,,,,,,"",""
ball,2,4.3,Delhi Daredevils,V Sehwag,DPMD Jayawardene,P Kumar,1,0,,,,,,"",""
ball,2,4.4,Delhi Daredevils,DPMD Jayawardene,V Sehwag,P Kumar,0,0,,,,,,"",""
ball,2,4.5,Delhi Daredevils,DPMD Jayawardene,V Sehwag,P Kumar,0,0,,,,,,"",""
ball,2,4.6,Delhi Daredevils,DPMD Jayawardene,V Sehwag,P Kumar,0,0,,,,,,"",""
ball,2,5.1,Delhi Daredevils,V Sehwag,DPMD Jayawardene,Sandeep Sharma,0,0,,,,,,"",""
ball,2,5.2,Delhi Daredevils,V Sehwag,DPMD Jayawardene,Sandeep Sharma,0,0,,,,,,"",""
ball,2,5.3,Delhi Daredevils,V Sehwag,DPMD Jayawardene,Sandeep Sharma,4,0,,,,,,"",""
ball,2,5.4,Delhi Daredevils,V Sehwag,DPMD Jayawardene,Sandeep Sharma,1,0,,,,,,"",""
ball,2,5.5,Delhi Daredevils,DPMD Jayawardene,V Sehwag,Sandeep Sharma,2,0,,,,,,"",""
ball,2,5.6,Delhi Daredevils,DPMD Jayawardene,V Sehwag,Sandeep Sharma,0,0,,,,,,"",""
ball,2,6.1,Delhi Daredevils,V Sehwag,DPMD Jayawardene,Azhar Mahmood,4,0,,,,,,"",""
ball,2,6.2,Delhi Daredevils,V Sehwag,DPMD Jayawardene,Azhar Mahmood,1,0,,,,,,"",""
ball,2,6.3,Delhi Daredevils,DPMD Jayawardene,V Sehwag,Azhar Mahmood,0,1,,,,1,,"",""
ball,2,6.4,Delhi Daredevils,V Sehwag,DPMD Jayawardene,Azhar Mahmood,1,0,,,,,,"",""
ball,2,6.5,Delhi Daredevils,DPMD Jayawardene,V Sehwag,Azhar Mahmood,0,0,,,,,,"",""
ball,2,6.6,Delhi Daredevils,DPMD Jayawardene,V Sehwag,Azhar Mahmood,0,0,,,,,,"",""
ball,2,7.1,Delhi Daredevils,V Sehwag,DPMD Jayawardene,Sandeep Sharma,4,0,,,,,,"",""
ball,2,7.2,Delhi Daredevils,V Sehwag,DPMD Jayawardene,Sandeep Sharma,0,0,,,,,,"",""
ball,2,7.3,Delhi Daredevils,V Sehwag,DPMD Jayawardene,Sandeep Sharma,0,1,,,,1,,"",""
ball,2,7.4,Delhi Daredevils,DPMD Jayawardene,V Sehwag,Sandeep Sharma,0,0,,,,,,"",""
ball,2,7.5,Delhi Daredevils,DPMD Jayawardene,V Sehwag,Sandeep Sharma,0,4,,,,4,,"",""
ball,2,7.6,Delhi Daredevils,DPMD Jayawardene,V Sehwag,Sandeep Sharma,1,0,,,,,,"",""
ball,2,8.1,Delhi Daredevils,DPMD Jayawardene,V Sehwag,P Awana,1,0,,,,,,"",""
ball,2,8.2,Delhi Daredevils,V Sehwag,DPMD Jayawardene,P Awana,1,0,,,,,,"",""
ball,2,8.3,Delhi Daredevils,DPMD Jayawardene,V Sehwag,P Awana,2,0,,,,,,"",""
ball,2,8.4,Delhi Daredevils,DPMD Jayawardene,V Sehwag,P Awana,0,0,,,,,,"",""
ball,2,8.5,Delhi Daredevils,DPMD Jayawardene,V Sehwag,P Awana,0,0,,,,,,"",""
ball,2,8.6,Delhi Daredevils,DPMD Jayawardene,V Sehwag,P Awana,0,0,,,,,,"",""
ball,2,9.1,Delhi Daredevils,V Sehwag,DPMD Jayawardene,PP Chawla,4,0,,,,,,"",""
ball,2,9.2,Delhi Daredevils,V Sehwag,DPMD Jayawardene,PP Chawla,0,4,,,4,,,"",""
ball,2,9.3,Delhi Daredevils,V Sehwag,DPMD Jayawardene,PP Chawla,0,0,,,,,,"",""
ball,2,9.4,Delhi Daredevils,V Sehwag,DPMD Jayawardene,PP Chawla,4,0,,,,,,"",""
ball,2,9.5,Delhi Daredevils,V Sehwag,DPMD Jayawardene,PP Chawla,1,0,,,,,,"",""
ball,2,9.6,Delhi Daredevils,DPMD Jayawardene,V Sehwag,PP Chawla,2,0,,,,,,"",""
ball,2,10.1,Delhi Daredevils,V Sehwag,DPMD Jayawardene,P Awana,0,0,,,,,,"",""
ball,2,10.2,Delhi Daredevils,V Sehwag,DPMD Jayawardene,P Awana,0,0,,,,,,"",""
ball,2,10.3,Delhi Daredevils,V Sehwag,DPMD Jayawardene,P Awana,4,0,,,,,,"",""
ball,2,10.4,Delhi Daredevils,V Sehwag,DPMD Jayawardene,P Awana,0,0,,,,,,caught,V Sehwag
ball,2,10.5,Delhi Daredevils,BJ Rohrer,DPMD Jayawardene,P Awana,0,0,,,,,,"",""
ball,2,10.6,Delhi Daredevils,BJ Rohrer,DPMD Jayawardene,P Awana,0,0,,,,,,"",""
ball,2,11.1,Delhi Daredevils,DPMD Jayawardene,BJ Rohrer,PP Chawla,1,0,,,,,,"",""
ball,2,11.2,Delhi Daredevils,BJ Rohrer,DPMD Jayawardene,PP Chawla,2,0,,,,,,"",""
ball,2,11.3,Delhi Daredevils,BJ Rohrer,DPMD Jayawardene,PP Chawla,0,0,,,,,,"",""
ball,2,11.4,Delhi Daredevils,BJ Rohrer,DPMD Jayawardene,PP Chawla,1,0,,,,,,"",""
ball,2,11.5,Delhi Daredevils,DPMD Jayawardene,BJ Rohrer,PP Chawla,1,0,,,,,,"",""
ball,2,11.6,Delhi Daredevils,BJ Rohrer,DPMD Jayawardene,PP Chawla,0,0,,,,,,"",""
ball,2,12.1,Delhi Daredevils,DPMD Jayawardene,BJ Rohrer,P Awana,1,0,,,,,,"",""
ball,2,12.2,Delhi Daredevils,BJ Rohrer,DPMD Jayawardene,P Awana,0,0,,,,,,"",""
ball,2,12.3,Delhi Daredevils,BJ Rohrer,DPMD Jayawardene,P Awana,0,0,,,,,,"",""
ball,2,12.4,Delhi Daredevils,BJ Rohrer,DPMD Jayawardene,P Awana,0,0,,,,,,"",""
ball,2,12.5,Delhi Daredevils,BJ Rohrer,DPMD Jayawardene,P Awana,4,0,,,,,,"",""
ball,2,12.6,Delhi Daredevils,BJ Rohrer,DPMD Jayawardene,P Awana,1,0,,,,,,"",""
ball,2,13.1,Delhi Daredevils,BJ Rohrer,DPMD Jayawardene,PP Chawla,2,0,,,,,,"",""
ball,2,13.2,Delhi Daredevils,BJ Rohrer,DPMD Jayawardene,PP Chawla,1,0,,,,,,"",""
ball,2,13.3,Delhi Daredevils,DPMD Jayawardene,BJ Rohrer,PP Chawla,0,0,,,,,,"",""
ball,2,13.4,Delhi Daredevils,DPMD Jayawardene,BJ Rohrer,PP Chawla,6,0,,,,,,"",""
ball,2,13.5,Delhi Daredevils,DPMD Jayawardene,BJ Rohrer,PP Chawla,4,0,,,,,,"",""
ball,2,13.6,Delhi Daredevils,DPMD Jayawardene,BJ Rohrer,PP Chawla,1,0,,,,,,"",""
ball,2,14.1,Delhi Daredevils,DPMD Jayawardene,BJ Rohrer,P Awana,4,0,,,,,,"",""
ball,2,14.2,Delhi Daredevils,DPMD Jayawardene,BJ Rohrer,P Awana,1,0,,,,,,"",""
ball,2,14.3,Delhi Daredevils,BJ Rohrer,DPMD Jayawardene,P Awana,1,0,,,,,,"",""
ball,2,14.4,Delhi Daredevils,DPMD Jayawardene,BJ Rohrer,P Awana,0,0,,,,,,"",""
ball,2,14.5,Delhi Daredevils,DPMD Jayawardene,BJ Rohrer,P Awana,0,3,,3,,,,"",""
ball,2,14.6,Delhi Daredevils,DPMD Jayawardene,BJ Rohrer,P Awana,1,0,,,,,,"",""
ball,2,14.7,Delhi Daredevils,BJ Rohrer,DPMD Jayawardene,P Awana,4,0,,,,,,"",""
ball,2,15.1,Delhi Daredevils,DPMD Jayawardene,BJ Rohrer,Azhar Mahmood,1,0,,,,,,"",""
ball,2,15.2,Delhi Daredevils,BJ Rohrer,DPMD Jayawardene,Azhar Mahmood,1,0,,,,,,"",""
ball,2,15.3,Delhi Daredevils,DPMD Jayawardene,BJ Rohrer,Azhar Mahmood,4,0,,,,,,"",""
ball,2,15.4,Delhi Daredevils,DPMD Jayawardene,BJ Rohrer,Azhar Mahmood,1,0,,,,,,"",""
ball,2,15.5,Delhi Daredevils,BJ Rohrer,DPMD Jayawardene,Azhar Mahmood,0,0,,,,,,"",""
ball,2,15.6,Delhi Daredevils,BJ Rohrer,DPMD Jayawardene,Azhar Mahmood,4,0,,,,,,"",""
ball,2,16.1,Delhi Daredevils,DPMD Jayawardene,BJ Rohrer,Sandeep Sharma,0,0,,,,,,caught,DPMD Jayawardene
ball,2,16.2,Delhi Daredevils,BJ Rohrer,CM Gautam,Sandeep Sharma,6,0,,,,,,"",""
ball,2,16.3,Delhi Daredevils,BJ Rohrer,CM Gautam,Sandeep Sharma,1,0,,,,,,"",""
ball,2,16.4,Delhi Daredevils,CM Gautam,BJ Rohrer,Sandeep Sharma,0,0,,,,,,"",""
ball,2,16.5,Delhi Daredevils,CM Gautam,BJ Rohrer,Sandeep Sharma,0,0,,,,,,"",""
ball,2,16.6,Delhi Daredevils,CM Gautam,BJ Rohrer,Sandeep Sharma,4,0,,,,,,"",""
ball,2,17.1,Delhi Daredevils,BJ Rohrer,CM Gautam,P Kumar,1,0,,,,,,"",""
ball,2,17.2,Delhi Daredevils,CM Gautam,BJ Rohrer,P Kumar,1,0,,,,,,"",""
ball,2,17.3,Delhi Daredevils,BJ Rohrer,CM Gautam,P Kumar,1,0,,,,,,"",""
ball,2,17.4,Delhi Daredevils,CM Gautam,BJ Rohrer,P Kumar,4,0,,,,,,"",""
ball,2,17.5,Delhi Daredevils,CM Gautam,BJ Rohrer,P Kumar,1,0,,,,,,"",""
ball,2,17.6,Delhi Daredevils,BJ Rohrer,CM Gautam,P Kumar,1,0,,,,,,"",""
ball,2,18.1,Delhi Daredevils,BJ Rohrer,CM Gautam,Azhar Mahmood,6,0,,,,,,"",""
ball,2,18.2,Delhi Daredevils,BJ Rohrer,CM Gautam,Azhar Mahmood,6,0,,,,,,"",""
ball,2,18.3,Delhi Daredevils,BJ Rohrer,CM Gautam,Azhar Mahmood,1,0,,,,,,"",""
ball,2,18.4,Delhi Daredevils,CM Gautam,BJ Rohrer,Azhar Mahmood,1,0,,,,,,"",""
ball,2,18.5,Delhi Daredevils,BJ Rohrer,CM Gautam,Azhar Mahmood,4,0,,,,,,"",""
ball,2,18.6,Delhi Daredevils,BJ Rohrer,CM Gautam,Azhar Mahmood,1,0,,,,,,"",""
ball,2,19.1,Delhi Daredevils,BJ Rohrer,CM Gautam,PP Chawla,0,0,,,,,,bowled,BJ Rohrer
ball,2,19.2,Delhi Daredevils,M Morkel,CM Gautam,PP Chawla,6,0,,,,,,"",""
ball,2,19.3,Delhi Daredevils,M Morkel,CM Gautam,PP Chawla,1,0,,,,,,"",""
ball,2,19.4,Delhi Daredevils,CM Gautam,M Morkel,PP Chawla,1,0,,,,,,"",""
ball,2,19.5,Delhi Daredevils,M Morkel,CM Gautam,PP Chawla,6,0,,,,,,"",""
ball,2,19.6,Delhi Daredevils,M Morkel,CM Gautam,PP Chawla,0,0,,,,,,caught,M Morkel
