version,1.6.0
info,balls_per_over,6
info,team,Chennai Super Kings
info,team,Pune Warriors
info,gender,male
info,season,2013
info,date,2013/04/15
info,event,Indian Premier League
info,match_number,19
info,venue,"MA Chidambaram Stadium, Chepauk"
info,city,Chennai
info,toss_winner,Pune Warriors
info,toss_decision,bat
info,player_of_match,SPD Smith
info,umpire,Asad Rauf
info,umpire,AK Chaudhary
info,reserve_umpire,K Srinivasan
info,tv_umpire,S Asnani
info,match_referee,RR Jadeja
info,winner,Pune Warriors
info,winner_runs,24
info,player,Chennai Super Kings,S Anirudha
info,player,Chennai Super Kings,M Vijay
info,player,Chennai Super Kings,SK Raina
info,player,Chennai Super Kings,S Badrinath
info,player,Chennai Super Kings,RA Jadeja
info,player,Chennai Super Kings,MS Dhoni
info,player,Chennai Super Kings,DJ Bravo
info,player,Chennai Super Kings,JA Morkel
info,player,Chennai Super Kings,CH Morris
info,player,Chennai Super Kings,R Ashwin
info,player,Chennai Super Kings,DP Nannes
info,player,Pune Warriors,RV Uthappa
info,player,Pune Warriors,AJ Finch
info,player,Pune Warriors,LRPL Taylor
info,player,Pune Warriors,SPD Smith
info,player,Pune Warriors,MR Marsh
info,player,Pune Warriors,MK Pandey
info,player,Pune Warriors,AM Nayar
info,player,Pune Warriors,TL Suman
info,player,Pune Warriors,B Kumar
info,player,Pune Warriors,R Sharma
info,player,Pune Warriors,AB Dinda
info,registry,people,AB Dinda,66b30f71
info,registry,people,AJ Finch,b8d490fd
info,registry,people,AK Chaudhary,fdcc6236
info,registry,people,AM Nayar,a45a5e8d
info,registry,people,Asad Rauf,861606b7
info,registry,people,B Kumar,2e81a32d
info,registry,people,CH Morris,fb66ce1f
info,registry,people,DJ Bravo,87e562a9
info,registry,people,DP Nannes,c404f58a
info,registry,people,JA Morkel,c3d35165
info,registry,people,K Srinivasan,042a8b69
info,registry,people,LRPL Taylor,b61a3e1a
info,registry,people,M Vijay,4b57e452
info,registry,people,MK Pandey,93b4fc78
info,registry,people,MR Marsh,3d8feaf8
info,registry,people,MS Dhoni,4a8a2e3b
info,registry,people,R Ashwin,495d42a5
info,registry,people,R Sharma,5d9a1a73
info,registry,people,RA Jadeja,fe93fd9d
info,registry,people,RR Jadeja,053de19b
info,registry,people,RV Uthappa,1c17e270
info,registry,people,S Anirudha,95a2ea61
info,registry,people,S Asnani,b04524bc
info,registry,people,S Badrinath,3576e47e
info,registry,people,SK Raina,1dc12ab9
info,registry,people,SPD Smith,30a45b23
info,registry,people,TL Suman,aaa1b522
ball,1,0.1,Pune Warriors,RV Uthappa,AJ Finch,DP Nannes,1,0,,,,,,"",""
ball,1,0.2,Pune Warriors,AJ Finch,RV Uthappa,DP Nannes,4,0,,,,,,"",""
ball,1,0.3,Pune Warriors,AJ Finch,RV Uthappa,DP Nannes,0,0,,,,,,"",""
ball,1,0.4,Pune Warriors,AJ Finch,RV Uthappa,DP Nannes,4,0,,,,,,"",""
ball,1,0.5,Pune Warriors,AJ Finch,RV Uthappa,DP Nannes,4,0,,,,,,"",""
ball,1,0.6,Pune Warriors,AJ Finch,RV Uthappa,DP Nannes,0,0,,,,,,"",""
ball,1,1.1,Pune Warriors,RV Uthappa,AJ Finch,RA Jadeja,1,0,,,,,,"",""
ball,1,1.2,Pune Warriors,AJ Finch,RV Uthappa,RA Jadeja,4,0,,,,,,"",""
ball,1,1.3,Pune Warriors,AJ Finch,RV Uthappa,RA Jadeja,1,0,,,,,,"",""
ball,1,1.4,Pune Warriors,RV Uthappa,AJ Finch,RA Jadeja,0,0,,,,,,"",""
ball,1,1.5,Pune Warriors,RV Uthappa,AJ Finch,RA Jadeja,0,0,,,,,,"",""
ball,1,1.6,Pune Warriors,RV Uthappa,AJ Finch,RA Jadeja,0,0,,,,,,"",""
ball,1,2.1,Pune Warriors,AJ Finch,RV Uthappa,DP Nannes,0,1,1,,,,,"",""
ball,1,2.2,Pune Warriors,AJ Finch,RV Uthappa,DP Nannes,0,0,,,,,,"",""
ball,1,2.3,Pune Warriors,AJ Finch,RV Uthappa,DP Nannes,0,0,,,,,,"",""
ball,1,2.4,Pune Warriors,AJ Finch,RV Uthappa,DP Nannes,0,0,,,,,,"",""
ball,1,2.5,Pune Warriors,AJ Finch,RV Uthappa,DP Nannes,0,1,,,,1,,"",""
ball,1,2.6,Pune Warriors,RV Uthappa,AJ Finch,DP Nannes,1,0,,,,,,"",""
ball,1,2.7,Pune Warriors,AJ Finch,RV Uthappa,DP Nannes,1,0,,,,,,"",""
ball,1,3.1,Pune Warriors,AJ Finch,RV Uthappa,RA Jadeja,4,0,,,,,,"",""
ball,1,3.2,Pune Warriors,AJ Finch,RV Uthappa,RA Jadeja,0,0,,,,,,"",""
ball,1,3.3,Pune Warriors,AJ Finch,RV Uthappa,RA Jadeja,4,0,,,,,,"",""
ball,1,3.4,Pune Warriors,AJ Finch,RV Uthappa,RA Jadeja,0,0,,,,,,"",""
ball,1,3.5,Pune Warriors,AJ Finch,RV Uthappa,RA Jadeja,0,0,,,,,,"",""
ball,1,3.6,Pune Warriors,AJ Finch,RV Uthappa,RA Jadeja,1,0,,,,,,"",""
ball,1,4.1,Pune Warriors,AJ Finch,RV Uthappa,DP Nannes,4,0,,,,,,"",""
ball,1,4.2,Pune Warriors,AJ Finch,RV Uthappa,DP Nannes,1,0,,,,,,"",""
ball,1,4.3,Pune Warriors,RV Uthappa,AJ Finch,DP Nannes,0,0,,,,,,"",""
ball,1,4.4,Pune Warriors,RV Uthappa,AJ Finch,DP Nannes,1,0,,,,,,"",""
ball,1,4.5,Pune Warriors,AJ Finch,RV Uthappa,DP Nannes,4,0,,,,,,"",""
ball,1,4.6,Pune Warriors,AJ Finch,RV Uthappa,DP Nannes,0,0,,,,,,"",""
ball,1,5.1,Pune Warriors,RV Uthappa,AJ Finch,R Ashwin,0,0,,,,,,"",""
ball,1,5.2,Pune Warriors,RV Uthappa,AJ Finch,R Ashwin,0,0,,,,,,"",""
ball,1,5.3,Pune Warriors,RV Uthappa,AJ Finch,R Ashwin,4,0,,,,,,"",""
ball,1,5.4,Pune Warriors,RV Uthappa,AJ Finch,R Ashwin,1,0,,,,,,"",""
ball,1,5.5,Pune Warriors,AJ Finch,RV Uthappa,R Ashwin,0,0,,,,,,"",""
ball,1,5.6,Pune Warriors,AJ Finch,RV Uthappa,R Ashwin,1,0,,,,,,"",""
ball,1,6.1,Pune Warriors,AJ Finch,RV Uthappa,RA Jadeja,1,0,,,,,,"",""
ball,1,6.2,Pune Warriors,RV Uthappa,AJ Finch,RA Jadeja,1,0,,,,,,"",""
ball,1,6.3,Pune Warriors,AJ Finch,RV Uthappa,RA Jadeja,1,0,,,,,,"",""
ball,1,6.4,Pune Warriors,RV Uthappa,AJ Finch,RA Jadeja,0,0,,,,,,"",""
ball,1,6.5,Pune Warriors,RV Uthappa,AJ Finch,RA Jadeja,0,1,,,,1,,"",""
ball,1,6.6,Pune Warriors,AJ Finch,RV Uthappa,RA Jadeja,1,0,,,,,,"",""
ball,1,7.1,Pune Warriors,AJ Finch,RV Uthappa,R Ashwin,6,0,,,,,,"",""
ball,1,7.2,Pune Warriors,AJ Finch,RV Uthappa,R Ashwin,1,0,,,,,,"",""
ball,1,7.3,Pune Warriors,RV Uthappa,AJ Finch,R Ashwin,1,0,,,,,,"",""
ball,1,7.4,Pune Warriors,AJ Finch,RV Uthappa,R Ashwin,1,0,,,,,,"",""
ball,1,7.5,Pune Warriors,RV Uthappa,AJ Finch,R Ashwin,0,0,,,,,,"",""
ball,1,7.6,Pune Warriors,RV Uthappa,AJ Finch,R Ashwin,1,0,,,,,,"",""
ball,1,8.1,Pune Warriors,RV Uthappa,AJ Finch,CH Morris,1,0,,,,,,"",""
ball,1,8.2,Pune Warriors,AJ Finch,RV Uthappa,CH Morris,0,0,,,,,,"",""
ball,1,8.3,Pune Warriors,AJ Finch,RV Uthappa,CH Morris,4,0,,,,,,"",""
ball,1,8.4,Pune Warriors,AJ Finch,RV Uthappa,CH Morris,0,0,,,,,,"",""
ball,1,8.5,Pune Warriors,AJ Finch,RV Uthappa,CH Morris,1,0,,,,,,"",""
ball,1,8.6,Pune Warriors,RV Uthappa,AJ Finch,CH Morris,1,0,,,,,,"",""
ball,1,9.1,Pune Warriors,RV Uthappa,AJ Finch,DJ Bravo,4,0,,,,,,"",""
ball,1,9.2,Pune Warriors,RV Uthappa,AJ Finch,DJ Bravo,0,0,,,,,,"",""
ball,1,9.3,Pune Warriors,RV Uthappa,AJ Finch,DJ Bravo,1,0,,,,,,"",""
ball,1,9.4,Pune Warriors,AJ Finch,RV Uthappa,DJ Bravo,1,0,,,,,,"",""
ball,1,9.5,Pune Warriors,RV Uthappa,AJ Finch,DJ Bravo,1,0,,,,,,"",""
ball,1,9.6,Pune Warriors,AJ Finch,RV Uthappa,DJ Bravo,1,0,,,,,,"",""
ball,1,10.1,Pune Warriors,AJ Finch,RV Uthappa,CH Morris,0,0,,,,,,"",""
ball,1,10.2,Pune Warriors,AJ Finch,RV Uthappa,CH Morris,4,0,,,,,,"",""
ball,1,10.3,Pune Warriors,AJ Finch,RV Uthappa,CH Morris,0,0,,,,,,"",""
ball,1,10.4,Pune Warriors,AJ Finch,RV Uthappa,CH Morris,0,0,,,,,,"",""
ball,1,10.5,Pune Warriors,AJ Finch,RV Uthappa,CH Morris,1,0,,,,,,"",""
ball,1,10.6,Pune Warriors,RV Uthappa,AJ Finch,CH Morris,0,1,,,,1,,"",""
ball,1,11.1,Pune Warriors,RV Uthappa,AJ Finch,R Ashwin,0,0,,,,,,"",""
ball,1,11.2,Pune Warriors,RV Uthappa,AJ Finch,R Ashwin,1,0,,,,,,"",""
ball,1,11.3,Pune Warriors,AJ Finch,RV Uthappa,R Ashwin,0,1,,,,1,,"",""
ball,1,11.4,Pune Warriors,RV Uthappa,AJ Finch,R Ashwin,1,0,,,,,,"",""
ball,1,11.5,Pune Warriors,AJ Finch,RV Uthappa,R Ashwin,1,0,,,,,,"",""
ball,1,11.6,Pune Warriors,RV Uthappa,AJ Finch,R Ashwin,1,0,,,,,,"",""
ball,1,12.1,Pune Warriors,RV Uthappa,AJ Finch,RA Jadeja,1,0,,,,,,"",""
ball,1,12.2,Pune Warriors,AJ Finch,RV Uthappa,RA Jadeja,6,0,,,,,,"",""
ball,1,12.3,Pune Warriors,AJ Finch,RV Uthappa,RA Jadeja,0,0,,,,,,stumped,AJ Finch
ball,1,12.4,Pune Warriors,LRPL Taylor,RV Uthappa,RA Jadeja,0,0,,,,,,"",""
ball,1,12.5,Pune Warriors,LRPL Taylor,RV Uthappa,RA Jadeja,0,0,,,,,,"",""
ball,1,12.6,Pune Warriors,LRPL Taylor,RV Uthappa,RA Jadeja,1,0,,,,,,"",""
ball,1,13.1,Pune Warriors,LRPL Taylor,RV Uthappa,R Ashwin,1,0,,,,,,"",""
ball,1,13.2,Pune Warriors,RV Uthappa,LRPL Taylor,R Ashwin,1,0,,,,,,"",""
ball,1,13.3,Pune Warriors,LRPL Taylor,RV Uthappa,R Ashwin,0,0,,,,,,"",""
ball,1,13.4,Pune Warriors,LRPL Taylor,RV Uthappa,R Ashwin,1,0,,,,,,"",""
ball,1,13.5,Pune Warriors,RV Uthappa,LRPL Taylor,R Ashwin,1,0,,,,,,"",""
ball,1,13.6,Pune Warriors,LRPL Taylor,RV Uthappa,R Ashwin,0,0,,,,,,"",""
ball,1,14.1,Pune Warriors,RV Uthappa,LRPL Taylor,CH Morris,0,0,,,,,,caught,RV Uthappa
ball,1,14.2,Pune Warriors,SPD Smith,LRPL Taylor,CH Morris,1,0,,,,,,"",""
ball,1,14.3,Pune Warriors,LRPL Taylor,SPD Smith,CH Morris,2,0,,,,,,"",""
ball,1,14.4,Pune Warriors,LRPL Taylor,SPD Smith,CH Morris,0,1,,,,1,,"",""
ball,1,14.5,Pune Warriors,SPD Smith,LRPL Taylor,CH Morris,0,0,,,,,,"",""
ball,1,14.6,Pune Warriors,SPD Smith,LRPL Taylor,CH Morris,1,0,,,,,,"",""
ball,1,15.1,Pune Warriors,SPD Smith,LRPL Taylor,DJ Bravo,4,0,,,,,,"",""
ball,1,15.2,Pune Warriors,SPD Smith,LRPL Taylor,DJ Bravo,4,0,,,,,,"",""
ball,1,15.3,Pune Warriors,SPD Smith,LRPL Taylor,DJ Bravo,1,0,,,,,,"",""
ball,1,15.4,Pune Warriors,LRPL Taylor,SPD Smith,DJ Bravo,0,0,,,,,,"",""
ball,1,15.5,Pune Warriors,LRPL Taylor,SPD Smith,DJ Bravo,2,0,,,,,,"",""
ball,1,15.6,Pune Warriors,LRPL Taylor,SPD Smith,DJ Bravo,1,0,,,,,,"",""
ball,1,16.1,Pune Warriors,LRPL Taylor,SPD Smith,CH Morris,0,0,,,,,,caught,LRPL Taylor
ball,1,16.2,Pune Warriors,SPD Smith,MR Marsh,CH Morris,1,0,,,,,,"",""
ball,1,16.3,Pune Warriors,MR Marsh,SPD Smith,CH Morris,0,0,,,,,,"",""
ball,1,16.4,Pune Warriors,MR Marsh,SPD Smith,CH Morris,2,0,,,,,,"",""
ball,1,16.5,Pune Warriors,MR Marsh,SPD Smith,CH Morris,0,1,,,,1,,"",""
ball,1,16.6,Pune Warriors,SPD Smith,MR Marsh,CH Morris,6,0,,,,,,"",""
ball,1,17.1,Pune Warriors,MR Marsh,SPD Smith,DJ Bravo,0,0,,,,,,caught,MR Marsh
ball,1,17.2,Pune Warriors,MK Pandey,SPD Smith,DJ Bravo,1,0,,,,,,"",""
ball,1,17.3,Pune Warriors,SPD Smith,MK Pandey,DJ Bravo,1,0,,,,,,"",""
ball,1,17.4,Pune Warriors,MK Pandey,SPD Smith,DJ Bravo,0,0,,,,,,"",""
ball,1,17.5,Pune Warriors,MK Pandey,SPD Smith,DJ Bravo,0,0,,,,,,"",""
ball,1,17.6,Pune Warriors,MK Pandey,SPD Smith,DJ Bravo,1,0,,,,,,"",""
ball,1,18.1,Pune Warriors,MK Pandey,SPD Smith,DP Nannes,1,0,,,,,,"",""
ball,1,18.2,Pune Warriors,SPD Smith,MK Pandey,DP Nannes,2,0,,,,,,"",""
ball,1,18.3,Pune Warriors,SPD Smith,MK Pandey,DP Nannes,6,0,,,,,,"",""
ball,1,18.4,Pune Warriors,SPD Smith,MK Pandey,DP Nannes,4,0,,,,,,"",""
ball,1,18.5,Pune Warriors,SPD Smith,MK Pandey,DP Nannes,1,0,,,,,,"",""
ball,1,18.6,Pune Warriors,MK Pandey,SPD Smith,DP Nannes,2,0,,,,,,"",""
ball,1,19.1,Pune Warriors,SPD Smith,MK Pandey,DJ Bravo,0,0,,,,,,"",""
ball,1,19.2,Pune Warriors,SPD Smith,MK Pandey,DJ Bravo,6,0,,,,,,"",""
ball,1,19.3,Pune Warriors,SPD Smith,MK Pandey,DJ Bravo,1,0,,,,,,"",""
ball,1,19.4,Pune Warriors,MK Pandey,SPD Smith,DJ Bravo,4,0,,,,,,"",""
ball,1,19.5,Pune Warriors,MK Pandey,SPD Smith,DJ Bravo,0,1,1,,,,,"",""
ball,1,19.6,Pune Warriors,MK Pandey,SPD Smith,DJ Bravo,0,0,,,,,,bowled,MK Pandey
ball,1,19.7,Pune Warriors,AM Nayar,SPD Smith,DJ Bravo,0,0,,,,,,"",""
ball,2,0.1,Chennai Super Kings,S Anirudha,M Vijay,B Kumar,0,0,,,,,,"",""
ball,2,0.2,Chennai Super Kings,S Anirudha,M Vijay,B Kumar,0,0,,,,,,lbw,S Anirudha
ball,2,0.3,Chennai Super Kings,SK Raina,M Vijay,B Kumar,0,0,,,,,,"",""
ball,2,0.4,Chennai Super Kings,SK Raina,M Vijay,B Kumar,0,0,,,,,,"",""
ball,2,0.5,Chennai Super Kings,SK Raina,M Vijay,B Kumar,0,0,,,,,,"",""
ball,2,0.6,Chennai Super Kings,SK Raina,M Vijay,B Kumar,0,0,,,,,,"",""
ball,2,1.1,Chennai Super Kings,M Vijay,SK Raina,AB Dinda,1,0,,,,,,"",""
ball,2,1.2,Chennai Super Kings,SK Raina,M Vijay,AB Dinda,1,0,,,,,,"",""
ball,2,1.3,Chennai Super Kings,M Vijay,SK Raina,AB Dinda,0,0,,,,,,"",""
ball,2,1.4,Chennai Super Kings,M Vijay,SK Raina,AB Dinda,0,0,,,,,,"",""
ball,2,1.5,Chennai Super Kings,M Vijay,SK Raina,AB Dinda,1,0,,,,,,"",""
ball,2,1.6,Chennai Super Kings,SK Raina,M Vijay,AB Dinda,4,0,,,,,,"",""
ball,2,2.1,Chennai Super Kings,M Vijay,SK Raina,B Kumar,0,0,,,,,,"",""
ball,2,2.2,Chennai Super Kings,M Vijay,SK Raina,B Kumar,0,0,,,,,,"",""
ball,2,2.3,Chennai Super Kings,M Vijay,SK Raina,B Kumar,0,0,,,,,,"",""
ball,2,2.4,Chennai Super Kings,M Vijay,SK Raina,B Kumar,0,0,,,,,,"",""
ball,2,2.5,Chennai Super Kings,M Vijay,SK Raina,B Kumar,0,1,1,,,,,"",""
ball,2,2.6,Chennai Super Kings,M Vijay,SK Raina,B Kumar,1,0,,,,,,"",""
ball,2,2.7,Chennai Super Kings,SK Raina,M Vijay,B Kumar,1,0,,,,,,"",""
ball,2,3.1,Chennai Super Kings,SK Raina,M Vijay,AB Dinda,1,0,,,,,,"",""
ball,2,3.2,Chennai Super Kings,M Vijay,SK Raina,AB Dinda,4,0,,,,,,"",""
ball,2,3.3,Chennai Super Kings,M Vijay,SK Raina,AB Dinda,4,0,,,,,,"",""
ball,2,3.4,Chennai Super Kings,M Vijay,SK Raina,AB Dinda,1,0,,,,,,"",""
ball,2,3.5,Chennai Super Kings,SK Raina,M Vijay,AB Dinda,1,0,,,,,,"",""
ball,2,3.6,Chennai Super Kings,M Vijay,SK Raina,AB Dinda,1,0,,,,,,"",""
ball,2,4.1,Chennai Super Kings,M Vijay,SK Raina,B Kumar,1,0,,,,,,"",""
ball,2,4.2,Chennai Super Kings,SK Raina,M Vijay,B Kumar,0,0,,,,,,caught,SK Raina
ball,2,4.3,Chennai Super Kings,S Badrinath,M Vijay,B Kumar,2,0,,,,,,"",""
ball,2,4.4,Chennai Super Kings,S Badrinath,M Vijay,B Kumar,0,0,,,,,,"",""
ball,2,4.5,Chennai Super Kings,S Badrinath,M Vijay,B Kumar,0,0,,,,,,"",""
ball,2,4.6,Chennai Super Kings,S Badrinath,M Vijay,B Kumar,0,0,,,,,,"",""
ball,2,5.1,Chennai Super Kings,M Vijay,S Badrinath,MR Marsh,1,0,,,,,,"",""
ball,2,5.2,Chennai Super Kings,S Badrinath,M Vijay,MR Marsh,4,0,,,,,,"",""
ball,2,5.3,Chennai Super Kings,S Badrinath,M Vijay,MR Marsh,1,0,,,,,,"",""
ball,2,5.4,Chennai Super Kings,M Vijay,S Badrinath,MR Marsh,6,0,,,,,,"",""
ball,2,5.5,Chennai Super Kings,M Vijay,S Badrinath,MR Marsh,0,0,,,,,,"",""
ball,2,5.6,Chennai Super Kings,M Vijay,S Badrinath,MR Marsh,1,0,,,,,,"",""
ball,2,6.1,Chennai Super Kings,M Vijay,S Badrinath,AM Nayar,2,0,,,,,,"",""
ball,2,6.2,Chennai Super Kings,M Vijay,S Badrinath,AM Nayar,0,0,,,,,,"",""
ball,2,6.3,Chennai Super Kings,M Vijay,S Badrinath,AM Nayar,0,0,,,,,,"",""
ball,2,6.4,Chennai Super Kings,M Vijay,S Badrinath,AM Nayar,0,0,,,,,,caught,M Vijay
ball,2,6.5,Chennai Super Kings,S Badrinath,RA Jadeja,AM Nayar,4,0,,,,,,"",""
ball,2,6.6,Chennai Super Kings,S Badrinath,RA Jadeja,AM Nayar,1,0,,,,,,"",""
ball,2,7.1,Chennai Super Kings,S Badrinath,RA Jadeja,AJ Finch,1,0,,,,,,"",""
ball,2,7.2,Chennai Super Kings,RA Jadeja,S Badrinath,AJ Finch,1,0,,,,,,"",""
ball,2,7.3,Chennai Super Kings,S Badrinath,RA Jadeja,AJ Finch,1,0,,,,,,"",""
ball,2,7.4,Chennai Super Kings,RA Jadeja,S Badrinath,AJ Finch,1,0,,,,,,"",""
ball,2,7.5,Chennai Super Kings,S Badrinath,RA Jadeja,AJ Finch,4,0,,,,,,"",""
ball,2,7.6,Chennai Super Kings,S Badrinath,RA Jadeja,AJ Finch,1,0,,,,,,"",""
ball,2,8.1,Chennai Super Kings,S Badrinath,RA Jadeja,AM Nayar,1,0,,,,,,"",""
ball,2,8.2,Chennai Super Kings,RA Jadeja,S Badrinath,AM Nayar,0,0,,,,,,"",""
ball,2,8.3,Chennai Super Kings,RA Jadeja,S Badrinath,AM Nayar,1,0,,,,,,"",""
ball,2,8.4,Chennai Super Kings,S Badrinath,RA Jadeja,AM Nayar,0,0,,,,,,"",""
ball,2,8.5,Chennai Super Kings,S Badrinath,RA Jadeja,AM Nayar,1,0,,,,,,"",""
ball,2,8.6,Chennai Super Kings,RA Jadeja,S Badrinath,AM Nayar,0,0,,,,,,"",""
ball,2,9.1,Chennai Super Kings,S Badrinath,RA Jadeja,R Sharma,0,0,,,,,,"",""
ball,2,9.2,Chennai Super Kings,S Badrinath,RA Jadeja,R Sharma,1,0,,,,,,"",""
ball,2,9.3,Chennai Super Kings,RA Jadeja,S Badrinath,R Sharma,0,0,,,,,,"",""
ball,2,9.4,Chennai Super Kings,RA Jadeja,S Badrinath,R Sharma,2,0,,,,,,"",""
ball,2,9.5,Chennai Super Kings,RA Jadeja,S Badrinath,R Sharma,1,0,,,,,,"",""
ball,2,9.6,Chennai Super Kings,S Badrinath,RA Jadeja,R Sharma,2,0,,,,,,"",""
ball,2,10.1,Chennai Super Kings,RA Jadeja,S Badrinath,AM Nayar,1,0,,,,,,"",""
ball,2,10.2,Chennai Super Kings,S Badrinath,RA Jadeja,AM Nayar,4,0,,,,,,"",""
ball,2,10.3,Chennai Super Kings,S Badrinath,RA Jadeja,AM Nayar,1,0,,,,,,"",""
ball,2,10.4,Chennai Super Kings,RA Jadeja,S Badrinath,AM Nayar,2,0,,,,,,"",""
ball,2,10.5,Chennai Super Kings,RA Jadeja,S Badrinath,AM Nayar,1,0,,,,,,"",""
ball,2,10.6,Chennai Super Kings,S Badrinath,RA Jadeja,AM Nayar,2,0,,,,,,"",""
ball,2,11.1,Chennai Super Kings,RA Jadeja,S Badrinath,R Sharma,0,0,,,,,,"",""
ball,2,11.2,Chennai Super Kings,RA Jadeja,S Badrinath,R Sharma,1,0,,,,,,"",""
ball,2,11.3,Chennai Super Kings,S Badrinath,RA Jadeja,R Sharma,1,0,,,,,,"",""
ball,2,11.4,Chennai Super Kings,RA Jadeja,S Badrinath,R Sharma,1,0,,,,,,"",""
ball,2,11.5,Chennai Super Kings,S Badrinath,RA Jadeja,R Sharma,0,0,,,,,,"",""
ball,2,11.6,Chennai Super Kings,S Badrinath,RA Jadeja,R Sharma,1,0,,,,,,"",""
ball,2,12.1,Chennai Super Kings,S Badrinath,RA Jadeja,MR Marsh,1,0,,,,,,"",""
ball,2,12.2,Chennai Super Kings,RA Jadeja,S Badrinath,MR Marsh,4,0,,,,,,"",""
ball,2,12.3,Chennai Super Kings,RA Jadeja,S Badrinath,MR Marsh,2,0,,,,,,"",""
ball,2,12.4,Chennai Super Kings,RA Jadeja,S Badrinath,MR Marsh,0,0,,,,,,"",""
ball,2,12.5,Chennai Super Kings,RA Jadeja,S Badrinath,MR Marsh,1,0,,,,,,"",""
ball,2,12.6,Chennai Super Kings,S Badrinath,RA Jadeja,MR Marsh,0,0,,,,,,caught,S Badrinath
ball,2,13.1,Chennai Super Kings,MS Dhoni,RA Jadeja,R Sharma,1,0,,,,,,"",""
ball,2,13.2,Chennai Super Kings,RA Jadeja,MS Dhoni,R Sharma,6,0,,,,,,"",""
ball,2,13.3,Chennai Super Kings,RA Jadeja,MS Dhoni,R Sharma,1,0,,,,,,"",""
ball,2,13.4,Chennai Super Kings,MS Dhoni,RA Jadeja,R Sharma,0,0,,,,,,"",""
ball,2,13.5,Chennai Super Kings,MS Dhoni,RA Jadeja,R Sharma,0,0,,,,,,"",""
ball,2,13.6,Chennai Super Kings,MS Dhoni,RA Jadeja,R Sharma,1,0,,,,,,"",""
ball,2,14.1,Chennai Super Kings,MS Dhoni,RA Jadeja,MR Marsh,1,0,,,,,,"",""
ball,2,14.2,Chennai Super Kings,RA Jadeja,MS Dhoni,MR Marsh,1,0,,,,,,"",""
ball,2,14.3,Chennai Super Kings,MS Dhoni,RA Jadeja,MR Marsh,1,0,,,,,,"",""
ball,2,14.4,Chennai Super Kings,RA Jadeja,MS Dhoni,MR Marsh,0,0,,,,,,caught,RA Jadeja
ball,2,14.5,Chennai Super Kings,DJ Bravo,MS Dhoni,MR Marsh,0,1,1,,,,,"",""
ball,2,14.6,Chennai Super Kings,DJ Bravo,MS Dhoni,MR Marsh,0,0,,,,,,"",""
ball,2,14.7,Chennai Super Kings,DJ Bravo,MS Dhoni,MR Marsh,0,0,,,,,,"",""
ball,2,15.1,Chennai Super Kings,MS Dhoni,DJ Bravo,R Sharma,0,0,,,,,,"",""
ball,2,15.2,Chennai Super Kings,MS Dhoni,DJ Bravo,R Sharma,3,0,,,,,,"",""
ball,2,15.3,Chennai Super Kings,DJ Bravo,MS Dhoni,R Sharma,1,0,,,,,,"",""
ball,2,15.4,Chennai Super Kings,MS Dhoni,DJ Bravo,R Sharma,1,0,,,,,,"",""
ball,2,15.5,Chennai Super Kings,DJ Bravo,MS Dhoni,R Sharma,0,0,,,,,,caught,DJ Bravo
ball,2,15.6,Chennai Super Kings,JA Morkel,MS Dhoni,R Sharma,0,0,,,,,,"",""
ball,2,16.1,Chennai Super Kings,MS Dhoni,JA Morkel,MR Marsh,1,0,,,,,,"",""
ball,2,16.2,Chennai Super Kings,JA Morkel,MS Dhoni,MR Marsh,1,0,,,,,,"",""
ball,2,16.3,Chennai Super Kings,MS Dhoni,JA Morkel,MR Marsh,1,0,,,,,,"",""
ball,2,16.4,Chennai Super Kings,JA Morkel,MS Dhoni,MR Marsh,0,0,,,,,,"",""
ball,2,16.5,Chennai Super Kings,JA Morkel,MS Dhoni,MR Marsh,6,0,,,,,,"",""
ball,2,16.6,Chennai Super Kings,JA Morkel,MS Dhoni,MR Marsh,1,0,,,,,,"",""
ball,2,17.1,Chennai Super Kings,JA Morkel,MS Dhoni,AB Dinda,1,0,,,,,,"",""
ball,2,17.2,Chennai Super Kings,MS Dhoni,JA Morkel,AB Dinda,0,0,,,,,,"",""
ball,2,17.3,Chennai Super Kings,MS Dhoni,JA Morkel,AB Dinda,0,0,,,,,,caught,MS Dhoni
ball,2,17.4,Chennai Super Kings,CH Morris,JA Morkel,AB Dinda,2,0,,,,,,"",""
ball,2,17.5,Chennai Super Kings,CH Morris,JA Morkel,AB Dinda,0,0,,,,,,"",""
ball,2,17.6,Chennai Super Kings,CH Morris,JA Morkel,AB Dinda,1,0,,,,,,"",""
ball,2,18.1,Chennai Super Kings,CH Morris,JA Morkel,B Kumar,1,0,,,,,,"",""
ball,2,18.2,Chennai Super Kings,JA Morkel,CH Morris,B Kumar,0,0,,,,,,"",""
ball,2,18.3,Chennai Super Kings,JA Morkel,CH Morris,B Kumar,2,0,,,,,,"",""
ball,2,18.4,Chennai Super Kings,JA Morkel,CH Morris,B Kumar,1,0,,,,,,"",""
ball,2,18.5,Chennai Super Kings,CH Morris,JA Morkel,B Kumar,1,0,,,,,,"",""
ball,2,18.6,Chennai Super Kings,JA Morkel,CH Morris,B Kumar,1,0,,,,,,"",""
ball,2,19.1,Chennai Super Kings,JA Morkel,CH Morris,AB Dinda,0,0,,,,,,caught,JA Morkel
ball,2,19.2,Chennai Super Kings,R Ashwin,CH Morris,AB Dinda,0,0,,,,,,"",""
ball,2,19.3,Chennai Super Kings,R Ashwin,CH Morris,AB Dinda,4,0,,,,,,"",""
ball,2,19.4,Chennai Super Kings,R Ashwin,CH Morris,AB Dinda,2,0,,,,,,"",""
ball,2,19.5,Chennai Super Kings,R Ashwin,CH Morris,AB Dinda,4,0,,,,,,"",""
ball,2,19.6,Chennai Super Kings,R Ashwin,CH Morris,AB Dinda,1,0,,,,,,"",""
