version,1.6.0
info,balls_per_over,6
info,team,Kolkata Knight Riders
info,team,Kings XI Punjab
info,gender,male
info,season,2013
info,date,2013/04/26
info,event,Indian Premier League
info,match_number,35
info,venue,Eden Gardens
info,city,Kolkata
info,toss_winner,Kings XI Punjab
info,toss_decision,bat
info,player_of_match,JH Kallis
info,umpire,CK Nandan
info,umpire,S Ravi
info,reserve_umpire,AS Pathania
info,tv_umpire,HDPK Dharmasena
info,match_referee,RS Mahanama
info,winner,Kolkata Knight Riders
info,winner_wickets,6
info,player,Kings XI Punjab,AC Gilchrist
info,player,Kings XI Punjab,Mandeep Singh
info,player,Kings XI Punjab,M Vohra
info,player,Kings XI Punjab,DJ Hussey
info,player,Kings XI Punjab,DA Miller
info,player,Kings XI Punjab,Gurkeerat Singh
info,player,Kings XI Punjab,Azhar Mahmood
info,player,Kings XI Punjab,PP Chawla
info,player,Kings XI Punjab,P Kumar
info,player,Kings XI Punjab,Harmeet Singh
info,player,Kings XI Punjab,BA Bhatt
info,player,Kolkata Knight Riders,MS Bisla
info,player,Kolkata Knight Riders,G Gambhir
info,player,Kolkata Knight Riders,YK Pathan
info,player,Kolkata Knight Riders,JH Kallis
info,player,Kolkata Knight Riders,EJG Morgan
info,player,Kolkata Knight Riders,SMSM Senanayake
info,player,Kolkata Knight Riders,DB Das
info,player,Kolkata Knight Riders,R Bhatia
info,player,Kolkata Knight Riders,SP Narine
info,player,Kolkata Knight Riders,S Ladda
info,player,Kolkata Knight Riders,L Balaji
info,registry,people,AC Gilchrist,2b6e6dec
info,registry,people,AS Pathania,bf6c251d
info,registry,people,Azhar Mahmood,9a158001
info,registry,people,BA Bhatt,dc4686e6
info,registry,people,CK Nandan,012de9c4
info,registry,people,DA Miller,d67d5f00
info,registry,people,DB Das,7050a1e7
info,registry,people,DJ Hussey,fd835ab3
info,registry,people,EJG Morgan,d2a6c0e6
info,registry,people,G Gambhir,bb345e0b
info,registry,people,Gurkeerat Singh,6eb146d2
info,registry,people,HDPK Dharmasena,323e4c16
info,registry,people,Harmeet Singh,2a72fd4f
info,registry,people,JH Kallis,86dc8f2e
info,registry,people,L Balaji,b2b50355
info,registry,people,M Vohra,c03e2850
info,registry,people,MS Bisla,5afd4539
info,registry,people,Mandeep Singh,c3a96caf
info,registry,people,P Kumar,e938e1bc
info,registry,people,PP Chawla,98ae73b1
info,registry,people,R Bhatia,33a364a6
info,registry,people,RS Mahanama,57910393
info,registry,people,S Ladda,fb693839
info,registry,people,S Ravi,9b9ee0df
info,registry,people,SMSM Senanayake,4c4fa80b
info,registry,people,SP Narine,9d430b40
info,registry,people,YK Pathan,3c6ffae8
ball,1,0.1,Kings XI Punjab,AC Gilchrist,Mandeep Singh,L Balaji,0,0,,,,,,"",""
ball,1,0.2,Kings XI Punjab,AC Gilchrist,Mandeep Singh,L Balaji,1,0,,,,,,"",""
ball,1,0.3,Kings XI Punjab,Mandeep Singh,AC Gilchrist,L Balaji,0,0,,,,,,"",""
ball,1,0.4,Kings XI Punjab,Mandeep Singh,AC Gilchrist,L Balaji,4,0,,,,,,"",""
ball,1,0.5,Kings XI Punjab,Mandeep Singh,AC Gilchrist,L Balaji,0,0,,,,,,"",""
ball,1,0.6,Kings XI Punjab,Mandeep Singh,AC Gilchrist,L Balaji,0,0,,,,,,"",""
ball,1,1.1,Kings XI Punjab,AC Gilchrist,Mandeep Singh,SMSM Senanayake,0,0,,,,,,"",""
ball,1,1.2,Kings XI Punjab,AC Gilchrist,Mandeep Singh,SMSM Senanayake,0,0,,,,,,"",""
ball,1,1.3,Kings XI Punjab,AC Gilchrist,Mandeep Singh,SMSM Senanayake,0,0,,,,,,"",""
ball,1,1.4,Kings XI Punjab,AC Gilchrist,Mandeep Singh,SMSM Senanayake,0,0,,,,,,"",""
ball,1,1.5,Kings XI Punjab,AC Gilchrist,Mandeep Singh,SMSM Senanayake,0,0,,,,,,"",""
ball,1,1.6,Kings XI Punjab,AC Gilchrist,Mandeep Singh,SMSM Senanayake,0,0,,,,,,"",""
ball,1,2.1,Kings XI Punjab,Mandeep Singh,AC Gilchrist,L Balaji,4,0,,,,,,"",""
ball,1,2.2,Kings XI Punjab,Mandeep Singh,AC Gilchrist,L Balaji,0,0,,,,,,"",""
ball,1,2.3,Kings XI Punjab,Mandeep Singh,AC Gilchrist,L Balaji,0,1,,,,1,,"",""
ball,1,2.4,Kings XI Punjab,AC Gilchrist,Mandeep Singh,L Balaji,1,0,,,,,,"",""
ball,1,2.5,Kings XI Punjab,Mandeep Singh,AC Gilchrist,L Balaji,0,0,,,,,,"",""
ball,1,2.6,Kings XI Punjab,Mandeep Singh,AC Gilchrist,L Balaji,4,0,,,,,,"",""
ball,1,3.1,Kings XI Punjab,AC Gilchrist,Mandeep Singh,SMSM Senanayake,1,0,,,,,,"",""
ball,1,3.2,Kings XI Punjab,Mandeep Singh,AC Gilchrist,SMSM Senanayake,1,0,,,,,,"",""
ball,1,3.3,Kings XI Punjab,AC Gilchrist,Mandeep Singh,SMSM Senanayake,1,0,,,,,,"",""
ball,1,3.4,Kings XI Punjab,Mandeep Singh,AC Gilchrist,SMSM Senanayake,0,0,,,,,,"",""
ball,1,3.5,Kings XI Punjab,Mandeep Singh,AC Gilchrist,SMSM Senanayake,1,0,,,,,,"",""
ball,1,3.6,Kings XI Punjab,AC Gilchrist,Mandeep Singh,SMSM Senanayake,4,0,,,,,,"",""
ball,1,4.1,Kings XI Punjab,Mandeep Singh,AC Gilchrist,SP Narine,0,0,,,,,,"",""
ball,1,4.2,Kings XI Punjab,Mandeep Singh,AC Gilchrist,SP Narine,2,0,,,,,,"",""
ball,1,4.3,Kings XI Punjab,Mandeep Singh,AC Gilchrist,SP Narine,4,0,,,,,,"",""
ball,1,4.4,Kings XI Punjab,Mandeep Singh,AC Gilchrist,SP Narine,0,0,,,,,,"",""
ball,1,4.5,Kings XI Punjab,Mandeep Singh,AC Gilchrist,SP Narine,4,0,,,,,,"",""
ball,1,4.6,Kings XI Punjab,Mandeep Singh,AC Gilchrist,SP Narine,0,0,,,,,,"",""
ball,1,5.1,Kings XI Punjab,AC Gilchrist,Mandeep Singh,SMSM Senanayake,1,0,,,,,,"",""
ball,1,5.2,Kings XI Punjab,Mandeep Singh,AC Gilchrist,SMSM Senanayake,1,0,,,,,,"",""
ball,1,5.3,Kings XI Punjab,AC Gilchrist,Mandeep Singh,SMSM Senanayake,2,0,,,,,,"",""
ball,1,5.4,Kings XI Punjab,AC Gilchrist,Mandeep Singh,SMSM Senanayake,4,0,,,,,,"",""
ball,1,5.5,Kings XI Punjab,AC Gilchrist,Mandeep Singh,SMSM Senanayake,0,0,,,,,,"",""
ball,1,5.6,Kings XI Punjab,AC Gilchrist,Mandeep Singh,SMSM Senanayake,4,0,,,,,,"",""
ball,1,6.1,Kings XI Punjab,Mandeep Singh,AC Gilchrist,JH Kallis,0,0,,,,,,caught,Mandeep Singh
ball,1,6.2,Kings XI Punjab,M Vohra,AC Gilchrist,JH Kallis,0,0,,,,,,"",""
ball,1,6.3,Kings XI Punjab,M Vohra,AC Gilchrist,JH Kallis,0,0,,,,,,"",""
ball,1,6.4,Kings XI Punjab,M Vohra,AC Gilchrist,JH Kallis,4,0,,,,,,"",""
ball,1,6.5,Kings XI Punjab,M Vohra,AC Gilchrist,JH Kallis,1,0,,,,,,"",""
ball,1,6.6,Kings XI Punjab,AC Gilchrist,M Vohra,JH Kallis,0,0,,,,,,"",""
ball,1,7.1,Kings XI Punjab,M Vohra,AC Gilchrist,S Ladda,1,0,,,,,,"",""
ball,1,7.2,Kings XI Punjab,AC Gilchrist,M Vohra,S Ladda,1,0,,,,,,"",""
ball,1,7.3,Kings XI Punjab,M Vohra,AC Gilchrist,S Ladda,1,0,,,,,,"",""
ball,1,7.4,Kings XI Punjab,AC Gilchrist,M Vohra,S Ladda,4,0,,,,,,"",""
ball,1,7.5,Kings XI Punjab,AC Gilchrist,M Vohra,S Ladda,1,0,,,,,,"",""
ball,1,7.6,Kings XI Punjab,M Vohra,AC Gilchrist,S Ladda,2,0,,,,,,"",""
ball,1,8.1,Kings XI Punjab,AC Gilchrist,M Vohra,JH Kallis,0,1,,,,1,,"",""
ball,1,8.2,Kings XI Punjab,M Vohra,AC Gilchrist,JH Kallis,1,0,,,,,,"",""
ball,1,8.3,Kings XI Punjab,AC Gilchrist,M Vohra,JH Kallis,0,1,,,,1,,"",""
ball,1,8.4,Kings XI Punjab,M Vohra,AC Gilchrist,JH Kallis,1,0,,,,,,"",""
ball,1,8.5,Kings XI Punjab,AC Gilchrist,M Vohra,JH Kallis,0,0,,,,,,"",""
ball,1,8.6,Kings XI Punjab,AC Gilchrist,M Vohra,JH Kallis,0,0,,,,,,"",""
ball,1,9.1,Kings XI Punjab,M Vohra,AC Gilchrist,R Bhatia,1,0,,,,,,"",""
ball,1,9.2,Kings XI Punjab,AC Gilchrist,M Vohra,R Bhatia,2,0,,,,,,"",""
ball,1,9.3,Kings XI Punjab,AC Gilchrist,M Vohra,R Bhatia,0,0,,,,,,caught,AC Gilchrist
ball,1,9.4,Kings XI Punjab,M Vohra,DJ Hussey,R Bhatia,4,0,,,,,,"",""
ball,1,9.5,Kings XI Punjab,M Vohra,DJ Hussey,R Bhatia,1,0,,,,,,"",""
ball,1,9.6,Kings XI Punjab,DJ Hussey,M Vohra,R Bhatia,0,0,,,,,,"",""
ball,1,10.1,Kings XI Punjab,M Vohra,DJ Hussey,JH Kallis,1,0,,,,,,"",""
ball,1,10.2,Kings XI Punjab,DJ Hussey,M Vohra,JH Kallis,1,0,,,,,,"",""
ball,1,10.3,Kings XI Punjab,M Vohra,DJ Hussey,JH Kallis,1,0,,,,,,"",""
ball,1,10.4,Kings XI Punjab,DJ Hussey,M Vohra,JH Kallis,0,0,,,,,,"",""
ball,1,10.5,Kings XI Punjab,DJ Hussey,M Vohra,JH Kallis,1,0,,,,,,"",""
ball,1,10.6,Kings XI Punjab,M Vohra,DJ Hussey,JH Kallis,0,0,,,,,,"",""
ball,1,11.1,Kings XI Punjab,DJ Hussey,M Vohra,R Bhatia,1,0,,,,,,"",""
ball,1,11.2,Kings XI Punjab,M Vohra,DJ Hussey,R Bhatia,1,0,,,,,,"",""
ball,1,11.3,Kings XI Punjab,DJ Hussey,M Vohra,R Bhatia,4,0,,,,,,"",""
ball,1,11.4,Kings XI Punjab,DJ Hussey,M Vohra,R Bhatia,1,0,,,,,,"",""
ball,1,11.5,Kings XI Punjab,M Vohra,DJ Hussey,R Bhatia,1,0,,,,,,"",""
ball,1,11.6,Kings XI Punjab,DJ Hussey,M Vohra,R Bhatia,1,0,,,,,,"",""
ball,1,12.1,Kings XI Punjab,DJ Hussey,M Vohra,L Balaji,1,0,,,,,,"",""
ball,1,12.2,Kings XI Punjab,M Vohra,DJ Hussey,L Balaji,0,0,,,,,,"",""
ball,1,12.3,Kings XI Punjab,M Vohra,DJ Hussey,L Balaji,4,0,,,,,,"",""
ball,1,12.4,Kings XI Punjab,M Vohra,DJ Hussey,L Balaji,6,0,,,,,,"",""
ball,1,12.5,Kings XI Punjab,M Vohra,DJ Hussey,L Balaji,0,0,,,,,,caught,M Vohra
ball,1,12.6,Kings XI Punjab,DJ Hussey,DA Miller,L Balaji,2,0,,,,,,"",""
ball,1,13.1,Kings XI Punjab,DA Miller,DJ Hussey,SP Narine,1,0,,,,,,"",""
ball,1,13.2,Kings XI Punjab,DJ Hussey,DA Miller,SP Narine,1,0,,,,,,"",""
ball,1,13.3,Kings XI Punjab,DA Miller,DJ Hussey,SP Narine,2,0,,,,,,"",""
ball,1,13.4,Kings XI Punjab,DA Miller,DJ Hussey,SP Narine,0,0,,,,,,"",""
ball,1,13.5,Kings XI Punjab,DA Miller,DJ Hussey,SP Narine,1,0,,,,,,"",""
ball,1,13.6,Kings XI Punjab,DJ Hussey,DA Miller,SP Narine,0,0,,,,,,"",""
ball,1,14.1,Kings XI Punjab,DA Miller,DJ Hussey,S Ladda,0,0,,,,,,"",""
ball,1,14.2,Kings XI Punjab,DA Miller,DJ Hussey,S Ladda,6,0,,,,,,"",""
ball,1,14.3,Kings XI Punjab,DA Miller,DJ Hussey,S Ladda,0,0,,,,,,"",""
ball,1,14.4,Kings XI Punjab,DA Miller,DJ Hussey,S Ladda,0,0,,,,,,bowled,DA Miller
ball,1,14.5,Kings XI Punjab,Gurkeerat Singh,DJ Hussey,S Ladda,1,0,,,,,,"",""
ball,1,14.6,Kings XI Punjab,DJ Hussey,Gurkeerat Singh,S Ladda,1,0,,,,,,"",""
ball,1,15.1,Kings XI Punjab,DJ Hussey,Gurkeerat Singh,SMSM Senanayake,2,0,,,,,,"",""
ball,1,15.2,Kings XI Punjab,DJ Hussey,Gurkeerat Singh,SMSM Senanayake,1,0,,,,,,"",""
ball,1,15.3,Kings XI Punjab,Gurkeerat Singh,DJ Hussey,SMSM Senanayake,0,0,,,,,,"",""
ball,1,15.4,Kings XI Punjab,Gurkeerat Singh,DJ Hussey,SMSM Senanayake,4,0,,,,,,"",""
ball,1,15.5,Kings XI Punjab,Gurkeerat Singh,DJ Hussey,SMSM Senanayake,1,0,,,,,,"",""
ball,1,15.6,Kings XI Punjab,DJ Hussey,Gurkeerat Singh,SMSM Senanayake,1,0,,,,,,"",""
ball,1,16.1,Kings XI Punjab,DJ Hussey,Gurkeerat Singh,SP Narine,1,0,,,,,,"",""
ball,1,16.2,Kings XI Punjab,Gurkeerat Singh,DJ Hussey,SP Narine,1,0,,,,,,"",""
ball,1,16.3,Kings XI Punjab,DJ Hussey,Gurkeerat Singh,SP Narine,1,0,,,,,,"",""
ball,1,16.4,Kings XI Punjab,Gurkeerat Singh,DJ Hussey,SP Narine,0,1,,,,1,,"",""
ball,1,16.5,Kings XI Punjab,DJ Hussey,Gurkeerat Singh,SP Narine,1,0,,,,,,"",""
ball,1,16.6,Kings XI Punjab,Gurkeerat Singh,DJ Hussey,SP Narine,1,0,,,,,,"",""
ball,1,17.1,Kings XI Punjab,Gurkeerat Singh,DJ Hussey,JH Kallis,1,0,,,,,,"",""
ball,1,17.2,Kings XI Punjab,DJ Hussey,Gurkeerat Singh,JH Kallis,0,0,,,,,,caught,DJ Hussey
ball,1,17.3,Kings XI Punjab,Gurkeerat Singh,Azhar Mahmood,JH Kallis,0,0,,,,,,"",""
ball,1,17.4,Kings XI Punjab,Gurkeerat Singh,Azhar Mahmood,JH Kallis,1,0,,,,,,"",""
ball,1,17.5,Kings XI Punjab,Azhar Mahmood,Gurkeerat Singh,JH Kallis,0,0,,,,,,"",""
ball,1,17.6,Kings XI Punjab,Azhar Mahmood,Gurkeerat Singh,JH Kallis,1,0,,,,,,"",""
ball,1,18.1,Kings XI Punjab,Azhar Mahmood,Gurkeerat Singh,SP Narine,0,0,,,,,,"",""
ball,1,18.2,Kings XI Punjab,Azhar Mahmood,Gurkeerat Singh,SP Narine,0,0,,,,,,"",""
ball,1,18.3,Kings XI Punjab,Azhar Mahmood,Gurkeerat Singh,SP Narine,1,0,,,,,,"",""
ball,1,18.4,Kings XI Punjab,Gurkeerat Singh,Azhar Mahmood,SP Narine,1,0,,,,,,"",""
ball,1,18.5,Kings XI Punjab,Azhar Mahmood,Gurkeerat Singh,SP Narine,0,0,,,,,,"",""
ball,1,18.6,Kings XI Punjab,Azhar Mahmood,Gurkeerat Singh,SP Narine,0,0,,,,,,run out,Azhar Mahmood
ball,1,19.1,Kings XI Punjab,Gurkeerat Singh,PP Chawla,L Balaji,4,0,,,,,,"",""
ball,1,19.2,Kings XI Punjab,Gurkeerat Singh,PP Chawla,L Balaji,6,0,,,,,,"",""
ball,1,19.3,Kings XI Punjab,Gurkeerat Singh,PP Chawla,L Balaji,1,0,,,,,,"",""
ball,1,19.4,Kings XI Punjab,PP Chawla,Gurkeerat Singh,L Balaji,0,0,,,,,,"",""
ball,1,19.5,Kings XI Punjab,PP Chawla,Gurkeerat Singh,L Balaji,0,1,,,1,,,"",""
ball,1,19.6,Kings XI Punjab,Gurkeerat Singh,PP Chawla,L Balaji,6,0,,,,,,"",""
ball,2,0.1,Kolkata Knight Riders,MS Bisla,G Gambhir,P Kumar,1,0,,,,,,"",""
ball,2,0.2,Kolkata Knight Riders,G Gambhir,MS Bisla,P Kumar,0,0,,,,,,"",""
ball,2,0.3,Kolkata Knight Riders,G Gambhir,MS Bisla,P Kumar,4,0,,,,,,"",""
ball,2,0.4,Kolkata Knight Riders,G Gambhir,MS Bisla,P Kumar,0,0,,,,,,"",""
ball,2,0.5,Kolkata Knight Riders,G Gambhir,MS Bisla,P Kumar,0,0,,,,,,"",""
ball,2,0.6,Kolkata Knight Riders,G Gambhir,MS Bisla,P Kumar,4,0,,,,,,"",""
ball,2,1.1,Kolkata Knight Riders,MS Bisla,G Gambhir,Azhar Mahmood,1,0,,,,,,"",""
ball,2,1.2,Kolkata Knight Riders,G Gambhir,MS Bisla,Azhar Mahmood,0,0,,,,,,bowled,G Gambhir
ball,2,1.3,Kolkata Knight Riders,YK Pathan,MS Bisla,Azhar Mahmood,0,0,,,,,,caught,YK Pathan
ball,2,1.4,Kolkata Knight Riders,JH Kallis,MS Bisla,Azhar Mahmood,0,0,,,,,,"",""
ball,2,1.5,Kolkata Knight Riders,JH Kallis,MS Bisla,Azhar Mahmood,0,0,,,,,,"",""
ball,2,1.6,Kolkata Knight Riders,JH Kallis,MS Bisla,Azhar Mahmood,4,0,,,,,,"",""
ball,2,2.1,Kolkata Knight Riders,MS Bisla,JH Kallis,P Kumar,1,0,,,,,,"",""
ball,2,2.2,Kolkata Knight Riders,JH Kallis,MS Bisla,P Kumar,0,0,,,,,,"",""
ball,2,2.3,Kolkata Knight Riders,JH Kallis,MS Bisla,P Kumar,1,0,,,,,,"",""
ball,2,2.4,Kolkata Knight Riders,MS Bisla,JH Kallis,P Kumar,0,0,,,,,,"",""
ball,2,2.5,Kolkata Knight Riders,MS Bisla,JH Kallis,P Kumar,0,0,,,,,,"",""
ball,2,2.6,Kolkata Knight Riders,MS Bisla,JH Kallis,P Kumar,0,0,,,,,,"",""
ball,2,3.1,Kolkata Knight Riders,JH Kallis,MS Bisla,Azhar Mahmood,0,0,,,,,,"",""
ball,2,3.2,Kolkata Knight Riders,JH Kallis,MS Bisla,Azhar Mahmood,4,0,,,,,,"",""
ball,2,3.3,Kolkata Knight Riders,JH Kallis,MS Bisla,Azhar Mahmood,1,0,,,,,,"",""
ball,2,3.4,Kolkata Knight Riders,MS Bisla,JH Kallis,Azhar Mahmood,6,0,,,,,,"",""
ball,2,3.5,Kolkata Knight Riders,MS Bisla,JH Kallis,Azhar Mahmood,0,0,,,,,,"",""
ball,2,3.6,Kolkata Knight Riders,MS Bisla,JH Kallis,Azhar Mahmood,1,0,,,,,,"",""
ball,2,4.1,Kolkata Knight Riders,MS Bisla,JH Kallis,P Kumar,6,0,,,,,,"",""
ball,2,4.2,Kolkata Knight Riders,MS Bisla,JH Kallis,P Kumar,1,0,,,,,,"",""
ball,2,4.3,Kolkata Knight Riders,JH Kallis,MS Bisla,P Kumar,1,0,,,,,,"",""
ball,2,4.4,Kolkata Knight Riders,MS Bisla,JH Kallis,P Kumar,0,0,,,,,,"",""
ball,2,4.5,Kolkata Knight Riders,MS Bisla,JH Kallis,P Kumar,0,0,,,,,,"",""
ball,2,4.6,Kolkata Knight Riders,MS Bisla,JH Kallis,P Kumar,0,0,,,,,,"",""
ball,2,5.1,Kolkata Knight Riders,JH Kallis,MS Bisla,BA Bhatt,0,0,,,,,,"",""
ball,2,5.2,Kolkata Knight Riders,JH Kallis,MS Bisla,BA Bhatt,4,0,,,,,,"",""
ball,2,5.3,Kolkata Knight Riders,JH Kallis,MS Bisla,BA Bhatt,0,0,,,,,,"",""
ball,2,5.4,Kolkata Knight Riders,JH Kallis,MS Bisla,BA Bhatt,4,0,,,,,,"",""
ball,2,5.5,Kolkata Knight Riders,JH Kallis,MS Bisla,BA Bhatt,0,0,,,,,,"",""
ball,2,5.6,Kolkata Knight Riders,JH Kallis,MS Bisla,BA Bhatt,1,0,,,,,,"",""
ball,2,6.1,Kolkata Knight Riders,JH Kallis,MS Bisla,PP Chawla,4,0,,,,,,"",""
ball,2,6.2,Kolkata Knight Riders,JH Kallis,MS Bisla,PP Chawla,1,0,,,,,,"",""
ball,2,6.3,Kolkata Knight Riders,MS Bisla,JH Kallis,PP Chawla,1,0,,,,,,"",""
ball,2,6.4,Kolkata Knight Riders,JH Kallis,MS Bisla,PP Chawla,1,0,,,,,,"",""
ball,2,6.5,Kolkata Knight Riders,MS Bisla,JH Kallis,PP Chawla,0,0,,,,,,"",""
ball,2,6.6,Kolkata Knight Riders,MS Bisla,JH Kallis,PP Chawla,0,0,,,,,,"",""
ball,2,7.1,Kolkata Knight Riders,JH Kallis,MS Bisla,BA Bhatt,0,0,,,,,,"",""
ball,2,7.2,Kolkata Knight Riders,JH Kallis,MS Bisla,BA Bhatt,0,0,,,,,,"",""
ball,2,7.3,Kolkata Knight Riders,JH Kallis,MS Bisla,BA Bhatt,0,0,,,,,,"",""
ball,2,7.4,Kolkata Knight Riders,JH Kallis,MS Bisla,BA Bhatt,1,0,,,,,,"",""
ball,2,7.5,Kolkata Knight Riders,MS Bisla,JH Kallis,BA Bhatt,1,0,,,,,,"",""
ball,2,7.6,Kolkata Knight Riders,JH Kallis,MS Bisla,BA Bhatt,1,0,,,,,,"",""
ball,2,8.1,Kolkata Knight Riders,JH Kallis,MS Bisla,PP Chawla,0,4,,,,4,,"",""
ball,2,8.2,Kolkata Knight Riders,JH Kallis,MS Bisla,PP Chawla,1,0,,,,,,"",""
ball,2,8.3,Kolkata Knight Riders,MS Bisla,JH Kallis,PP Chawla,1,0,,,,,,"",""
ball,2,8.4,Kolkata Knight Riders,JH Kallis,MS Bisla,PP Chawla,0,0,,,,,,"",""
ball,2,8.5,Kolkata Knight Riders,JH Kallis,MS Bisla,PP Chawla,4,0,,,,,,"",""
ball,2,8.6,Kolkata Knight Riders,JH Kallis,MS Bisla,PP Chawla,1,0,,,,,,"",""
ball,2,9.1,Kolkata Knight Riders,JH Kallis,MS Bisla,BA Bhatt,1,0,,,,,,"",""
ball,2,9.2,Kolkata Knight Riders,MS Bisla,JH Kallis,BA Bhatt,0,0,,,,,,"",""
ball,2,9.3,Kolkata Knight Riders,MS Bisla,JH Kallis,BA Bhatt,4,0,,,,,,"",""
ball,2,9.4,Kolkata Knight Riders,MS Bisla,JH Kallis,BA Bhatt,0,1,1,,,,,"",""
ball,2,9.5,Kolkata Knight Riders,MS Bisla,JH Kallis,BA Bhatt,1,0,,,,,,"",""
ball,2,9.6,Kolkata Knight Riders,JH Kallis,MS Bisla,BA Bhatt,0,0,,,,,,"",""
ball,2,9.7,Kolkata Knight Riders,JH Kallis,MS Bisla,BA Bhatt,2,0,,,,,,"",""
ball,2,10.1,Kolkata Knight Riders,MS Bisla,JH Kallis,Harmeet Singh,0,0,,,,,,"",""
ball,2,10.2,Kolkata Knight Riders,MS Bisla,JH Kallis,Harmeet Singh,1,0,,,,,,"",""
ball,2,10.3,Kolkata Knight Riders,JH Kallis,MS Bisla,Harmeet Singh,0,0,,,,,,"",""
ball,2,10.4,Kolkata Knight Riders,JH Kallis,MS Bisla,Harmeet Singh,0,0,,,,,,caught,JH Kallis
ball,2,10.5,Kolkata Knight Riders,EJG Morgan,MS Bisla,Harmeet Singh,0,0,,,,,,"",""
ball,2,10.6,Kolkata Knight Riders,EJG Morgan,MS Bisla,Harmeet Singh,0,0,,,,,,"",""
ball,2,11.1,Kolkata Knight Riders,MS Bisla,EJG Morgan,PP Chawla,1,0,,,,,,"",""
ball,2,11.2,Kolkata Knight Riders,EJG Morgan,MS Bisla,PP Chawla,0,4,,,4,,,"",""
ball,2,11.3,Kolkata Knight Riders,EJG Morgan,MS Bisla,PP Chawla,1,0,,,,,,"",""
ball,2,11.4,Kolkata Knight Riders,MS Bisla,EJG Morgan,PP Chawla,1,0,,,,,,"",""
ball,2,11.5,Kolkata Knight Riders,EJG Morgan,MS Bisla,PP Chawla,0,0,,,,,,"",""
ball,2,11.6,Kolkata Knight Riders,EJG Morgan,MS Bisla,PP Chawla,4,0,,,,,,"",""
ball,2,12.1,Kolkata Knight Riders,MS Bisla,EJG Morgan,Harmeet Singh,1,0,,,,,,"",""
ball,2,12.2,Kolkata Knight Riders,EJG Morgan,MS Bisla,Harmeet Singh,6,0,,,,,,"",""
ball,2,12.3,Kolkata Knight Riders,EJG Morgan,MS Bisla,Harmeet Singh,1,0,,,,,,"",""
ball,2,12.4,Kolkata Knight Riders,MS Bisla,EJG Morgan,Harmeet Singh,4,0,,,,,,"",""
ball,2,12.5,Kolkata Knight Riders,MS Bisla,EJG Morgan,Harmeet Singh,0,0,,,,,,"",""
ball,2,12.6,Kolkata Knight Riders,MS Bisla,EJG Morgan,Harmeet Singh,2,0,,,,,,"",""
ball,2,13.1,Kolkata Knight Riders,EJG Morgan,MS Bisla,Azhar Mahmood,0,0,,,,,,"",""
ball,2,13.2,Kolkata Knight Riders,EJG Morgan,MS Bisla,Azhar Mahmood,0,0,,,,,,"",""
ball,2,13.3,Kolkata Knight Riders,EJG Morgan,MS Bisla,Azhar Mahmood,0,0,,,,,,"",""
ball,2,13.4,Kolkata Knight Riders,EJG Morgan,MS Bisla,Azhar Mahmood,0,0,,,,,,"",""
ball,2,13.5,Kolkata Knight Riders,EJG Morgan,MS Bisla,Azhar Mahmood,4,0,,,,,,"",""
ball,2,13.6,Kolkata Knight Riders,EJG Morgan,MS Bisla,Azhar Mahmood,1,0,,,,,,"",""
ball,2,14.1,Kolkata Knight Riders,EJG Morgan,MS Bisla,PP Chawla,1,0,,,,,,"",""
ball,2,14.2,Kolkata Knight Riders,MS Bisla,EJG Morgan,PP Chawla,0,0,,,,,,"",""
ball,2,14.3,Kolkata Knight Riders,MS Bisla,EJG Morgan,PP Chawla,1,0,,,,,,"",""
ball,2,14.4,Kolkata Knight Riders,EJG Morgan,MS Bisla,PP Chawla,4,0,,,,,,"",""
ball,2,14.5,Kolkata Knight Riders,EJG Morgan,MS Bisla,PP Chawla,6,0,,,,,,"",""
ball,2,14.6,Kolkata Knight Riders,EJG Morgan,MS Bisla,PP Chawla,0,0,,,,,,"",""
ball,2,15.1,Kolkata Knight Riders,MS Bisla,EJG Morgan,P Kumar,0,0,,,,,,"",""
ball,2,15.2,Kolkata Knight Riders,MS Bisla,EJG Morgan,P Kumar,0,0,,,,,,"",""
ball,2,15.3,Kolkata Knight Riders,MS Bisla,EJG Morgan,P Kumar,0,0,,,,,,"",""
ball,2,15.4,Kolkata Knight Riders,MS Bisla,EJG Morgan,P Kumar,1,0,,,,,,"",""
ball,2,15.5,Kolkata Knight Riders,EJG Morgan,MS Bisla,P Kumar,0,1,1,,,,,"",""
ball,2,15.6,Kolkata Knight Riders,EJG Morgan,MS Bisla,P Kumar,1,0,,,,,,"",""
ball,2,15.7,Kolkata Knight Riders,MS Bisla,EJG Morgan,P Kumar,6,0,,,,,,"",""
ball,2,16.1,Kolkata Knight Riders,EJG Morgan,MS Bisla,Harmeet Singh,1,0,,,,,,"",""
ball,2,16.2,Kolkata Knight Riders,MS Bisla,EJG Morgan,Harmeet Singh,0,0,,,,,,"",""
ball,2,16.3,Kolkata Knight Riders,MS Bisla,EJG Morgan,Harmeet Singh,4,0,,,,,,"",""
ball,2,16.4,Kolkata Knight Riders,MS Bisla,EJG Morgan,Harmeet Singh,1,0,,,,,,"",""
ball,2,16.5,Kolkata Knight Riders,EJG Morgan,MS Bisla,Harmeet Singh,0,1,,,,1,,"",""
ball,2,16.6,Kolkata Knight Riders,MS Bisla,EJG Morgan,Harmeet Singh,1,0,,,,,,"",""
ball,2,17.1,Kolkata Knight Riders,MS Bisla,EJG Morgan,Azhar Mahmood,1,0,,,,,,"",""
ball,2,17.2,Kolkata Knight Riders,EJG Morgan,MS Bisla,Azhar Mahmood,0,0,,,,,,"",""
ball,2,17.3,Kolkata Knight Riders,EJG Morgan,MS Bisla,Azhar Mahmood,6,0,,,,,,"",""
ball,2,17.4,Kolkata Knight Riders,EJG Morgan,MS Bisla,Azhar Mahmood,0,0,,,,,,"",""
ball,2,17.5,Kolkata Knight Riders,EJG Morgan,MS Bisla,Azhar Mahmood,6,0,,,,,,"",""
ball,2,17.6,Kolkata Knight Riders,EJG Morgan,MS Bisla,Azhar Mahmood,0,0,,,,,,caught,EJG Morgan
ball,2,18.1,Kolkata Knight Riders,MS Bisla,SMSM Senanayake,Harmeet Singh,0,0,,,,,,"",""
ball,2,18.2,Kolkata Knight Riders,MS Bisla,SMSM Senanayake,Harmeet Singh,1,0,,,,,,"",""
ball,2,18.3,Kolkata Knight Riders,SMSM Senanayake,MS Bisla,Harmeet Singh,0,1,,1,,,,"",""
