version,1.6.0
info,balls_per_over,6
info,team,Chennai Super Kings
info,team,Kolkata Knight Riders
info,gender,male
info,season,2013
info,date,2013/04/28
info,event,Indian Premier League
info,match_number,38
info,venue,"MA Chidambaram Stadium, Chepauk"
info,city,Chennai
info,toss_winner,Kolkata Knight Riders
info,toss_decision,field
info,player_of_match,MEK Hussey
info,umpire,Aleem Dar
info,umpire,SJA Taufel
info,reserve_umpire,K Srinivasan
info,tv_umpire,C Shamshuddin
info,match_referee,AJ Pycroft
info,winner,Chennai Super Kings
info,winner_runs,14
info,player,Chennai Super Kings,WP Saha
info,player,Chennai Super Kings,MEK Hussey
info,player,Chennai Super Kings,SK Raina
info,player,Chennai Super Kings,MS Dhoni
info,player,Chennai Super Kings,RA Jadeja
info,player,Chennai Super Kings,S Badrinath
info,player,Chennai Super Kings,DJ Bravo
info,player,Chennai Super Kings,CH Morris
info,player,Chennai Super Kings,R Ashwin
info,player,Chennai Super Kings,DP Nannes
info,player,Chennai Super Kings,MM Sharma
info,player,Kolkata Knight Riders,MS Bisla
info,player,Kolkata Knight Riders,G Gambhir
info,player,Kolkata Knight Riders,BB McCullum
info,player,Kolkata Knight Riders,JH Kallis
info,player,Kolkata Knight Riders,EJG Morgan
info,player,Kolkata Knight Riders,YK Pathan
info,player,Kolkata Knight Riders,DB Das
info,player,Kolkata Knight Riders,R Bhatia
info,player,Kolkata Knight Riders,SP Narine
info,player,Kolkata Knight Riders,Mohammed Shami
info,player,Kolkata Knight Riders,L Balaji
info,registry,people,AJ Pycroft,685d3f80
info,registry,people,Aleem Dar,f02778d1
info,registry,people,BB McCullum,b8a55852
info,registry,people,C Shamshuddin,0f9d921b
info,registry,people,CH Morris,fb66ce1f
info,registry,people,DB Das,7050a1e7
info,registry,people,DJ Bravo,87e562a9
info,registry,people,DP Nannes,c404f58a
info,registry,people,EJG Morgan,d2a6c0e6
info,registry,people,G Gambhir,bb345e0b
info,registry,people,JH Kallis,86dc8f2e
info,registry,people,K Srinivasan,042a8b69
info,registry,people,L Balaji,b2b50355
info,registry,people,MEK Hussey,48fd7349
info,registry,people,MM Sharma,759ac88f
info,registry,people,MS Bisla,5afd4539
info,registry,people,MS Dhoni,4a8a2e3b
info,registry,people,Mohammed Shami,8cf9814c
info,registry,people,R Ashwin,495d42a5
info,registry,people,R Bhatia,33a364a6
info,registry,people,RA Jadeja,fe93fd9d
info,registry,people,S Badrinath,3576e47e
info,registry,people,SJA Taufel,4b43d5ac
info,registry,people,SK Raina,1dc12ab9
info,registry,people,SP Narine,9d430b40
info,registry,people,WP Saha,fe11caa6
info,registry,people,YK Pathan,3c6ffae8
ball,1,0.1,Chennai Super Kings,WP Saha,MEK Hussey,YK Pathan,0,0,,,,,,"",""
ball,1,0.2,Chennai Super Kings,WP Saha,MEK Hussey,YK Pathan,1,0,,,,,,"",""
ball,1,0.3,Chennai Super Kings,MEK Hussey,WP Saha,YK Pathan,2,0,,,,,,"",""
ball,1,0.4,Chennai Super Kings,MEK Hussey,WP Saha,YK Pathan,2,0,,,,,,"",""
ball,1,0.5,Chennai Super Kings,MEK Hussey,WP Saha,YK Pathan,0,0,,,,,,"",""
ball,1,0.6,Chennai Super Kings,MEK Hussey,WP Saha,YK Pathan,1,0,,,,,,"",""
ball,1,1.1,Chennai Super Kings,MEK Hussey,WP Saha,Mohammed Shami,0,0,,,,,,"",""
ball,1,1.2,Chennai Super Kings,MEK Hussey,WP Saha,Mohammed Shami,0,0,,,,,,"",""
ball,1,1.3,Chennai Super Kings,MEK Hussey,WP Saha,Mohammed Shami,0,0,,,,,,"",""
ball,1,1.4,Chennai Super Kings,MEK Hussey,WP Saha,Mohammed Shami,4,0,,,,,,"",""
ball,1,1.5,Chennai Super Kings,MEK Hussey,WP Saha,Mohammed Shami,0,0,,,,,,"",""
ball,1,1.6,Chennai Super Kings,MEK Hussey,WP Saha,Mohammed Shami,1,0,,,,,,"",""
ball,1,2.1,Chennai Super Kings,MEK Hussey,WP Saha,L Balaji,2,0,,,,,,"",""
ball,1,2.2,Chennai Super Kings,MEK Hussey,WP Saha,L Balaji,0,0,,,,,,"",""
ball,1,2.3,Chennai Super Kings,MEK Hussey,WP Saha,L Balaji,4,0,,,,,,"",""
ball,1,2.4,Chennai Super Kings,MEK Hussey,WP Saha,L Balaji,4,0,,,,,,"",""
ball,1,2.5,Chennai Super Kings,MEK Hussey,WP Saha,L Balaji,0,0,,,,,,"",""
ball,1,2.6,Chennai Super Kings,MEK Hussey,WP Saha,L Balaji,4,0,,,,,,"",""
ball,1,3.1,Chennai Super Kings,WP Saha,MEK Hussey,Mohammed Shami,0,0,,,,,,"",""
ball,1,3.2,Chennai Super Kings,WP Saha,MEK Hussey,Mohammed Shami,4,0,,,,,,"",""
ball,1,3.3,Chennai Super Kings,WP Saha,MEK Hussey,Mohammed Shami,4,0,,,,,,"",""
ball,1,3.4,Chennai Super Kings,WP Saha,MEK Hussey,Mohammed Shami,0,0,,,,,,"",""
ball,1,3.5,Chennai Super Kings,WP Saha,MEK Hussey,Mohammed Shami,0,1,1,,,,,"",""
ball,1,3.6,Chennai Super Kings,WP Saha,MEK Hussey,Mohammed Shami,6,0,,,,,,"",""
ball,1,3.7,Chennai Super Kings,WP Saha,MEK Hussey,Mohammed Shami,0,0,,,,,,"",""
ball,1,4.1,Chennai Super Kings,MEK Hussey,WP Saha,SP Narine,0,0,,,,,,"",""
ball,1,4.2,Chennai Super Kings,MEK Hussey,WP Saha,SP Narine,4,0,,,,,,"",""
ball,1,4.3,Chennai Super Kings,MEK Hussey,WP Saha,SP Narine,4,0,,,,,,"",""
ball,1,4.4,Chennai Super Kings,MEK Hussey,WP Saha,SP Narine,0,0,,,,,,"",""
ball,1,4.5,Chennai Super Kings,MEK Hussey,WP Saha,SP Narine,0,0,,,,,,"",""
ball,1,4.6,Chennai Super Kings,MEK Hussey,WP Saha,SP Narine,1,0,,,,,,"",""
ball,1,5.1,Chennai Super Kings,MEK Hussey,WP Saha,JH Kallis,4,0,,,,,,"",""
ball,1,5.2,Chennai Super Kings,MEK Hussey,WP Saha,JH Kallis,3,0,,,,,,"",""
ball,1,5.3,Chennai Super Kings,WP Saha,MEK Hussey,JH Kallis,4,0,,,,,,"",""
ball,1,5.4,Chennai Super Kings,WP Saha,MEK Hussey,JH Kallis,6,0,,,,,,"",""
ball,1,5.5,Chennai Super Kings,WP Saha,MEK Hussey,JH Kallis,1,0,,,,,,"",""
ball,1,5.6,Chennai Super Kings,MEK Hussey,WP Saha,JH Kallis,0,0,,,,,,"",""
ball,1,6.1,Chennai Super Kings,WP Saha,MEK Hussey,R Bhatia,1,0,,,,,,"",""
ball,1,6.2,Chennai Super Kings,MEK Hussey,WP Saha,R Bhatia,1,0,,,,,,"",""
ball,1,6.3,Chennai Super Kings,WP Saha,MEK Hussey,R Bhatia,1,0,,,,,,"",""
ball,1,6.4,Chennai Super Kings,MEK Hussey,WP Saha,R Bhatia,0,0,,,,,,"",""
ball,1,6.5,Chennai Super Kings,MEK Hussey,WP Saha,R Bhatia,1,0,,,,,,"",""
ball,1,6.6,Chennai Super Kings,WP Saha,MEK Hussey,R Bhatia,1,0,,,,,,"",""
ball,1,7.1,Chennai Super Kings,WP Saha,MEK Hussey,JH Kallis,1,0,,,,,,"",""
ball,1,7.2,Chennai Super Kings,MEK Hussey,WP Saha,JH Kallis,6,0,,,,,,"",""
ball,1,7.3,Chennai Super Kings,MEK Hussey,WP Saha,JH Kallis,1,0,,,,,,"",""
ball,1,7.4,Chennai Super Kings,WP Saha,MEK Hussey,JH Kallis,4,0,,,,,,"",""
ball,1,7.5,Chennai Super Kings,WP Saha,MEK Hussey,JH Kallis,1,0,,,,,,"",""
ball,1,7.6,Chennai Super Kings,MEK Hussey,WP Saha,JH Kallis,1,0,,,,,,"",""
ball,1,8.1,Chennai Super Kings,MEK Hussey,WP Saha,R Bhatia,2,0,,,,,,"",""
ball,1,8.2,Chennai Super Kings,MEK Hussey,WP Saha,R Bhatia,1,0,,,,,,"",""
ball,1,8.3,Chennai Super Kings,WP Saha,MEK Hussey,R Bhatia,1,0,,,,,,"",""
ball,1,8.4,Chennai Super Kings,MEK Hussey,WP Saha,R Bhatia,1,0,,,,,,"",""
ball,1,8.5,Chennai Super Kings,WP Saha,MEK Hussey,R Bhatia,1,0,,,,,,"",""
ball,1,8.6,Chennai Super Kings,MEK Hussey,WP Saha,R Bhatia,4,0,,,,,,"",""
ball,1,9.1,Chennai Super Kings,WP Saha,MEK Hussey,SP Narine,1,0,,,,,,"",""
ball,1,9.2,Chennai Super Kings,MEK Hussey,WP Saha,SP Narine,2,0,,,,,,"",""
ball,1,9.3,Chennai Super Kings,MEK Hussey,WP Saha,SP Narine,2,0,,,,,,"",""
ball,1,9.4,Chennai Super Kings,MEK Hussey,WP Saha,SP Narine,1,0,,,,,,"",""
ball,1,9.5,Chennai Super Kings,WP Saha,MEK Hussey,SP Narine,0,0,,,,,,"",""
ball,1,9.6,Chennai Super Kings,WP Saha,MEK Hussey,SP Narine,1,0,,,,,,"",""
ball,1,10.1,Chennai Super Kings,WP Saha,MEK Hussey,R Bhatia,0,0,,,,,,caught,WP Saha
ball,1,10.2,Chennai Super Kings,MEK Hussey,SK Raina,R Bhatia,1,0,,,,,,"",""
ball,1,10.3,Chennai Super Kings,SK Raina,MEK Hussey,R Bhatia,1,0,,,,,,"",""
ball,1,10.4,Chennai Super Kings,MEK Hussey,SK Raina,R Bhatia,0,0,,,,,,"",""
ball,1,10.5,Chennai Super Kings,MEK Hussey,SK Raina,R Bhatia,0,0,,,,,,"",""
ball,1,10.6,Chennai Super Kings,MEK Hussey,SK Raina,R Bhatia,1,0,,,,,,"",""
ball,1,11.1,Chennai Super Kings,MEK Hussey,SK Raina,L Balaji,1,0,,,,,,"",""
ball,1,11.2,Chennai Super Kings,SK Raina,MEK Hussey,L Balaji,0,0,,,,,,"",""
ball,1,11.3,Chennai Super Kings,SK Raina,MEK Hussey,L Balaji,1,0,,,,,,"",""
ball,1,11.4,Chennai Super Kings,MEK Hussey,SK Raina,L Balaji,4,0,,,,,,"",""
ball,1,11.5,Chennai Super Kings,MEK Hussey,SK Raina,L Balaji,0,0,,,,,,"",""
ball,1,11.6,Chennai Super Kings,MEK Hussey,SK Raina,L Balaji,2,0,,,,,,"",""
ball,1,12.1,Chennai Super Kings,SK Raina,MEK Hussey,R Bhatia,1,0,,,,,,"",""
ball,1,12.2,Chennai Super Kings,MEK Hussey,SK Raina,R Bhatia,2,0,,,,,,"",""
ball,1,12.3,Chennai Super Kings,MEK Hussey,SK Raina,R Bhatia,4,0,,,,,,"",""
ball,1,12.4,Chennai Super Kings,MEK Hussey,SK Raina,R Bhatia,1,0,,,,,,"",""
ball,1,12.5,Chennai Super Kings,SK Raina,MEK Hussey,R Bhatia,1,0,,,,,,"",""
ball,1,12.6,Chennai Super Kings,MEK Hussey,SK Raina,R Bhatia,4,0,,,,,,"",""
ball,1,13.1,Chennai Super Kings,SK Raina,MEK Hussey,SP Narine,6,0,,,,,,"",""
ball,1,13.2,Chennai Super Kings,SK Raina,MEK Hussey,SP Narine,1,0,,,,,,"",""
ball,1,13.3,Chennai Super Kings,MEK Hussey,SK Raina,SP Narine,0,0,,,,,,"",""
ball,1,13.4,Chennai Super Kings,MEK Hussey,SK Raina,SP Narine,0,0,,,,,,"",""
ball,1,13.5,Chennai Super Kings,MEK Hussey,SK Raina,SP Narine,1,0,,,,,,"",""
ball,1,13.6,Chennai Super Kings,SK Raina,MEK Hussey,SP Narine,4,0,,,,,,"",""
ball,1,14.1,Chennai Super Kings,MEK Hussey,SK Raina,YK Pathan,1,0,,,,,,"",""
ball,1,14.2,Chennai Super Kings,SK Raina,MEK Hussey,YK Pathan,1,0,,,,,,"",""
ball,1,14.3,Chennai Super Kings,MEK Hussey,SK Raina,YK Pathan,1,0,,,,,,"",""
ball,1,14.4,Chennai Super Kings,SK Raina,MEK Hussey,YK Pathan,1,0,,,,,,"",""
ball,1,14.5,Chennai Super Kings,MEK Hussey,SK Raina,YK Pathan,2,0,,,,,,"",""
ball,1,14.6,Chennai Super Kings,MEK Hussey,SK Raina,YK Pathan,6,0,,,,,,"",""
ball,1,15.1,Chennai Super Kings,SK Raina,MEK Hussey,SP Narine,1,0,,,,,,"",""
ball,1,15.2,Chennai Super Kings,MEK Hussey,SK Raina,SP Narine,1,0,,,,,,"",""
ball,1,15.3,Chennai Super Kings,SK Raina,MEK Hussey,SP Narine,4,0,,,,,,"",""
ball,1,15.4,Chennai Super Kings,SK Raina,MEK Hussey,SP Narine,1,0,,,,,,"",""
ball,1,15.5,Chennai Super Kings,MEK Hussey,SK Raina,SP Narine,0,0,,,,,,caught,MEK Hussey
ball,1,15.6,Chennai Super Kings,MS Dhoni,SK Raina,SP Narine,0,0,,,,,,"",""
ball,1,16.1,Chennai Super Kings,SK Raina,MS Dhoni,JH Kallis,4,0,,,,,,"",""
ball,1,16.2,Chennai Super Kings,SK Raina,MS Dhoni,JH Kallis,2,0,,,,,,"",""
ball,1,16.3,Chennai Super Kings,SK Raina,MS Dhoni,JH Kallis,1,0,,,,,,"",""
ball,1,16.4,Chennai Super Kings,MS Dhoni,SK Raina,JH Kallis,0,0,,,,,,"",""
ball,1,16.5,Chennai Super Kings,MS Dhoni,SK Raina,JH Kallis,0,1,,,1,,,"",""
ball,1,16.6,Chennai Super Kings,SK Raina,MS Dhoni,JH Kallis,2,0,,,,,,"",""
ball,1,17.1,Chennai Super Kings,MS Dhoni,SK Raina,L Balaji,1,0,,,,,,"",""
ball,1,17.2,Chennai Super Kings,SK Raina,MS Dhoni,L Balaji,2,0,,,,,,"",""
ball,1,17.3,Chennai Super Kings,SK Raina,MS Dhoni,L Balaji,1,0,,,,,,"",""
ball,1,17.4,Chennai Super Kings,MS Dhoni,SK Raina,L Balaji,0,1,1,,,,,"",""
ball,1,17.5,Chennai Super Kings,MS Dhoni,SK Raina,L Balaji,1,0,,,,,,"",""
ball,1,17.6,Chennai Super Kings,SK Raina,MS Dhoni,L Balaji,1,0,,,,,,"",""
ball,1,17.7,Chennai Super Kings,MS Dhoni,SK Raina,L Balaji,4,0,,,,,,"",""
ball,1,18.1,Chennai Super Kings,SK Raina,MS Dhoni,JH Kallis,1,0,,,,,,"",""
ball,1,18.2,Chennai Super Kings,MS Dhoni,SK Raina,JH Kallis,1,0,,,,,,"",""
ball,1,18.3,Chennai Super Kings,SK Raina,MS Dhoni,JH Kallis,1,0,,,,,,"",""
ball,1,18.4,Chennai Super Kings,MS Dhoni,SK Raina,JH Kallis,1,0,,,,,,"",""
ball,1,18.5,Chennai Super Kings,SK Raina,MS Dhoni,JH Kallis,4,0,,,,,,"",""
ball,1,18.6,Chennai Super Kings,SK Raina,MS Dhoni,JH Kallis,1,0,,,,,,"",""
ball,1,19.1,Chennai Super Kings,SK Raina,MS Dhoni,L Balaji,1,0,,,,,,"",""
ball,1,19.2,Chennai Super Kings,MS Dhoni,SK Raina,L Balaji,1,0,,,,,,run out,SK Raina
ball,1,19.3,Chennai Super Kings,MS Dhoni,RA Jadeja,L Balaji,2,0,,,,,,"",""
ball,1,19.4,Chennai Super Kings,MS Dhoni,RA Jadeja,L Balaji,1,0,,,,,,"",""
ball,1,19.5,Chennai Super Kings,RA Jadeja,MS Dhoni,L Balaji,1,0,,,,,,"",""
ball,1,19.6,Chennai Super Kings,MS Dhoni,RA Jadeja,L Balaji,6,0,,,,,,"",""
ball,2,0.1,Kolkata Knight Riders,MS Bisla,G Gambhir,DP Nannes,0,5,5,,,,,"",""
ball,2,0.2,Kolkata Knight Riders,MS Bisla,G Gambhir,DP Nannes,0,1,,1,,,,"",""
ball,2,0.3,Kolkata Knight Riders,MS Bisla,G Gambhir,DP Nannes,0,4,,,4,,,"",""
ball,2,0.4,Kolkata Knight Riders,MS Bisla,G Gambhir,DP Nannes,0,0,,,,,,"",""
ball,2,0.5,Kolkata Knight Riders,MS Bisla,G Gambhir,DP Nannes,1,0,,,,,,"",""
ball,2,0.6,Kolkata Knight Riders,G Gambhir,MS Bisla,DP Nannes,1,0,,,,,,"",""
ball,2,0.7,Kolkata Knight Riders,MS Bisla,G Gambhir,DP Nannes,0,2,2,,,,,"",""
ball,2,0.8,Kolkata Knight Riders,G Gambhir,MS Bisla,DP Nannes,0,0,,,,,,"",""
ball,2,0.9,Kolkata Knight Riders,G Gambhir,MS Bisla,DP Nannes,4,0,,,,,,"",""
ball,2,1.1,Kolkata Knight Riders,MS Bisla,G Gambhir,MM Sharma,0,0,,,,,,"",""
ball,2,1.2,Kolkata Knight Riders,MS Bisla,G Gambhir,MM Sharma,0,0,,,,,,"",""
ball,2,1.3,Kolkata Knight Riders,MS Bisla,G Gambhir,MM Sharma,4,0,,,,,,"",""
ball,2,1.4,Kolkata Knight Riders,MS Bisla,G Gambhir,MM Sharma,0,0,,,,,,"",""
ball,2,1.5,Kolkata Knight Riders,MS Bisla,G Gambhir,MM Sharma,1,0,,,,,,"",""
ball,2,1.6,Kolkata Knight Riders,G Gambhir,MS Bisla,MM Sharma,1,0,,,,,,"",""
ball,2,2.1,Kolkata Knight Riders,G Gambhir,MS Bisla,CH Morris,4,0,,,,,,"",""
ball,2,2.2,Kolkata Knight Riders,G Gambhir,MS Bisla,CH Morris,0,0,,,,,,"",""
ball,2,2.3,Kolkata Knight Riders,G Gambhir,MS Bisla,CH Morris,4,0,,,,,,"",""
ball,2,2.4,Kolkata Knight Riders,G Gambhir,MS Bisla,CH Morris,0,0,,,,,,bowled,G Gambhir
ball,2,2.5,Kolkata Knight Riders,BB McCullum,MS Bisla,CH Morris,0,0,,,,,,"",""
ball,2,2.6,Kolkata Knight Riders,BB McCullum,MS Bisla,CH Morris,0,0,,,,,,"",""
ball,2,3.1,Kolkata Knight Riders,MS Bisla,BB McCullum,MM Sharma,0,0,,,,,,"",""
ball,2,3.2,Kolkata Knight Riders,MS Bisla,BB McCullum,MM Sharma,0,0,,,,,,"",""
ball,2,3.3,Kolkata Knight Riders,MS Bisla,BB McCullum,MM Sharma,0,0,,,,,,"",""
ball,2,3.4,Kolkata Knight Riders,MS Bisla,BB McCullum,MM Sharma,0,0,,,,,,"",""
ball,2,3.5,Kolkata Knight Riders,MS Bisla,BB McCullum,MM Sharma,1,0,,,,,,"",""
ball,2,3.6,Kolkata Knight Riders,BB McCullum,MS Bisla,MM Sharma,0,0,,,,,,"",""
ball,2,4.1,Kolkata Knight Riders,MS Bisla,BB McCullum,CH Morris,4,0,,,,,,"",""
ball,2,4.2,Kolkata Knight Riders,MS Bisla,BB McCullum,CH Morris,4,0,,,,,,"",""
ball,2,4.3,Kolkata Knight Riders,MS Bisla,BB McCullum,CH Morris,4,0,,,,,,"",""
ball,2,4.4,Kolkata Knight Riders,MS Bisla,BB McCullum,CH Morris,0,1,,,,1,,"",""
ball,2,4.5,Kolkata Knight Riders,BB McCullum,MS Bisla,CH Morris,1,0,,,,,,"",""
ball,2,4.6,Kolkata Knight Riders,MS Bisla,BB McCullum,CH Morris,4,0,,,,,,"",""
ball,2,5.1,Kolkata Knight Riders,BB McCullum,MS Bisla,MM Sharma,4,0,,,,,,"",""
ball,2,5.2,Kolkata Knight Riders,BB McCullum,MS Bisla,MM Sharma,1,0,,,,,,"",""
ball,2,5.3,Kolkata Knight Riders,MS Bisla,BB McCullum,MM Sharma,2,0,,,,,,"",""
ball,2,5.4,Kolkata Knight Riders,MS Bisla,BB McCullum,MM Sharma,4,0,,,,,,"",""
ball,2,5.5,Kolkata Knight Riders,MS Bisla,BB McCullum,MM Sharma,0,1,,,,1,,"",""
ball,2,5.6,Kolkata Knight Riders,BB McCullum,MS Bisla,MM Sharma,0,0,,,,,,bowled,BB McCullum
ball,2,6.1,Kolkata Knight Riders,MS Bisla,JH Kallis,DP Nannes,1,0,,,,,,"",""
ball,2,6.2,Kolkata Knight Riders,JH Kallis,MS Bisla,DP Nannes,0,0,,,,,,"",""
ball,2,6.3,Kolkata Knight Riders,JH Kallis,MS Bisla,DP Nannes,1,0,,,,,,"",""
ball,2,6.4,Kolkata Knight Riders,MS Bisla,JH Kallis,DP Nannes,0,0,,,,,,"",""
ball,2,6.5,Kolkata Knight Riders,MS Bisla,JH Kallis,DP Nannes,0,1,1,,,,,"",""
ball,2,6.6,Kolkata Knight Riders,MS Bisla,JH Kallis,DP Nannes,0,0,,,,,,"",""
ball,2,6.7,Kolkata Knight Riders,MS Bisla,JH Kallis,DP Nannes,1,0,,,,,,"",""
ball,2,7.1,Kolkata Knight Riders,MS Bisla,JH Kallis,MM Sharma,1,0,,,,,,"",""
ball,2,7.2,Kolkata Knight Riders,JH Kallis,MS Bisla,MM Sharma,1,0,,,,,,"",""
ball,2,7.3,Kolkata Knight Riders,MS Bisla,JH Kallis,MM Sharma,1,0,,,,,,"",""
ball,2,7.4,Kolkata Knight Riders,JH Kallis,MS Bisla,MM Sharma,0,0,,,,,,"",""
ball,2,7.5,Kolkata Knight Riders,JH Kallis,MS Bisla,MM Sharma,1,0,,,,,,"",""
ball,2,7.6,Kolkata Knight Riders,MS Bisla,JH Kallis,MM Sharma,1,0,,,,,,"",""
ball,2,8.1,Kolkata Knight Riders,MS Bisla,JH Kallis,RA Jadeja,1,0,,,,,,"",""
ball,2,8.2,Kolkata Knight Riders,JH Kallis,MS Bisla,RA Jadeja,1,0,,,,,,"",""
ball,2,8.3,Kolkata Knight Riders,MS Bisla,JH Kallis,RA Jadeja,1,0,,,,,,"",""
ball,2,8.4,Kolkata Knight Riders,JH Kallis,MS Bisla,RA Jadeja,1,0,,,,,,"",""
ball,2,8.5,Kolkata Knight Riders,MS Bisla,JH Kallis,RA Jadeja,0,0,,,,,,"",""
ball,2,8.6,Kolkata Knight Riders,MS Bisla,JH Kallis,RA Jadeja,0,0,,,,,,"",""
ball,2,9.1,Kolkata Knight Riders,JH Kallis,MS Bisla,R Ashwin,1,0,,,,,,"",""
ball,2,9.2,Kolkata Knight Riders,MS Bisla,JH Kallis,R Ashwin,1,0,,,,,,"",""
ball,2,9.3,Kolkata Knight Riders,JH Kallis,MS Bisla,R Ashwin,0,0,,,,,,"",""
ball,2,9.4,Kolkata Knight Riders,JH Kallis,MS Bisla,R Ashwin,1,0,,,,,,"",""
ball,2,9.5,Kolkata Knight Riders,MS Bisla,JH Kallis,R Ashwin,0,0,,,,,,"",""
ball,2,9.6,Kolkata Knight Riders,MS Bisla,JH Kallis,R Ashwin,6,0,,,,,,"",""
ball,2,10.1,Kolkata Knight Riders,JH Kallis,MS Bisla,RA Jadeja,6,0,,,,,,"",""
ball,2,10.2,Kolkata Knight Riders,JH Kallis,MS Bisla,RA Jadeja,0,0,,,,,,"",""
ball,2,10.3,Kolkata Knight Riders,JH Kallis,MS Bisla,RA Jadeja,2,0,,,,,,"",""
ball,2,10.4,Kolkata Knight Riders,JH Kallis,MS Bisla,RA Jadeja,0,0,,,,,,"",""
ball,2,10.5,Kolkata Knight Riders,JH Kallis,MS Bisla,RA Jadeja,1,0,,,,,,"",""
ball,2,10.6,Kolkata Knight Riders,MS Bisla,JH Kallis,RA Jadeja,0,0,,,,,,"",""
ball,2,11.1,Kolkata Knight Riders,JH Kallis,MS Bisla,R Ashwin,1,0,,,,,,"",""
ball,2,11.2,Kolkata Knight Riders,MS Bisla,JH Kallis,R Ashwin,0,0,,,,,,"",""
ball,2,11.3,Kolkata Knight Riders,MS Bisla,JH Kallis,R Ashwin,1,0,,,,,,"",""
ball,2,11.4,Kolkata Knight Riders,JH Kallis,MS Bisla,R Ashwin,1,0,,,,,,"",""
ball,2,11.5,Kolkata Knight Riders,MS Bisla,JH Kallis,R Ashwin,1,0,,,,,,"",""
ball,2,11.6,Kolkata Knight Riders,JH Kallis,MS Bisla,R Ashwin,1,0,,,,,,"",""
ball,2,12.1,Kolkata Knight Riders,JH Kallis,MS Bisla,DJ Bravo,0,0,,,,,,"",""
ball,2,12.2,Kolkata Knight Riders,JH Kallis,MS Bisla,DJ Bravo,0,0,,,,,,caught,JH Kallis
ball,2,12.3,Kolkata Knight Riders,EJG Morgan,MS Bisla,DJ Bravo,1,0,,,,,,"",""
ball,2,12.4,Kolkata Knight Riders,MS Bisla,EJG Morgan,DJ Bravo,2,0,,,,,,"",""
ball,2,12.5,Kolkata Knight Riders,MS Bisla,EJG Morgan,DJ Bravo,1,0,,,,,,"",""
ball,2,12.6,Kolkata Knight Riders,EJG Morgan,MS Bisla,DJ Bravo,4,0,,,,,,"",""
ball,2,13.1,Kolkata Knight Riders,MS Bisla,EJG Morgan,R Ashwin,4,0,,,,,,"",""
ball,2,13.2,Kolkata Knight Riders,MS Bisla,EJG Morgan,R Ashwin,4,0,,,,,,"",""
ball,2,13.3,Kolkata Knight Riders,MS Bisla,EJG Morgan,R Ashwin,1,0,,,,,,"",""
ball,2,13.4,Kolkata Knight Riders,EJG Morgan,MS Bisla,R Ashwin,1,0,,,,,,"",""
ball,2,13.5,Kolkata Knight Riders,MS Bisla,EJG Morgan,R Ashwin,1,0,,,,,,"",""
ball,2,13.6,Kolkata Knight Riders,EJG Morgan,MS Bisla,R Ashwin,1,0,,,,,,"",""
ball,2,14.1,Kolkata Knight Riders,EJG Morgan,MS Bisla,DJ Bravo,1,0,,,,,,"",""
ball,2,14.2,Kolkata Knight Riders,MS Bisla,EJG Morgan,DJ Bravo,0,0,,,,,,"",""
ball,2,14.3,Kolkata Knight Riders,MS Bisla,EJG Morgan,DJ Bravo,4,0,,,,,,"",""
ball,2,14.4,Kolkata Knight Riders,MS Bisla,EJG Morgan,DJ Bravo,0,1,,,,1,,"",""
ball,2,14.5,Kolkata Knight Riders,EJG Morgan,MS Bisla,DJ Bravo,0,0,,,,,,"",""
ball,2,14.6,Kolkata Knight Riders,EJG Morgan,MS Bisla,DJ Bravo,1,0,,,,,,"",""
ball,2,15.1,Kolkata Knight Riders,EJG Morgan,MS Bisla,DP Nannes,1,0,,,,,,"",""
ball,2,15.2,Kolkata Knight Riders,MS Bisla,EJG Morgan,DP Nannes,0,0,,,,,,"",""
ball,2,15.3,Kolkata Knight Riders,MS Bisla,EJG Morgan,DP Nannes,4,0,,,,,,"",""
ball,2,15.4,Kolkata Knight Riders,MS Bisla,EJG Morgan,DP Nannes,1,0,,,,,,"",""
ball,2,15.5,Kolkata Knight Riders,EJG Morgan,MS Bisla,DP Nannes,0,0,,,,,,"",""
ball,2,15.6,Kolkata Knight Riders,EJG Morgan,MS Bisla,DP Nannes,6,0,,,,,,"",""
ball,2,16.1,Kolkata Knight Riders,MS Bisla,EJG Morgan,DJ Bravo,4,0,,,,,,"",""
ball,2,16.2,Kolkata Knight Riders,MS Bisla,EJG Morgan,DJ Bravo,1,0,,,,,,"",""
ball,2,16.3,Kolkata Knight Riders,EJG Morgan,MS Bisla,DJ Bravo,0,1,1,,,,,"",""
ball,2,16.4,Kolkata Knight Riders,EJG Morgan,MS Bisla,DJ Bravo,0,0,,,,,,"",""
ball,2,16.5,Kolkata Knight Riders,EJG Morgan,MS Bisla,DJ Bravo,1,0,,,,,,"",""
ball,2,16.6,Kolkata Knight Riders,MS Bisla,EJG Morgan,DJ Bravo,4,0,,,,,,"",""
ball,2,16.7,Kolkata Knight Riders,MS Bisla,EJG Morgan,DJ Bravo,2,0,,,,,,"",""
ball,2,17.1,Kolkata Knight Riders,EJG Morgan,MS Bisla,DP Nannes,6,0,,,,,,"",""
ball,2,17.2,Kolkata Knight Riders,EJG Morgan,MS Bisla,DP Nannes,0,1,,,,1,,"",""
ball,2,17.3,Kolkata Knight Riders,MS Bisla,EJG Morgan,DP Nannes,4,0,,,,,,"",""
ball,2,17.4,Kolkata Knight Riders,MS Bisla,EJG Morgan,DP Nannes,6,0,,,,,,"",""
ball,2,17.5,Kolkata Knight Riders,MS Bisla,EJG Morgan,DP Nannes,0,0,,,,,,"",""
ball,2,17.6,Kolkata Knight Riders,MS Bisla,EJG Morgan,DP Nannes,4,0,,,,,,"",""
ball,2,18.1,Kolkata Knight Riders,EJG Morgan,MS Bisla,DJ Bravo,4,0,,,,,,"",""
ball,2,18.2,Kolkata Knight Riders,EJG Morgan,MS Bisla,DJ Bravo,0,1,1,,,,,"",""
ball,2,18.3,Kolkata Knight Riders,EJG Morgan,MS Bisla,DJ Bravo,1,0,,,,,,"",""
ball,2,18.4,Kolkata Knight Riders,MS Bisla,EJG Morgan,DJ Bravo,0,0,,,,,,run out,MS Bisla
ball,2,18.5,Kolkata Knight Riders,EJG Morgan,YK Pathan,DJ Bravo,0,1,1,,,,,"",""
ball,2,18.6,Kolkata Knight Riders,EJG Morgan,YK Pathan,DJ Bravo,1,0,,,,,,"",""
ball,2,18.7,Kolkata Knight Riders,YK Pathan,EJG Morgan,DJ Bravo,1,0,,,,,,"",""
ball,2,18.8,Kolkata Knight Riders,EJG Morgan,YK Pathan,DJ Bravo,1,0,,,,,,"",""
ball,2,19.1,Kolkata Knight Riders,EJG Morgan,YK Pathan,CH Morris,0,0,,,,,,"",""
ball,2,19.2,Kolkata Knight Riders,EJG Morgan,YK Pathan,CH Morris,1,0,,,,,,"",""
ball,2,19.3,Kolkata Knight Riders,YK Pathan,EJG Morgan,CH Morris,1,0,,,,,,"",""
ball,2,19.4,Kolkata Knight Riders,EJG Morgan,YK Pathan,CH Morris,0,0,,,,,,"",""
ball,2,19.5,Kolkata Knight Riders,EJG Morgan,YK Pathan,CH Morris,1,0,,,,,,"",""
ball,2,19.6,Kolkata Knight Riders,YK Pathan,EJG Morgan,CH Morris,1,0,,,,,,"",""
