version,1.6.0
info,balls_per_over,6
info,team,Mumbai Indians
info,team,Kolkata Knight Riders
info,gender,male
info,season,2013
info,date,2013/05/07
info,event,Indian Premier League
info,match_number,53
info,venue,Wankhede Stadium
info,city,Mumbai
info,toss_winner,Mumbai Indians
info,toss_decision,bat
info,player_of_match,SR Tendulkar
info,umpire,HDPK Dharmasena
info,umpire,S Ravi
info,reserve_umpire,RM Deshpande
info,tv_umpire,CK Nandan
info,match_referee,RS Mahanama
info,winner,Mumbai Indians
info,winner_runs,65
info,player,Kolkata Knight Riders,MS Bisla
info,player,Kolkata Knight Riders,G Gambhir
info,player,Kolkata Knight Riders,JH Kallis
info,player,Kolkata Knight Riders,YK Pathan
info,player,Kolkata Knight Riders,EJG Morgan
info,player,Kolkata Knight Riders,DB Das
info,player,Kolkata Knight Riders,R McLaren
info,player,Kolkata Knight Riders,R Bhatia
info,player,Kolkata Knight Riders,Iqbal Abdulla
info,player,Kolkata Knight Riders,SP Narine
info,player,Kolkata Knight Riders,L Balaji
info,player,Mumbai Indians,DR Smith
info,player,Mumbai Indians,SR Tendulkar
info,player,Mumbai Indians,KD Karthik
info,player,Mumbai Indians,RG Sharma
info,player,Mumbai Indians,KA Pollard
info,player,Mumbai Indians,AT Rayudu
info,player,Mumbai Indians,Harbhajan Singh
info,player,Mumbai Indians,MG Johnson
info,player,Mumbai Indians,SL Malinga
info,player,Mumbai Indians,PP Ojha
info,player,Mumbai Indians,AN Ahmed
info,registry,people,AN Ahmed,2af1b6d2
info,registry,people,AT Rayudu,70d205c9
info,registry,people,CK Nandan,012de9c4
info,registry,people,DB Das,7050a1e7
info,registry,people,DR Smith,35205dfc
info,registry,people,EJG Morgan,d2a6c0e6
info,registry,people,G Gambhir,bb345e0b
info,registry,people,HDPK Dharmasena,323e4c16
info,registry,people,Harbhajan Singh,8b5b6769
info,registry,people,Iqbal Abdulla,85aae393
info,registry,people,JH Kallis,86dc8f2e
info,registry,people,KA Pollard,a757b0d8
info,registry,people,KD Karthik,c03f1114
info,registry,people,L Balaji,b2b50355
info,registry,people,MG Johnson,f5180fe6
info,registry,people,MS Bisla,5afd4539
info,registry,people,PP Ojha,6c6591ab
info,registry,people,R Bhatia,33a364a6
info,registry,people,R McLaren,c654af19
info,registry,people,RG Sharma,740742ef
info,registry,people,RM Deshpande,7d2a4250
info,registry,people,RS Mahanama,57910393
info,registry,people,S Ravi,9b9ee0df
info,registry,people,SL Malinga,a12e1d51
info,registry,people,SP Narine,9d430b40
info,registry,people,SR Tendulkar,d2c2b2d5
info,registry,people,YK Pathan,3c6ffae8
ball,1,0.1,Mumbai Indians,DR Smith,SR Tendulkar,L Balaji,0,0,,,,,,"",""
ball,1,0.2,Mumbai Indians,DR Smith,SR Tendulkar,L Balaji,0,0,,,,,,"",""
ball,1,0.3,Mumbai Indians,DR Smith,SR Tendulkar,L Balaji,0,0,,,,,,"",""
ball,1,0.4,Mumbai Indians,DR Smith,SR Tendulkar,L Balaji,0,0,,,,,,"",""
ball,1,0.5,Mumbai Indians,DR Smith,SR Tendulkar,L Balaji,0,0,,,,,,"",""
ball,1,0.6,Mumbai Indians,DR Smith,SR Tendulkar,L Balaji,0,0,,,,,,"",""
ball,1,1.1,Mumbai Indians,SR Tendulkar,DR Smith,R McLaren,1,0,,,,,,"",""
ball,1,1.2,Mumbai Indians,DR Smith,SR Tendulkar,R McLaren,0,0,,,,,,"",""
ball,1,1.3,Mumbai Indians,DR Smith,SR Tendulkar,R McLaren,0,1,1,,,,,"",""
ball,1,1.4,Mumbai Indians,DR Smith,SR Tendulkar,R McLaren,4,0,,,,,,"",""
ball,1,1.5,Mumbai Indians,DR Smith,SR Tendulkar,R McLaren,4,0,,,,,,"",""
ball,1,1.6,Mumbai Indians,DR Smith,SR Tendulkar,R McLaren,0,0,,,,,,"",""
ball,1,1.7,Mumbai Indians,DR Smith,SR Tendulkar,R McLaren,1,0,,,,,,"",""
ball,1,2.1,Mumbai Indians,DR Smith,SR Tendulkar,L Balaji,1,0,,,,,,"",""
ball,1,2.2,Mumbai Indians,SR Tendulkar,DR Smith,L Balaji,0,0,,,,,,"",""
ball,1,2.3,Mumbai Indians,SR Tendulkar,DR Smith,L Balaji,1,0,,,,,,"",""
ball,1,2.4,Mumbai Indians,DR Smith,SR Tendulkar,L Balaji,0,0,,,,,,"",""
ball,1,2.5,Mumbai Indians,DR Smith,SR Tendulkar,L Balaji,0,0,,,,,,"",""
ball,1,2.6,Mumbai Indians,DR Smith,SR Tendulkar,L Balaji,0,0,,,,,,"",""
ball,1,3.1,Mumbai Indians,SR Tendulkar,DR Smith,R McLaren,0,0,,,,,,"",""
ball,1,3.2,Mumbai Indians,SR Tendulkar,DR Smith,R McLaren,4,0,,,,,,"",""
ball,1,3.3,Mumbai Indians,SR Tendulkar,DR Smith,R McLaren,4,0,,,,,,"",""
ball,1,3.4,Mumbai Indians,SR Tendulkar,DR Smith,R McLaren,4,0,,,,,,"",""
ball,1,3.5,Mumbai Indians,SR Tendulkar,DR Smith,R McLaren,4,0,,,,,,"",""
ball,1,3.6,Mumbai Indians,SR Tendulkar,DR Smith,R McLaren,4,0,,,,,,"",""
ball,1,4.1,Mumbai Indians,DR Smith,SR Tendulkar,L Balaji,1,0,,,,,,"",""
ball,1,4.2,Mumbai Indians,SR Tendulkar,DR Smith,L Balaji,0,0,,,,,,"",""
ball,1,4.3,Mumbai Indians,SR Tendulkar,DR Smith,L Balaji,0,0,,,,,,"",""
ball,1,4.4,Mumbai Indians,SR Tendulkar,DR Smith,L Balaji,0,1,1,,,,,"",""
ball,1,4.5,Mumbai Indians,SR Tendulkar,DR Smith,L Balaji,1,0,,,,,,"",""
ball,1,4.6,Mumbai Indians,DR Smith,SR Tendulkar,L Balaji,0,0,,,,,,"",""
ball,1,4.7,Mumbai Indians,DR Smith,SR Tendulkar,L Balaji,0,1,1,,,,,"",""
ball,1,4.8,Mumbai Indians,DR Smith,SR Tendulkar,L Balaji,1,0,,,,,,"",""
ball,1,5.1,Mumbai Indians,DR Smith,SR Tendulkar,SP Narine,0,0,,,,,,"",""
ball,1,5.2,Mumbai Indians,DR Smith,SR Tendulkar,SP Narine,0,0,,,,,,"",""
ball,1,5.3,Mumbai Indians,DR Smith,SR Tendulkar,SP Narine,0,0,,,,,,"",""
ball,1,5.4,Mumbai Indians,DR Smith,SR Tendulkar,SP Narine,0,0,,,,,,"",""
ball,1,5.5,Mumbai Indians,DR Smith,SR Tendulkar,SP Narine,2,0,,,,,,"",""
ball,1,5.6,Mumbai Indians,DR Smith,SR Tendulkar,SP Narine,1,0,,,,,,"",""
ball,1,6.1,Mumbai Indians,DR Smith,SR Tendulkar,JH Kallis,0,0,,,,,,"",""
ball,1,6.2,Mumbai Indians,DR Smith,SR Tendulkar,JH Kallis,0,0,,,,,,"",""
ball,1,6.3,Mumbai Indians,DR Smith,SR Tendulkar,JH Kallis,0,1,1,,,,,"",""
ball,1,6.4,Mumbai Indians,DR Smith,SR Tendulkar,JH Kallis,4,0,,,,,,"",""
ball,1,6.5,Mumbai Indians,DR Smith,SR Tendulkar,JH Kallis,1,0,,,,,,"",""
ball,1,6.6,Mumbai Indians,SR Tendulkar,DR Smith,JH Kallis,2,0,,,,,,"",""
ball,1,6.7,Mumbai Indians,SR Tendulkar,DR Smith,JH Kallis,1,0,,,,,,"",""
ball,1,7.1,Mumbai Indians,SR Tendulkar,DR Smith,Iqbal Abdulla,1,0,,,,,,"",""
ball,1,7.2,Mumbai Indians,DR Smith,SR Tendulkar,Iqbal Abdulla,0,0,,,,,,"",""
ball,1,7.3,Mumbai Indians,DR Smith,SR Tendulkar,Iqbal Abdulla,4,0,,,,,,"",""
ball,1,7.4,Mumbai Indians,DR Smith,SR Tendulkar,Iqbal Abdulla,4,0,,,,,,"",""
ball,1,7.5,Mumbai Indians,DR Smith,SR Tendulkar,Iqbal Abdulla,0,0,,,,,,"",""
ball,1,7.6,Mumbai Indians,DR Smith,SR Tendulkar,Iqbal Abdulla,0,0,,,,,,"",""
ball,1,8.1,Mumbai Indians,SR Tendulkar,DR Smith,JH Kallis,1,0,,,,,,"",""
ball,1,8.2,Mumbai Indians,DR Smith,SR Tendulkar,JH Kallis,1,0,,,,,,"",""
ball,1,8.3,Mumbai Indians,SR Tendulkar,DR Smith,JH Kallis,1,0,,,,,,"",""
ball,1,8.4,Mumbai Indians,DR Smith,SR Tendulkar,JH Kallis,0,0,,,,,,"",""
ball,1,8.5,Mumbai Indians,DR Smith,SR Tendulkar,JH Kallis,0,0,,,,,,"",""
ball,1,8.6,Mumbai Indians,DR Smith,SR Tendulkar,JH Kallis,1,0,,,,,,"",""
ball,1,9.1,Mumbai Indians,DR Smith,SR Tendulkar,Iqbal Abdulla,0,0,,,,,,"",""
ball,1,9.2,Mumbai Indians,DR Smith,SR Tendulkar,Iqbal Abdulla,1,0,,,,,,"",""
ball,1,9.3,Mumbai Indians,SR Tendulkar,DR Smith,Iqbal Abdulla,1,0,,,,,,"",""
ball,1,9.4,Mumbai Indians,DR Smith,SR Tendulkar,Iqbal Abdulla,0,0,,,,,,"",""
ball,1,9.5,Mumbai Indians,DR Smith,SR Tendulkar,Iqbal Abdulla,4,0,,,,,,"",""
ball,1,9.6,Mumbai Indians,DR Smith,SR Tendulkar,Iqbal Abdulla,0,0,,,,,,"",""
ball,1,10.1,Mumbai Indians,SR Tendulkar,DR Smith,JH Kallis,1,0,,,,,,"",""
ball,1,10.2,Mumbai Indians,DR Smith,SR Tendulkar,JH Kallis,1,0,,,,,,"",""
ball,1,10.3,Mumbai Indians,SR Tendulkar,DR Smith,JH Kallis,1,0,,,,,,"",""
ball,1,10.4,Mumbai Indians,DR Smith,SR Tendulkar,JH Kallis,0,0,,,,,,"",""
ball,1,10.5,Mumbai Indians,DR Smith,SR Tendulkar,JH Kallis,1,0,,,,,,"",""
ball,1,10.6,Mumbai Indians,SR Tendulkar,DR Smith,JH Kallis,4,0,,,,,,"",""
ball,1,11.1,Mumbai Indians,DR Smith,SR Tendulkar,Iqbal Abdulla,1,0,,,,,,"",""
ball,1,11.2,Mumbai Indians,SR Tendulkar,DR Smith,Iqbal Abdulla,1,0,,,,,,"",""
ball,1,11.3,Mumbai Indians,DR Smith,SR Tendulkar,Iqbal Abdulla,0,0,,,,,,"",""
ball,1,11.4,Mumbai Indians,DR Smith,SR Tendulkar,Iqbal Abdulla,1,0,,,,,,"",""
ball,1,11.5,Mumbai Indians,SR Tendulkar,DR Smith,Iqbal Abdulla,4,0,,,,,,"",""
ball,1,11.6,Mumbai Indians,SR Tendulkar,DR Smith,Iqbal Abdulla,0,0,,,,,,"",""
ball,1,12.1,Mumbai Indians,DR Smith,SR Tendulkar,R Bhatia,1,0,,,,,,"",""
ball,1,12.2,Mumbai Indians,SR Tendulkar,DR Smith,R Bhatia,4,0,,,,,,"",""
ball,1,12.3,Mumbai Indians,SR Tendulkar,DR Smith,R Bhatia,2,0,,,,,,"",""
ball,1,12.4,Mumbai Indians,SR Tendulkar,DR Smith,R Bhatia,1,0,,,,,,"",""
ball,1,12.5,Mumbai Indians,DR Smith,SR Tendulkar,R Bhatia,1,0,,,,,,"",""
ball,1,12.6,Mumbai Indians,SR Tendulkar,DR Smith,R Bhatia,0,0,,,,,,bowled,SR Tendulkar
ball,1,13.1,Mumbai Indians,DR Smith,KD Karthik,Iqbal Abdulla,4,0,,,,,,"",""
ball,1,13.2,Mumbai Indians,DR Smith,KD Karthik,Iqbal Abdulla,2,0,,,,,,"",""
ball,1,13.3,Mumbai Indians,DR Smith,KD Karthik,Iqbal Abdulla,0,0,,,,,,caught,DR Smith
ball,1,13.4,Mumbai Indians,RG Sharma,KD Karthik,Iqbal Abdulla,1,0,,,,,,"",""
ball,1,13.5,Mumbai Indians,KD Karthik,RG Sharma,Iqbal Abdulla,1,0,,,,,,"",""
ball,1,13.6,Mumbai Indians,RG Sharma,KD Karthik,Iqbal Abdulla,0,0,,,,,,"",""
ball,1,14.1,Mumbai Indians,KD Karthik,RG Sharma,SP Narine,0,0,,,,,,"",""
ball,1,14.2,Mumbai Indians,KD Karthik,RG Sharma,SP Narine,1,0,,,,,,"",""
ball,1,14.3,Mumbai Indians,RG Sharma,KD Karthik,SP Narine,1,0,,,,,,"",""
ball,1,14.4,Mumbai Indians,KD Karthik,RG Sharma,SP Narine,2,0,,,,,,"",""
ball,1,14.5,Mumbai Indians,KD Karthik,RG Sharma,SP Narine,0,0,,,,,,"",""
ball,1,14.6,Mumbai Indians,KD Karthik,RG Sharma,SP Narine,1,0,,,,,,"",""
ball,1,15.1,Mumbai Indians,KD Karthik,RG Sharma,R Bhatia,1,0,,,,,,"",""
ball,1,15.2,Mumbai Indians,RG Sharma,KD Karthik,R Bhatia,1,0,,,,,,"",""
ball,1,15.3,Mumbai Indians,KD Karthik,RG Sharma,R Bhatia,1,0,,,,,,"",""
ball,1,15.4,Mumbai Indians,RG Sharma,KD Karthik,R Bhatia,4,0,,,,,,"",""
ball,1,15.5,Mumbai Indians,RG Sharma,KD Karthik,R Bhatia,0,0,,,,,,"",""
ball,1,15.6,Mumbai Indians,RG Sharma,KD Karthik,R Bhatia,6,0,,,,,,"",""
ball,1,16.1,Mumbai Indians,KD Karthik,RG Sharma,SP Narine,1,0,,,,,,"",""
ball,1,16.2,Mumbai Indians,KD Karthik,RG Sharma,SP Narine,1,0,,,,,,"",""
ball,1,16.3,Mumbai Indians,RG Sharma,KD Karthik,SP Narine,2,0,,,,,,"",""
ball,1,16.4,Mumbai Indians,RG Sharma,KD Karthik,SP Narine,0,0,,,,,,"",""
ball,1,16.5,Mumbai Indians,RG Sharma,KD Karthik,SP Narine,1,0,,,,,,"",""
ball,1,16.6,Mumbai Indians,KD Karthik,RG Sharma,SP Narine,6,0,,,,,,"",""
ball,1,17.1,Mumbai Indians,RG Sharma,KD Karthik,R McLaren,0,0,,,,,,caught,RG Sharma
ball,1,17.2,Mumbai Indians,KA Pollard,KD Karthik,R McLaren,0,0,,,,,,"",""
ball,1,17.3,Mumbai Indians,KA Pollard,KD Karthik,R McLaren,0,0,,,,,,"",""
ball,1,17.4,Mumbai Indians,KA Pollard,KD Karthik,R McLaren,4,0,,,,,,"",""
ball,1,17.5,Mumbai Indians,KA Pollard,KD Karthik,R McLaren,0,0,,,,,,caught,KA Pollard
ball,1,17.6,Mumbai Indians,KD Karthik,AT Rayudu,R McLaren,1,0,,,,,,run out,AT Rayudu
ball,1,18.1,Mumbai Indians,KD Karthik,Harbhajan Singh,SP Narine,4,0,,,,,,"",""
ball,1,18.2,Mumbai Indians,KD Karthik,Harbhajan Singh,SP Narine,0,1,1,,,,,"",""
ball,1,18.3,Mumbai Indians,KD Karthik,Harbhajan Singh,SP Narine,4,0,,,,,,"",""
ball,1,18.4,Mumbai Indians,KD Karthik,Harbhajan Singh,SP Narine,0,0,,,,,,run out,Harbhajan Singh
ball,1,18.5,Mumbai Indians,MG Johnson,KD Karthik,SP Narine,0,0,,,,,,"",""
ball,1,18.6,Mumbai Indians,MG Johnson,KD Karthik,SP Narine,0,0,,,,,,"",""
ball,1,18.7,Mumbai Indians,MG Johnson,KD Karthik,SP Narine,1,0,,,,,,"",""
ball,1,19.1,Mumbai Indians,MG Johnson,KD Karthik,R McLaren,1,0,,,,,,"",""
ball,1,19.2,Mumbai Indians,KD Karthik,MG Johnson,R McLaren,4,0,,,,,,"",""
ball,1,19.3,Mumbai Indians,KD Karthik,MG Johnson,R McLaren,6,0,,,,,,"",""
ball,1,19.4,Mumbai Indians,KD Karthik,MG Johnson,R McLaren,0,1,,,,1,,"",""
ball,1,19.5,Mumbai Indians,MG Johnson,KD Karthik,R McLaren,2,0,,,,,,"",""
ball,1,19.6,Mumbai Indians,MG Johnson,KD Karthik,R McLaren,0,5,5,,,,,"",""
ball,1,19.7,Mumbai Indians,MG Johnson,KD Karthik,R McLaren,6,0,,,,,,"",""
ball,2,0.1,Kolkata Knight Riders,MS Bisla,G Gambhir,MG Johnson,0,0,,,,,,"",""
ball,2,0.2,Kolkata Knight Riders,MS Bisla,G Gambhir,MG Johnson,0,1,,,,1,,"",""
ball,2,0.3,Kolkata Knight Riders,G Gambhir,MS Bisla,MG Johnson,0,0,,,,,,"",""
ball,2,0.4,Kolkata Knight Riders,G Gambhir,MS Bisla,MG Johnson,0,0,,,,,,bowled,G Gambhir
ball,2,0.5,Kolkata Knight Riders,JH Kallis,MS Bisla,MG Johnson,1,0,,,,,,"",""
ball,2,0.6,Kolkata Knight Riders,MS Bisla,JH Kallis,MG Johnson,0,0,,,,,,"",""
ball,2,1.1,Kolkata Knight Riders,JH Kallis,MS Bisla,AN Ahmed,0,0,,,,,,"",""
ball,2,1.2,Kolkata Knight Riders,JH Kallis,MS Bisla,AN Ahmed,0,0,,,,,,"",""
ball,2,1.3,Kolkata Knight Riders,JH Kallis,MS Bisla,AN Ahmed,0,0,,,,,,"",""
ball,2,1.4,Kolkata Knight Riders,JH Kallis,MS Bisla,AN Ahmed,0,0,,,,,,"",""
ball,2,1.5,Kolkata Knight Riders,JH Kallis,MS Bisla,AN Ahmed,4,0,,,,,,"",""
ball,2,1.6,Kolkata Knight Riders,JH Kallis,MS Bisla,AN Ahmed,6,0,,,,,,"",""
ball,2,2.1,Kolkata Knight Riders,MS Bisla,JH Kallis,MG Johnson,0,0,,,,,,"",""
ball,2,2.2,Kolkata Knight Riders,MS Bisla,JH Kallis,MG Johnson,1,0,,,,,,"",""
ball,2,2.3,Kolkata Knight Riders,JH Kallis,MS Bisla,MG Johnson,4,0,,,,,,"",""
ball,2,2.4,Kolkata Knight Riders,JH Kallis,MS Bisla,MG Johnson,1,0,,,,,,"",""
ball,2,2.5,Kolkata Knight Riders,MS Bisla,JH Kallis,MG Johnson,0,0,,,,,,"",""
ball,2,2.6,Kolkata Knight Riders,MS Bisla,JH Kallis,MG Johnson,4,0,,,,,,"",""
ball,2,3.1,Kolkata Knight Riders,JH Kallis,MS Bisla,PP Ojha,0,0,,,,,,"",""
ball,2,3.2,Kolkata Knight Riders,JH Kallis,MS Bisla,PP Ojha,1,0,,,,,,"",""
ball,2,3.3,Kolkata Knight Riders,MS Bisla,JH Kallis,PP Ojha,0,0,,,,,,"",""
ball,2,3.4,Kolkata Knight Riders,MS Bisla,JH Kallis,PP Ojha,1,0,,,,,,"",""
ball,2,3.5,Kolkata Knight Riders,JH Kallis,MS Bisla,PP Ojha,1,0,,,,,,"",""
ball,2,3.6,Kolkata Knight Riders,MS Bisla,JH Kallis,PP Ojha,4,0,,,,,,"",""
ball,2,4.1,Kolkata Knight Riders,JH Kallis,MS Bisla,MG Johnson,0,0,,,,,,"",""
ball,2,4.2,Kolkata Knight Riders,JH Kallis,MS Bisla,MG Johnson,0,0,,,,,,"",""
ball,2,4.3,Kolkata Knight Riders,JH Kallis,MS Bisla,MG Johnson,1,0,,,,,,"",""
ball,2,4.4,Kolkata Knight Riders,MS Bisla,JH Kallis,MG Johnson,0,0,,,,,,"",""
ball,2,4.5,Kolkata Knight Riders,MS Bisla,JH Kallis,MG Johnson,0,0,,,,,,"",""
ball,2,4.6,Kolkata Knight Riders,MS Bisla,JH Kallis,MG Johnson,0,0,,,,,,"",""
ball,2,5.1,Kolkata Knight Riders,JH Kallis,MS Bisla,SL Malinga,1,0,,,,,,"",""
ball,2,5.2,Kolkata Knight Riders,MS Bisla,JH Kallis,SL Malinga,0,0,,,,,,"",""
ball,2,5.3,Kolkata Knight Riders,MS Bisla,JH Kallis,SL Malinga,0,0,,,,,,"",""
ball,2,5.4,Kolkata Knight Riders,MS Bisla,JH Kallis,SL Malinga,2,0,,,,,,"",""
ball,2,5.5,Kolkata Knight Riders,MS Bisla,JH Kallis,SL Malinga,4,0,,,,,,"",""
ball,2,5.6,Kolkata Knight Riders,MS Bisla,JH Kallis,SL Malinga,1,0,,,,,,"",""
ball,2,6.1,Kolkata Knight Riders,MS Bisla,JH Kallis,PP Ojha,0,0,,,,,,stumped,MS Bisla
ball,2,6.2,Kolkata Knight Riders,YK Pathan,JH Kallis,PP Ojha,1,0,,,,,,"",""
ball,2,6.3,Kolkata Knight Riders,JH Kallis,YK Pathan,PP Ojha,0,0,,,,,,"",""
ball,2,6.4,Kolkata Knight Riders,JH Kallis,YK Pathan,PP Ojha,1,0,,,,,,"",""
ball,2,6.5,Kolkata Knight Riders,YK Pathan,JH Kallis,PP Ojha,6,0,,,,,,"",""
ball,2,6.6,Kolkata Knight Riders,YK Pathan,JH Kallis,PP Ojha,0,0,,,,,,"",""
ball,2,7.1,Kolkata Knight Riders,JH Kallis,YK Pathan,AN Ahmed,0,0,,,,,,"",""
ball,2,7.2,Kolkata Knight Riders,JH Kallis,YK Pathan,AN Ahmed,1,0,,,,,,"",""
ball,2,7.3,Kolkata Knight Riders,YK Pathan,JH Kallis,AN Ahmed,4,0,,,,,,"",""
ball,2,7.4,Kolkata Knight Riders,YK Pathan,JH Kallis,AN Ahmed,0,0,,,,,,"",""
ball,2,7.5,Kolkata Knight Riders,YK Pathan,JH Kallis,AN Ahmed,1,0,,,,,,"",""
ball,2,7.6,Kolkata Knight Riders,JH Kallis,YK Pathan,AN Ahmed,0,0,,,,,,"",""
ball,2,8.1,Kolkata Knight Riders,YK Pathan,JH Kallis,PP Ojha,1,0,,,,,,"",""
ball,2,8.2,Kolkata Knight Riders,JH Kallis,YK Pathan,PP Ojha,1,0,,,,,,"",""
ball,2,8.3,Kolkata Knight Riders,YK Pathan,JH Kallis,PP Ojha,0,0,,,,,,bowled,YK Pathan
ball,2,8.4,Kolkata Knight Riders,EJG Morgan,JH Kallis,PP Ojha,0,0,,,,,,"",""
ball,2,8.5,Kolkata Knight Riders,EJG Morgan,JH Kallis,PP Ojha,1,0,,,,,,"",""
ball,2,8.6,Kolkata Knight Riders,JH Kallis,EJG Morgan,PP Ojha,0,0,,,,,,"",""
ball,2,9.1,Kolkata Knight Riders,EJG Morgan,JH Kallis,Harbhajan Singh,1,0,,,,,,"",""
ball,2,9.2,Kolkata Knight Riders,JH Kallis,EJG Morgan,Harbhajan Singh,1,0,,,,,,"",""
ball,2,9.3,Kolkata Knight Riders,EJG Morgan,JH Kallis,Harbhajan Singh,1,0,,,,,,"",""
ball,2,9.4,Kolkata Knight Riders,JH Kallis,EJG Morgan,Harbhajan Singh,0,0,,,,,,"",""
ball,2,9.5,Kolkata Knight Riders,JH Kallis,EJG Morgan,Harbhajan Singh,0,0,,,,,,caught,JH Kallis
ball,2,9.6,Kolkata Knight Riders,EJG Morgan,DB Das,Harbhajan Singh,0,4,,,,4,,"",""
ball,2,10.1,Kolkata Knight Riders,DB Das,EJG Morgan,PP Ojha,4,0,,,,,,"",""
ball,2,10.2,Kolkata Knight Riders,DB Das,EJG Morgan,PP Ojha,0,0,,,,,,"",""
ball,2,10.3,Kolkata Knight Riders,DB Das,EJG Morgan,PP Ojha,1,0,,,,,,"",""
ball,2,10.4,Kolkata Knight Riders,EJG Morgan,DB Das,PP Ojha,0,1,,,,1,,"",""
ball,2,10.5,Kolkata Knight Riders,DB Das,EJG Morgan,PP Ojha,0,0,,,,,,"",""
ball,2,10.6,Kolkata Knight Riders,DB Das,EJG Morgan,PP Ojha,0,0,,,,,,"",""
ball,2,11.1,Kolkata Knight Riders,EJG Morgan,DB Das,Harbhajan Singh,1,0,,,,,,"",""
ball,2,11.2,Kolkata Knight Riders,DB Das,EJG Morgan,Harbhajan Singh,0,0,,,,,,"",""
ball,2,11.3,Kolkata Knight Riders,DB Das,EJG Morgan,Harbhajan Singh,1,0,,,,,,"",""
ball,2,11.4,Kolkata Knight Riders,EJG Morgan,DB Das,Harbhajan Singh,1,0,,,,,,"",""
ball,2,11.5,Kolkata Knight Riders,DB Das,EJG Morgan,Harbhajan Singh,0,0,,,,,,"",""
ball,2,11.6,Kolkata Knight Riders,DB Das,EJG Morgan,Harbhajan Singh,6,0,,,,,,"",""
ball,2,12.1,Kolkata Knight Riders,EJG Morgan,DB Das,AN Ahmed,0,0,,,,,,"",""
ball,2,12.2,Kolkata Knight Riders,EJG Morgan,DB Das,AN Ahmed,0,0,,,,,,caught,EJG Morgan
ball,2,12.3,Kolkata Knight Riders,R McLaren,DB Das,AN Ahmed,1,0,,,,,,"",""
ball,2,12.4,Kolkata Knight Riders,DB Das,R McLaren,AN Ahmed,0,0,,,,,,"",""
ball,2,12.5,Kolkata Knight Riders,DB Das,R McLaren,AN Ahmed,1,0,,,,,,"",""
ball,2,12.6,Kolkata Knight Riders,R McLaren,DB Das,AN Ahmed,0,0,,,,,,"",""
ball,2,13.1,Kolkata Knight Riders,DB Das,R McLaren,Harbhajan Singh,6,0,,,,,,"",""
ball,2,13.2,Kolkata Knight Riders,DB Das,R McLaren,Harbhajan Singh,0,0,,,,,,"",""
ball,2,13.3,Kolkata Knight Riders,DB Das,R McLaren,Harbhajan Singh,0,0,,,,,,"",""
ball,2,13.4,Kolkata Knight Riders,DB Das,R McLaren,Harbhajan Singh,0,0,,,,,,"",""
ball,2,13.5,Kolkata Knight Riders,DB Das,R McLaren,Harbhajan Singh,4,0,,,,,,"",""
ball,2,13.6,Kolkata Knight Riders,DB Das,R McLaren,Harbhajan Singh,0,0,,,,,,caught and bowled,DB Das
ball,2,14.1,Kolkata Knight Riders,R McLaren,R Bhatia,SL Malinga,0,0,,,,,,run out,R McLaren
ball,2,14.2,Kolkata Knight Riders,Iqbal Abdulla,R Bhatia,SL Malinga,0,0,,,,,,"",""
ball,2,14.3,Kolkata Knight Riders,Iqbal Abdulla,R Bhatia,SL Malinga,1,0,,,,,,"",""
ball,2,14.4,Kolkata Knight Riders,R Bhatia,Iqbal Abdulla,SL Malinga,0,0,,,,,,"",""
ball,2,14.5,Kolkata Knight Riders,R Bhatia,Iqbal Abdulla,SL Malinga,1,0,,,,,,"",""
ball,2,14.6,Kolkata Knight Riders,Iqbal Abdulla,R Bhatia,SL Malinga,1,0,,,,,,"",""
ball,2,15.1,Kolkata Knight Riders,Iqbal Abdulla,R Bhatia,Harbhajan Singh,0,0,,,,,,"",""
ball,2,15.2,Kolkata Knight Riders,Iqbal Abdulla,R Bhatia,Harbhajan Singh,1,0,,,,,,"",""
ball,2,15.3,Kolkata Knight Riders,R Bhatia,Iqbal Abdulla,Harbhajan Singh,2,0,,,,,,"",""
ball,2,15.4,Kolkata Knight Riders,R Bhatia,Iqbal Abdulla,Harbhajan Singh,1,0,,,,,,"",""
ball,2,15.5,Kolkata Knight Riders,Iqbal Abdulla,R Bhatia,Harbhajan Singh,1,0,,,,,,"",""
ball,2,15.6,Kolkata Knight Riders,R Bhatia,Iqbal Abdulla,Harbhajan Singh,0,0,,,,,,caught,R Bhatia
ball,2,16.1,Kolkata Knight Riders,SP Narine,Iqbal Abdulla,SL Malinga,0,0,,,,,,"",""
ball,2,16.2,Kolkata Knight Riders,SP Narine,Iqbal Abdulla,SL Malinga,1,0,,,,,,"",""
ball,2,16.3,Kolkata Knight Riders,Iqbal Abdulla,SP Narine,SL Malinga,0,0,,,,,,"",""
ball,2,16.4,Kolkata Knight Riders,Iqbal Abdulla,SP Narine,SL Malinga,1,0,,,,,,"",""
ball,2,16.5,Kolkata Knight Riders,SP Narine,Iqbal Abdulla,SL Malinga,1,0,,,,,,"",""
ball,2,16.6,Kolkata Knight Riders,Iqbal Abdulla,SP Narine,SL Malinga,0,0,,,,,,"",""
ball,2,17.1,Kolkata Knight Riders,SP Narine,Iqbal Abdulla,MG Johnson,1,0,,,,,,"",""
ball,2,17.2,Kolkata Knight Riders,Iqbal Abdulla,SP Narine,MG Johnson,0,1,,,,1,,"",""
ball,2,17.3,Kolkata Knight Riders,SP Narine,Iqbal Abdulla,MG Johnson,0,2,,,,2,,"",""
ball,2,17.4,Kolkata Knight Riders,SP Narine,Iqbal Abdulla,MG Johnson,0,0,,,,,,caught,SP Narine
ball,2,17.5,Kolkata Knight Riders,L Balaji,Iqbal Abdulla,MG Johnson,0,0,,,,,,"",""
ball,2,17.6,Kolkata Knight Riders,L Balaji,Iqbal Abdulla,MG Johnson,0,0,,,,,,"",""
ball,2,18.1,Kolkata Knight Riders,Iqbal Abdulla,L Balaji,SL Malinga,1,0,,,,,,"",""
ball,2,18.2,Kolkata Knight Riders,L Balaji,Iqbal Abdulla,SL Malinga,0,0,,,,,,bowled,L Balaji
