version,1.6.0
info,balls_per_over,6
info,team,Delhi Daredevils
info,team,Royal Challengers Bangalore
info,gender,male
info,season,2014
info,date,2014/04/17
info,event,Indian Premier League
info,match_number,2
info,venue,Sharjah Cricket Stadium
info,city,
info,neutralvenue,true
info,toss_winner,Royal Challengers Bangalore
info,toss_decision,field
info,player_of_match,YS Chahal
info,umpire,Aleem Dar
info,umpire,S Ravi
info,reserve_umpire,K Bharatan
info,tv_umpire,VA Kulkarni
info,match_referee,GF Labrooy
info,winner,Royal Challengers Bangalore
info,winner_wickets,8
info,player,Delhi Daredevils,MA Agarwal
info,player,Delhi Daredevils,M Vijay
info,player,Delhi Daredevils,KD Karthik
info,player,Delhi Daredevils,MK Tiwary
info,player,Delhi Daredevils,JP Duminy
info,player,Delhi Daredevils,LRPL Taylor
info,player,Delhi Daredevils,JDS Neesham
info,player,Delhi Daredevils,WD Parnell
info,player,Delhi Daredevils,S Nadeem
info,player,Delhi Daredevils,R Sharma
info,player,Delhi Daredevils,Mohammed Shami
info,player,Royal Challengers Bangalore,PA Patel
info,player,Royal Challengers Bangalore,NJ Maddinson
info,player,Royal Challengers Bangalore,V Kohli
info,player,Royal Challengers Bangalore,Yuvraj Singh
info,player,Royal Challengers Bangalore,AB de Villiers
info,player,Royal Challengers Bangalore,JA Morkel
info,player,Royal Challengers Bangalore,S Rana
info,player,Royal Challengers Bangalore,AB Dinda
info,player,Royal Challengers Bangalore,MA Starc
info,player,Royal Challengers Bangalore,YS Chahal
info,player,Royal Challengers Bangalore,VR Aaron
info,registry,people,AB Dinda,66b30f71
info,registry,people,AB de Villiers,c4487b84
info,registry,people,Aleem Dar,f02778d1
info,registry,people,GF Labrooy,8e088dbc
info,registry,people,JA Morkel,c3d35165
info,registry,people,JDS Neesham,9219eff0
info,registry,people,JP Duminy,2e8994e7
info,registry,people,K Bharatan,7e47c743
info,registry,people,KD Karthik,c03f1114
info,registry,people,LRPL Taylor,b61a3e1a
info,registry,people,M Vijay,4b57e452
info,registry,people,MA Agarwal,00ea847a
info,registry,people,MA Starc,3fb19989
info,registry,people,MK Tiwary,26e5cabf
info,registry,people,Mohammed Shami,8cf9814c
info,registry,people,NJ Maddinson,44afbf2d
info,registry,people,PA Patel,b5da6c24
info,registry,people,R Sharma,5d9a1a73
info,registry,people,S Nadeem,9d80c5e1
info,registry,people,S Rana,90edaaa9
info,registry,people,S Ravi,9b9ee0df
info,registry,people,V Kohli,ba607b88
info,registry,people,VA Kulkarni,8fe0c4f8
info,registry,people,VR Aaron,0a3d54b9
info,registry,people,WD Parnell,3a60e0b5
info,registry,people,YS Chahal,57ee1fde
info,registry,people,Yuvraj Singh,1c914163
ball,1,0.1,Delhi Daredevils,MA Agarwal,M Vijay,MA Starc,0,0,,,,,,"",""
ball,1,0.2,Delhi Daredevils,MA Agarwal,M Vijay,MA Starc,0,1,1,,,,,"",""
ball,1,0.3,Delhi Daredevils,MA Agarwal,M Vijay,MA Starc,2,0,,,,,,"",""
ball,1,0.4,Delhi Daredevils,MA Agarwal,M Vijay,MA Starc,0,0,,,,,,"",""
ball,1,0.5,Delhi Daredevils,MA Agarwal,M Vijay,MA Starc,1,0,,,,,,"",""
ball,1,0.6,Delhi Daredevils,M Vijay,MA Agarwal,MA Starc,0,0,,,,,,"",""
ball,1,0.7,Delhi Daredevils,M Vijay,MA Agarwal,MA Starc,0,0,,,,,,"",""
ball,1,1.1,Delhi Daredevils,MA Agarwal,M Vijay,JA Morkel,1,0,,,,,,"",""
ball,1,1.2,Delhi Daredevils,M Vijay,MA Agarwal,JA Morkel,0,0,,,,,,"",""
ball,1,1.3,Delhi Daredevils,M Vijay,MA Agarwal,JA Morkel,1,0,,,,,,"",""
ball,1,1.4,Delhi Daredevils,MA Agarwal,M Vijay,JA Morkel,0,0,,,,,,"",""
ball,1,1.5,Delhi Daredevils,MA Agarwal,M Vijay,JA Morkel,1,0,,,,,,"",""
ball,1,1.6,Delhi Daredevils,M Vijay,MA Agarwal,JA Morkel,0,0,,,,,,"",""
ball,1,2.1,Delhi Daredevils,MA Agarwal,M Vijay,MA Starc,1,0,,,,,,"",""
ball,1,2.2,Delhi Daredevils,M Vijay,MA Agarwal,MA Starc,6,0,,,,,,"",""
ball,1,2.3,Delhi Daredevils,M Vijay,MA Agarwal,MA Starc,0,0,,,,,,"",""
ball,1,2.4,Delhi Daredevils,M Vijay,MA Agarwal,MA Starc,1,0,,,,,,"",""
ball,1,2.5,Delhi Daredevils,MA Agarwal,M Vijay,MA Starc,0,0,,,,,,"",""
ball,1,2.6,Delhi Daredevils,MA Agarwal,M Vijay,MA Starc,0,0,,,,,,caught,MA Agarwal
ball,1,3.1,Delhi Daredevils,M Vijay,KD Karthik,JA Morkel,0,0,,,,,,"",""
ball,1,3.2,Delhi Daredevils,M Vijay,KD Karthik,JA Morkel,1,0,,,,,,"",""
ball,1,3.3,Delhi Daredevils,KD Karthik,M Vijay,JA Morkel,0,0,,,,,,caught,KD Karthik
ball,1,3.4,Delhi Daredevils,MK Tiwary,M Vijay,JA Morkel,0,0,,,,,,"",""
ball,1,3.5,Delhi Daredevils,MK Tiwary,M Vijay,JA Morkel,1,0,,,,,,"",""
ball,1,3.6,Delhi Daredevils,M Vijay,MK Tiwary,JA Morkel,0,0,,,,,,"",""
ball,1,4.1,Delhi Daredevils,MK Tiwary,M Vijay,VR Aaron,0,0,,,,,,caught,MK Tiwary
ball,1,4.2,Delhi Daredevils,JP Duminy,M Vijay,VR Aaron,0,0,,,,,,"",""
ball,1,4.3,Delhi Daredevils,JP Duminy,M Vijay,VR Aaron,0,0,,,,,,"",""
ball,1,4.4,Delhi Daredevils,JP Duminy,M Vijay,VR Aaron,0,0,,,,,,"",""
ball,1,4.5,Delhi Daredevils,JP Duminy,M Vijay,VR Aaron,0,0,,,,,,"",""
ball,1,4.6,Delhi Daredevils,JP Duminy,M Vijay,VR Aaron,0,0,,,,,,"",""
ball,1,5.1,Delhi Daredevils,M Vijay,JP Duminy,JA Morkel,4,0,,,,,,"",""
ball,1,5.2,Delhi Daredevils,M Vijay,JP Duminy,JA Morkel,2,0,,,,,,"",""
ball,1,5.3,Delhi Daredevils,M Vijay,JP Duminy,JA Morkel,1,0,,,,,,"",""
ball,1,5.4,Delhi Daredevils,JP Duminy,M Vijay,JA Morkel,4,0,,,,,,"",""
ball,1,5.5,Delhi Daredevils,JP Duminy,M Vijay,JA Morkel,1,0,,,,,,"",""
ball,1,5.6,Delhi Daredevils,M Vijay,JP Duminy,JA Morkel,1,0,,,,,,"",""
ball,1,6.1,Delhi Daredevils,M Vijay,JP Duminy,VR Aaron,0,0,,,,,,"",""
ball,1,6.2,Delhi Daredevils,M Vijay,JP Duminy,VR Aaron,0,0,,,,,,"",""
ball,1,6.3,Delhi Daredevils,M Vijay,JP Duminy,VR Aaron,0,0,,,,,,"",""
ball,1,6.4,Delhi Daredevils,M Vijay,JP Duminy,VR Aaron,0,2,2,,,,,"",""
ball,1,6.5,Delhi Daredevils,JP Duminy,M Vijay,VR Aaron,0,1,1,,,,,"",""
ball,1,6.6,Delhi Daredevils,JP Duminy,M Vijay,VR Aaron,0,0,,,,,,"",""
ball,1,6.7,Delhi Daredevils,JP Duminy,M Vijay,VR Aaron,1,0,,,,,,"",""
ball,1,6.8,Delhi Daredevils,M Vijay,JP Duminy,VR Aaron,1,0,,,,,,"",""
ball,1,7.1,Delhi Daredevils,M Vijay,JP Duminy,YS Chahal,0,0,,,,,,bowled,M Vijay
ball,1,7.2,Delhi Daredevils,LRPL Taylor,JP Duminy,YS Chahal,0,0,,,,,,"",""
ball,1,7.3,Delhi Daredevils,LRPL Taylor,JP Duminy,YS Chahal,0,0,,,,,,"",""
ball,1,7.4,Delhi Daredevils,LRPL Taylor,JP Duminy,YS Chahal,0,0,,,,,,"",""
ball,1,7.5,Delhi Daredevils,LRPL Taylor,JP Duminy,YS Chahal,1,0,,,,,,"",""
ball,1,7.6,Delhi Daredevils,JP Duminy,LRPL Taylor,YS Chahal,0,0,,,,,,"",""
ball,1,8.1,Delhi Daredevils,LRPL Taylor,JP Duminy,VR Aaron,1,0,,,,,,"",""
ball,1,8.2,Delhi Daredevils,JP Duminy,LRPL Taylor,VR Aaron,0,0,,,,,,"",""
ball,1,8.3,Delhi Daredevils,JP Duminy,LRPL Taylor,VR Aaron,0,0,,,,,,"",""
ball,1,8.4,Delhi Daredevils,JP Duminy,LRPL Taylor,VR Aaron,1,0,,,,,,"",""
ball,1,8.5,Delhi Daredevils,LRPL Taylor,JP Duminy,VR Aaron,1,0,,,,,,"",""
ball,1,8.6,Delhi Daredevils,JP Duminy,LRPL Taylor,VR Aaron,1,0,,,,,,"",""
ball,1,9.1,Delhi Daredevils,JP Duminy,LRPL Taylor,YS Chahal,1,0,,,,,,"",""
ball,1,9.2,Delhi Daredevils,LRPL Taylor,JP Duminy,YS Chahal,1,0,,,,,,"",""
ball,1,9.3,Delhi Daredevils,JP Duminy,LRPL Taylor,YS Chahal,0,0,,,,,,"",""
ball,1,9.4,Delhi Daredevils,JP Duminy,LRPL Taylor,YS Chahal,2,0,,,,,,"",""
ball,1,9.5,Delhi Daredevils,JP Duminy,LRPL Taylor,YS Chahal,0,4,4,,,,,"",""
ball,1,9.6,Delhi Daredevils,LRPL Taylor,JP Duminy,YS Chahal,1,0,,,,,,"",""
ball,1,9.7,Delhi Daredevils,JP Duminy,LRPL Taylor,YS Chahal,0,0,,,,,,"",""
ball,1,10.1,Delhi Daredevils,LRPL Taylor,JP Duminy,AB Dinda,1,0,,,,,,"",""
ball,1,10.2,Delhi Daredevils,JP Duminy,LRPL Taylor,AB Dinda,1,0,,,,,,"",""
ball,1,10.3,Delhi Daredevils,LRPL Taylor,JP Duminy,AB Dinda,1,0,,,,,,"",""
ball,1,10.4,Delhi Daredevils,JP Duminy,LRPL Taylor,AB Dinda,2,0,,,,,,"",""
ball,1,10.5,Delhi Daredevils,JP Duminy,LRPL Taylor,AB Dinda,2,0,,,,,,"",""
ball,1,10.6,Delhi Daredevils,JP Duminy,LRPL Taylor,AB Dinda,2,0,,,,,,"",""
ball,1,11.1,Delhi Daredevils,LRPL Taylor,JP Duminy,YS Chahal,1,0,,,,,,"",""
ball,1,11.2,Delhi Daredevils,JP Duminy,LRPL Taylor,YS Chahal,0,0,,,,,,"",""
ball,1,11.3,Delhi Daredevils,JP Duminy,LRPL Taylor,YS Chahal,1,0,,,,,,"",""
ball,1,11.4,Delhi Daredevils,LRPL Taylor,JP Duminy,YS Chahal,1,0,,,,,,"",""
ball,1,11.5,Delhi Daredevils,JP Duminy,LRPL Taylor,YS Chahal,1,0,,,,,,"",""
ball,1,11.6,Delhi Daredevils,LRPL Taylor,JP Duminy,YS Chahal,1,0,,,,,,"",""
ball,1,12.1,Delhi Daredevils,LRPL Taylor,JP Duminy,AB Dinda,1,0,,,,,,"",""
ball,1,12.2,Delhi Daredevils,JP Duminy,LRPL Taylor,AB Dinda,1,0,,,,,,"",""
ball,1,12.3,Delhi Daredevils,LRPL Taylor,JP Duminy,AB Dinda,0,1,1,,,,,"",""
ball,1,12.4,Delhi Daredevils,LRPL Taylor,JP Duminy,AB Dinda,2,0,,,,,,"",""
ball,1,12.5,Delhi Daredevils,LRPL Taylor,JP Duminy,AB Dinda,4,0,,,,,,"",""
ball,1,12.6,Delhi Daredevils,LRPL Taylor,JP Duminy,AB Dinda,1,0,,,,,,"",""
ball,1,12.7,Delhi Daredevils,JP Duminy,LRPL Taylor,AB Dinda,1,0,,,,,,"",""
ball,1,13.1,Delhi Daredevils,JP Duminy,LRPL Taylor,Yuvraj Singh,1,0,,,,,,"",""
ball,1,13.2,Delhi Daredevils,LRPL Taylor,JP Duminy,Yuvraj Singh,1,0,,,,,,"",""
ball,1,13.3,Delhi Daredevils,JP Duminy,LRPL Taylor,Yuvraj Singh,1,0,,,,,,"",""
ball,1,13.4,Delhi Daredevils,LRPL Taylor,JP Duminy,Yuvraj Singh,1,0,,,,,,"",""
ball,1,13.5,Delhi Daredevils,JP Duminy,LRPL Taylor,Yuvraj Singh,0,0,,,,,,"",""
ball,1,13.6,Delhi Daredevils,JP Duminy,LRPL Taylor,Yuvraj Singh,1,0,,,,,,"",""
ball,1,14.1,Delhi Daredevils,JP Duminy,LRPL Taylor,YS Chahal,1,0,,,,,,"",""
ball,1,14.2,Delhi Daredevils,LRPL Taylor,JP Duminy,YS Chahal,1,0,,,,,,"",""
ball,1,14.3,Delhi Daredevils,JP Duminy,LRPL Taylor,YS Chahal,1,0,,,,,,"",""
ball,1,14.4,Delhi Daredevils,LRPL Taylor,JP Duminy,YS Chahal,0,0,,,,,,"",""
ball,1,14.5,Delhi Daredevils,LRPL Taylor,JP Duminy,YS Chahal,0,0,,,,,,"",""
ball,1,14.6,Delhi Daredevils,LRPL Taylor,JP Duminy,YS Chahal,0,0,,,,,,"",""
ball,1,15.1,Delhi Daredevils,JP Duminy,LRPL Taylor,Yuvraj Singh,6,0,,,,,,"",""
ball,1,15.2,Delhi Daredevils,JP Duminy,LRPL Taylor,Yuvraj Singh,1,0,,,,,,"",""
ball,1,15.3,Delhi Daredevils,LRPL Taylor,JP Duminy,Yuvraj Singh,1,0,,,,,,"",""
ball,1,15.4,Delhi Daredevils,JP Duminy,LRPL Taylor,Yuvraj Singh,1,0,,,,,,"",""
ball,1,15.5,Delhi Daredevils,LRPL Taylor,JP Duminy,Yuvraj Singh,1,0,,,,,,"",""
ball,1,15.6,Delhi Daredevils,JP Duminy,LRPL Taylor,Yuvraj Singh,1,0,,,,,,"",""
ball,1,16.1,Delhi Daredevils,JP Duminy,LRPL Taylor,MA Starc,0,1,,1,,,,"",""
ball,1,16.2,Delhi Daredevils,JP Duminy,LRPL Taylor,MA Starc,1,0,,,,,,"",""
ball,1,16.3,Delhi Daredevils,LRPL Taylor,JP Duminy,MA Starc,2,0,,,,,,"",""
ball,1,16.4,Delhi Daredevils,LRPL Taylor,JP Duminy,MA Starc,1,0,,,,,,"",""
ball,1,16.5,Delhi Daredevils,JP Duminy,LRPL Taylor,MA Starc,2,0,,,,,,"",""
ball,1,16.6,Delhi Daredevils,JP Duminy,LRPL Taylor,MA Starc,1,0,,,,,,"",""
ball,1,16.7,Delhi Daredevils,LRPL Taylor,JP Duminy,MA Starc,0,0,,,,,,"",""
ball,1,17.1,Delhi Daredevils,JP Duminy,LRPL Taylor,AB Dinda,2,0,,,,,,"",""
ball,1,17.2,Delhi Daredevils,JP Duminy,LRPL Taylor,AB Dinda,6,0,,,,,,"",""
ball,1,17.3,Delhi Daredevils,JP Duminy,LRPL Taylor,AB Dinda,4,0,,,,,,"",""
ball,1,17.4,Delhi Daredevils,JP Duminy,LRPL Taylor,AB Dinda,1,0,,,,,,"",""
ball,1,17.5,Delhi Daredevils,LRPL Taylor,JP Duminy,AB Dinda,0,0,,,,,,"",""
ball,1,17.6,Delhi Daredevils,LRPL Taylor,JP Duminy,AB Dinda,1,0,,,,,,"",""
ball,1,18.1,Delhi Daredevils,LRPL Taylor,JP Duminy,MA Starc,0,0,,,,,,"",""
ball,1,18.2,Delhi Daredevils,LRPL Taylor,JP Duminy,MA Starc,4,0,,,,,,"",""
ball,1,18.3,Delhi Daredevils,LRPL Taylor,JP Duminy,MA Starc,0,0,,,,,,"",""
ball,1,18.4,Delhi Daredevils,LRPL Taylor,JP Duminy,MA Starc,4,0,,,,,,"",""
ball,1,18.5,Delhi Daredevils,LRPL Taylor,JP Duminy,MA Starc,1,0,,,,,,"",""
ball,1,18.6,Delhi Daredevils,JP Duminy,LRPL Taylor,MA Starc,4,0,,,,,,"",""
ball,1,19.1,Delhi Daredevils,LRPL Taylor,JP Duminy,AB Dinda,4,0,,,,,,"",""
ball,1,19.2,Delhi Daredevils,LRPL Taylor,JP Duminy,AB Dinda,2,0,,,,,,"",""
ball,1,19.3,Delhi Daredevils,LRPL Taylor,JP Duminy,AB Dinda,0,0,,,,,,"",""
ball,1,19.4,Delhi Daredevils,LRPL Taylor,JP Duminy,AB Dinda,1,0,,,,,,"",""
ball,1,19.5,Delhi Daredevils,JP Duminy,LRPL Taylor,AB Dinda,6,0,,,,,,"",""
ball,1,19.6,Delhi Daredevils,JP Duminy,LRPL Taylor,AB Dinda,4,0,,,,,,"",""
ball,2,0.1,Royal Challengers Bangalore,PA Patel,NJ Maddinson,JP Duminy,0,0,,,,,,"",""
ball,2,0.2,Royal Challengers Bangalore,PA Patel,NJ Maddinson,JP Duminy,0,0,,,,,,"",""
ball,2,0.3,Royal Challengers Bangalore,PA Patel,NJ Maddinson,JP Duminy,0,0,,,,,,"",""
ball,2,0.4,Royal Challengers Bangalore,PA Patel,NJ Maddinson,JP Duminy,1,0,,,,,,"",""
ball,2,0.5,Royal Challengers Bangalore,NJ Maddinson,PA Patel,JP Duminy,4,0,,,,,,"",""
ball,2,0.6,Royal Challengers Bangalore,NJ Maddinson,PA Patel,JP Duminy,0,0,,,,,,"",""
ball,2,1.1,Royal Challengers Bangalore,PA Patel,NJ Maddinson,Mohammed Shami,1,0,,,,,,"",""
ball,2,1.2,Royal Challengers Bangalore,NJ Maddinson,PA Patel,Mohammed Shami,0,0,,,,,,"",""
ball,2,1.3,Royal Challengers Bangalore,NJ Maddinson,PA Patel,Mohammed Shami,0,0,,,,,,"",""
ball,2,1.4,Royal Challengers Bangalore,NJ Maddinson,PA Patel,Mohammed Shami,0,0,,,,,,"",""
ball,2,1.5,Royal Challengers Bangalore,NJ Maddinson,PA Patel,Mohammed Shami,0,0,,,,,,caught,NJ Maddinson
ball,2,1.6,Royal Challengers Bangalore,V Kohli,PA Patel,Mohammed Shami,4,0,,,,,,"",""
ball,2,2.1,Royal Challengers Bangalore,PA Patel,V Kohli,WD Parnell,0,0,,,,,,"",""
ball,2,2.2,Royal Challengers Bangalore,PA Patel,V Kohli,WD Parnell,2,0,,,,,,"",""
ball,2,2.3,Royal Challengers Bangalore,PA Patel,V Kohli,WD Parnell,4,0,,,,,,"",""
ball,2,2.4,Royal Challengers Bangalore,PA Patel,V Kohli,WD Parnell,0,0,,,,,,"",""
ball,2,2.5,Royal Challengers Bangalore,PA Patel,V Kohli,WD Parnell,0,0,,,,,,"",""
ball,2,2.6,Royal Challengers Bangalore,PA Patel,V Kohli,WD Parnell,1,0,,,,,,"",""
ball,2,3.1,Royal Challengers Bangalore,PA Patel,V Kohli,Mohammed Shami,0,0,,,,,,"",""
ball,2,3.2,Royal Challengers Bangalore,PA Patel,V Kohli,Mohammed Shami,0,0,,,,,,"",""
ball,2,3.3,Royal Challengers Bangalore,PA Patel,V Kohli,Mohammed Shami,0,1,1,,,,,"",""
ball,2,3.4,Royal Challengers Bangalore,PA Patel,V Kohli,Mohammed Shami,2,0,,,,,,"",""
ball,2,3.5,Royal Challengers Bangalore,PA Patel,V Kohli,Mohammed Shami,0,0,,,,,,"",""
ball,2,3.6,Royal Challengers Bangalore,PA Patel,V Kohli,Mohammed Shami,4,0,,,,,,"",""
ball,2,3.7,Royal Challengers Bangalore,PA Patel,V Kohli,Mohammed Shami,4,0,,,,,,"",""
ball,2,4.1,Royal Challengers Bangalore,V Kohli,PA Patel,WD Parnell,0,0,,,,,,"",""
ball,2,4.2,Royal Challengers Bangalore,V Kohli,PA Patel,WD Parnell,0,0,,,,,,"",""
ball,2,4.3,Royal Challengers Bangalore,V Kohli,PA Patel,WD Parnell,0,0,,,,,,"",""
ball,2,4.4,Royal Challengers Bangalore,V Kohli,PA Patel,WD Parnell,4,0,,,,,,"",""
ball,2,4.5,Royal Challengers Bangalore,V Kohli,PA Patel,WD Parnell,1,0,,,,,,"",""
ball,2,4.6,Royal Challengers Bangalore,PA Patel,V Kohli,WD Parnell,4,0,,,,,,"",""
ball,2,5.1,Royal Challengers Bangalore,V Kohli,PA Patel,S Nadeem,1,0,,,,,,"",""
ball,2,5.2,Royal Challengers Bangalore,PA Patel,V Kohli,S Nadeem,6,0,,,,,,"",""
ball,2,5.3,Royal Challengers Bangalore,PA Patel,V Kohli,S Nadeem,0,0,,,,,,"",""
ball,2,5.4,Royal Challengers Bangalore,PA Patel,V Kohli,S Nadeem,4,0,,,,,,"",""
ball,2,5.5,Royal Challengers Bangalore,PA Patel,V Kohli,S Nadeem,1,0,,,,,,"",""
ball,2,5.6,Royal Challengers Bangalore,V Kohli,PA Patel,S Nadeem,1,0,,,,,,"",""
ball,2,6.1,Royal Challengers Bangalore,V Kohli,PA Patel,JP Duminy,0,0,,,,,,"",""
ball,2,6.2,Royal Challengers Bangalore,V Kohli,PA Patel,JP Duminy,0,0,,,,,,"",""
ball,2,6.3,Royal Challengers Bangalore,V Kohli,PA Patel,JP Duminy,2,0,,,,,,"",""
ball,2,6.4,Royal Challengers Bangalore,V Kohli,PA Patel,JP Duminy,1,0,,,,,,"",""
ball,2,6.5,Royal Challengers Bangalore,PA Patel,V Kohli,JP Duminy,1,0,,,,,,"",""
ball,2,6.6,Royal Challengers Bangalore,V Kohli,PA Patel,JP Duminy,1,0,,,,,,"",""
ball,2,7.1,Royal Challengers Bangalore,V Kohli,PA Patel,S Nadeem,0,0,,,,,,"",""
ball,2,7.2,Royal Challengers Bangalore,V Kohli,PA Patel,S Nadeem,0,0,,,,,,"",""
ball,2,7.3,Royal Challengers Bangalore,V Kohli,PA Patel,S Nadeem,2,0,,,,,,"",""
ball,2,7.4,Royal Challengers Bangalore,V Kohli,PA Patel,S Nadeem,1,0,,,,,,"",""
ball,2,7.5,Royal Challengers Bangalore,PA Patel,V Kohli,S Nadeem,0,0,,,,,,"",""
ball,2,7.6,Royal Challengers Bangalore,PA Patel,V Kohli,S Nadeem,0,1,1,,,,,"",""
ball,2,7.7,Royal Challengers Bangalore,PA Patel,V Kohli,S Nadeem,1,0,,,,,,"",""
ball,2,8.1,Royal Challengers Bangalore,PA Patel,V Kohli,R Sharma,0,0,,,,,,"",""
ball,2,8.2,Royal Challengers Bangalore,PA Patel,V Kohli,R Sharma,1,0,,,,,,"",""
ball,2,8.3,Royal Challengers Bangalore,V Kohli,PA Patel,R Sharma,0,0,,,,,,"",""
ball,2,8.4,Royal Challengers Bangalore,V Kohli,PA Patel,R Sharma,1,0,,,,,,"",""
ball,2,8.5,Royal Challengers Bangalore,PA Patel,V Kohli,R Sharma,0,0,,,,,,bowled,PA Patel
ball,2,8.6,Royal Challengers Bangalore,Yuvraj Singh,V Kohli,R Sharma,1,0,,,,,,"",""
ball,2,9.1,Royal Challengers Bangalore,Yuvraj Singh,V Kohli,Mohammed Shami,0,0,,,,,,"",""
ball,2,9.2,Royal Challengers Bangalore,Yuvraj Singh,V Kohli,Mohammed Shami,0,1,1,,,,,"",""
ball,2,9.3,Royal Challengers Bangalore,Yuvraj Singh,V Kohli,Mohammed Shami,4,0,,,,,,"",""
ball,2,9.4,Royal Challengers Bangalore,Yuvraj Singh,V Kohli,Mohammed Shami,0,0,,,,,,"",""
ball,2,9.5,Royal Challengers Bangalore,Yuvraj Singh,V Kohli,Mohammed Shami,1,0,,,,,,"",""
ball,2,9.6,Royal Challengers Bangalore,V Kohli,Yuvraj Singh,Mohammed Shami,0,0,,,,,,"",""
ball,2,9.7,Royal Challengers Bangalore,V Kohli,Yuvraj Singh,Mohammed Shami,0,0,,,,,,"",""
ball,2,10.1,Royal Challengers Bangalore,Yuvraj Singh,V Kohli,R Sharma,6,0,,,,,,"",""
ball,2,10.2,Royal Challengers Bangalore,Yuvraj Singh,V Kohli,R Sharma,1,0,,,,,,"",""
ball,2,10.3,Royal Challengers Bangalore,V Kohli,Yuvraj Singh,R Sharma,1,0,,,,,,"",""
ball,2,10.4,Royal Challengers Bangalore,Yuvraj Singh,V Kohli,R Sharma,0,0,,,,,,"",""
ball,2,10.5,Royal Challengers Bangalore,Yuvraj Singh,V Kohli,R Sharma,1,0,,,,,,"",""
ball,2,10.6,Royal Challengers Bangalore,V Kohli,Yuvraj Singh,R Sharma,1,0,,,,,,"",""
ball,2,11.1,Royal Challengers Bangalore,V Kohli,Yuvraj Singh,JDS Neesham,1,0,,,,,,"",""
ball,2,11.2,Royal Challengers Bangalore,Yuvraj Singh,V Kohli,JDS Neesham,0,0,,,,,,"",""
ball,2,11.3,Royal Challengers Bangalore,Yuvraj Singh,V Kohli,JDS Neesham,4,0,,,,,,"",""
ball,2,11.4,Royal Challengers Bangalore,Yuvraj Singh,V Kohli,JDS Neesham,0,0,,,,,,"",""
ball,2,11.5,Royal Challengers Bangalore,Yuvraj Singh,V Kohli,JDS Neesham,1,0,,,,,,"",""
ball,2,11.6,Royal Challengers Bangalore,V Kohli,Yuvraj Singh,JDS Neesham,1,0,,,,,,"",""
ball,2,12.1,Royal Challengers Bangalore,V Kohli,Yuvraj Singh,WD Parnell,1,0,,,,,,"",""
ball,2,12.2,Royal Challengers Bangalore,Yuvraj Singh,V Kohli,WD Parnell,0,0,,,,,,"",""
ball,2,12.3,Royal Challengers Bangalore,Yuvraj Singh,V Kohli,WD Parnell,0,0,,,,,,"",""
ball,2,12.4,Royal Challengers Bangalore,Yuvraj Singh,V Kohli,WD Parnell,1,0,,,,,,"",""
ball,2,12.5,Royal Challengers Bangalore,V Kohli,Yuvraj Singh,WD Parnell,0,0,,,,,,"",""
ball,2,12.6,Royal Challengers Bangalore,V Kohli,Yuvraj Singh,WD Parnell,1,0,,,,,,"",""
ball,2,13.1,Royal Challengers Bangalore,V Kohli,Yuvraj Singh,JDS Neesham,6,0,,,,,,"",""
ball,2,13.2,Royal Challengers Bangalore,V Kohli,Yuvraj Singh,JDS Neesham,1,0,,,,,,"",""
ball,2,13.3,Royal Challengers Bangalore,Yuvraj Singh,V Kohli,JDS Neesham,1,0,,,,,,"",""
ball,2,13.4,Royal Challengers Bangalore,V Kohli,Yuvraj Singh,JDS Neesham,0,0,,,,,,"",""
ball,2,13.5,Royal Challengers Bangalore,V Kohli,Yuvraj Singh,JDS Neesham,1,0,,,,,,"",""
ball,2,13.6,Royal Challengers Bangalore,Yuvraj Singh,V Kohli,JDS Neesham,6,0,,,,,,"",""
ball,2,14.1,Royal Challengers Bangalore,V Kohli,Yuvraj Singh,R Sharma,6,0,,,,,,"",""
ball,2,14.2,Royal Challengers Bangalore,V Kohli,Yuvraj Singh,R Sharma,6,0,,,,,,"",""
ball,2,14.3,Royal Challengers Bangalore,V Kohli,Yuvraj Singh,R Sharma,1,0,,,,,,"",""
ball,2,14.4,Royal Challengers Bangalore,Yuvraj Singh,V Kohli,R Sharma,6,0,,,,,,"",""
ball,2,14.5,Royal Challengers Bangalore,Yuvraj Singh,V Kohli,R Sharma,0,0,,,,,,"",""
ball,2,14.6,Royal Challengers Bangalore,Yuvraj Singh,V Kohli,R Sharma,1,0,,,,,,"",""
ball,2,15.1,Royal Challengers Bangalore,Yuvraj Singh,V Kohli,Mohammed Shami,1,0,,,,,,"",""
ball,2,15.2,Royal Challengers Bangalore,V Kohli,Yuvraj Singh,Mohammed Shami,1,0,,,,,,"",""
ball,2,15.3,Royal Challengers Bangalore,Yuvraj Singh,V Kohli,Mohammed Shami,0,0,,,,,,"",""
ball,2,15.4,Royal Challengers Bangalore,Yuvraj Singh,V Kohli,Mohammed Shami,0,0,,,,,,"",""
ball,2,15.5,Royal Challengers Bangalore,Yuvraj Singh,V Kohli,Mohammed Shami,0,0,,,,,,"",""
ball,2,15.6,Royal Challengers Bangalore,Yuvraj Singh,V Kohli,Mohammed Shami,6,0,,,,,,"",""
ball,2,16.1,Royal Challengers Bangalore,V Kohli,Yuvraj Singh,S Nadeem,1,0,,,,,,"",""
ball,2,16.2,Royal Challengers Bangalore,Yuvraj Singh,V Kohli,S Nadeem,6,0,,,,,,"",""
ball,2,16.3,Royal Challengers Bangalore,Yuvraj Singh,V Kohli,S Nadeem,4,1,,1,,,,"",""
ball,2,16.4,Royal Challengers Bangalore,Yuvraj Singh,V Kohli,S Nadeem,1,0,,,,,,"",""
ball,2,16.5,Royal Challengers Bangalore,V Kohli,Yuvraj Singh,S Nadeem,1,0,,,,,,"",""
