version,1.6.0
info,balls_per_over,6
info,team,Sunrisers Hyderabad
info,team,Rajasthan Royals
info,gender,male
info,season,2014
info,date,2014/04/18
info,event,Indian Premier League
info,match_number,4
info,venue,Sheikh Zayed Stadium
info,city,Abu Dhabi
info,neutralvenue,true
info,toss_winner,Rajasthan Royals
info,toss_decision,field
info,player_of_match,AM Rahane
info,umpire,BF Bowden
info,umpire,RK Illingworth
info,reserve_umpire,K Srinath
info,tv_umpire,C Shamshuddin
info,match_referee,AJ Pycroft
info,winner,Rajasthan Royals
info,winner_wickets,4
info,player,Rajasthan Royals,AM Nayar
info,player,Rajasthan Royals,AM Rahane
info,player,Rajasthan Royals,SV Samson
info,player,Rajasthan Royals,SR Watson
info,player,Rajasthan Royals,STR Binny
info,player,Rajasthan Royals,BJ Hodge
info,player,Rajasthan Royals,R Bhatia
info,player,Rajasthan Royals,JP Faulkner
info,player,Rajasthan Royals,KW Richardson
info,player,Rajasthan Royals,DS Kulkarni
info,player,Rajasthan Royals,PV Tambe
info,player,Sunrisers Hyderabad,AJ Finch
info,player,Sunrisers Hyderabad,S Dhawan
info,player,Sunrisers Hyderabad,DA Warner
info,player,Sunrisers Hyderabad,KL Rahul
info,player,Sunrisers Hyderabad,DJG Sammy
info,player,Sunrisers Hyderabad,Y Venugopal Rao
info,player,Sunrisers Hyderabad,KV Sharma
info,player,Sunrisers Hyderabad,DW Steyn
info,player,Sunrisers Hyderabad,A Mishra
info,player,Sunrisers Hyderabad,B Kumar
info,player,Sunrisers Hyderabad,I Sharma
info,registry,people,A Mishra,6b19d823
info,registry,people,AJ Finch,b8d490fd
info,registry,people,AJ Pycroft,685d3f80
info,registry,people,AM Nayar,a45a5e8d
info,registry,people,AM Rahane,29e95537
info,registry,people,B Kumar,2e81a32d
info,registry,people,BF Bowden,efc0a862
info,registry,people,BJ Hodge,b57f8a9a
info,registry,people,C Shamshuddin,0f9d921b
info,registry,people,DA Warner,dcce6f09
info,registry,people,DJG Sammy,c03c6200
info,registry,people,DS Kulkarni,d2a989fc
info,registry,people,DW Steyn,8fd1a8f5
info,registry,people,I Sharma,5bb1a1c4
info,registry,people,JP Faulkner,808f425a
info,registry,people,K Srinath,8ab5da97
info,registry,people,KL Rahul,b17e2f24
info,registry,people,KV Sharma,119678fd
info,registry,people,KW Richardson,dfc4d8b5
info,registry,people,PV Tambe,6aed7e79
info,registry,people,R Bhatia,33a364a6
info,registry,people,RK Illingworth,20672246
info,registry,people,S Dhawan,0a476045
info,registry,people,SR Watson,4329fbb5
info,registry,people,STR Binny,bd17b45f
info,registry,people,SV Samson,a4cc73aa
info,registry,people,Y Venugopal Rao,fe763256
ball,1,0.1,Sunrisers Hyderabad,AJ Finch,S Dhawan,DS Kulkarni,0,0,,,,,,"",""
ball,1,0.2,Sunrisers Hyderabad,AJ Finch,S Dhawan,DS Kulkarni,0,0,,,,,,"",""
ball,1,0.3,Sunrisers Hyderabad,AJ Finch,S Dhawan,DS Kulkarni,2,0,,,,,,"",""
ball,1,0.4,Sunrisers Hyderabad,AJ Finch,S Dhawan,DS Kulkarni,0,0,,,,,,"",""
ball,1,0.5,Sunrisers Hyderabad,AJ Finch,S Dhawan,DS Kulkarni,0,0,,,,,,caught,AJ Finch
ball,1,0.6,Sunrisers Hyderabad,DA Warner,S Dhawan,DS Kulkarni,0,0,,,,,,"",""
ball,1,1.1,Sunrisers Hyderabad,S Dhawan,DA Warner,KW Richardson,0,0,,,,,,"",""
ball,1,1.2,Sunrisers Hyderabad,S Dhawan,DA Warner,KW Richardson,0,1,1,,,,,"",""
ball,1,1.3,Sunrisers Hyderabad,S Dhawan,DA Warner,KW Richardson,0,0,,,,,,"",""
ball,1,1.4,Sunrisers Hyderabad,S Dhawan,DA Warner,KW Richardson,0,0,,,,,,"",""
ball,1,1.5,Sunrisers Hyderabad,S Dhawan,DA Warner,KW Richardson,1,0,,,,,,"",""
ball,1,1.6,Sunrisers Hyderabad,DA Warner,S Dhawan,KW Richardson,0,0,,,,,,"",""
ball,1,1.7,Sunrisers Hyderabad,DA Warner,S Dhawan,KW Richardson,0,0,,,,,,"",""
ball,1,2.1,Sunrisers Hyderabad,S Dhawan,DA Warner,JP Faulkner,1,0,,,,,,"",""
ball,1,2.2,Sunrisers Hyderabad,DA Warner,S Dhawan,JP Faulkner,2,0,,,,,,"",""
ball,1,2.3,Sunrisers Hyderabad,DA Warner,S Dhawan,JP Faulkner,1,0,,,,,,"",""
ball,1,2.4,Sunrisers Hyderabad,S Dhawan,DA Warner,JP Faulkner,0,5,5,,,,,"",""
ball,1,2.5,Sunrisers Hyderabad,S Dhawan,DA Warner,JP Faulkner,1,0,,,,,,"",""
ball,1,2.6,Sunrisers Hyderabad,DA Warner,S Dhawan,JP Faulkner,1,0,,,,,,"",""
ball,1,2.7,Sunrisers Hyderabad,S Dhawan,DA Warner,JP Faulkner,2,0,,,,,,"",""
ball,1,3.1,Sunrisers Hyderabad,DA Warner,S Dhawan,DS Kulkarni,1,0,,,,,,"",""
ball,1,3.2,Sunrisers Hyderabad,S Dhawan,DA Warner,DS Kulkarni,0,0,,,,,,"",""
ball,1,3.3,Sunrisers Hyderabad,S Dhawan,DA Warner,DS Kulkarni,0,1,,,,1,,"",""
ball,1,3.4,Sunrisers Hyderabad,DA Warner,S Dhawan,DS Kulkarni,1,0,,,,,,"",""
ball,1,3.5,Sunrisers Hyderabad,S Dhawan,DA Warner,DS Kulkarni,0,0,,,,,,"",""
ball,1,3.6,Sunrisers Hyderabad,S Dhawan,DA Warner,DS Kulkarni,4,0,,,,,,"",""
ball,1,4.1,Sunrisers Hyderabad,DA Warner,S Dhawan,KW Richardson,4,0,,,,,,"",""
ball,1,4.2,Sunrisers Hyderabad,DA Warner,S Dhawan,KW Richardson,1,0,,,,,,"",""
ball,1,4.3,Sunrisers Hyderabad,S Dhawan,DA Warner,KW Richardson,0,1,1,,,,,"",""
ball,1,4.4,Sunrisers Hyderabad,S Dhawan,DA Warner,KW Richardson,0,0,,,,,,"",""
ball,1,4.5,Sunrisers Hyderabad,S Dhawan,DA Warner,KW Richardson,1,0,,,,,,"",""
ball,1,4.6,Sunrisers Hyderabad,DA Warner,S Dhawan,KW Richardson,1,0,,,,,,"",""
ball,1,4.7,Sunrisers Hyderabad,S Dhawan,DA Warner,KW Richardson,1,0,,,,,,"",""
ball,1,5.1,Sunrisers Hyderabad,S Dhawan,DA Warner,JP Faulkner,0,0,,,,,,"",""
ball,1,5.2,Sunrisers Hyderabad,S Dhawan,DA Warner,JP Faulkner,1,0,,,,,,"",""
ball,1,5.3,Sunrisers Hyderabad,DA Warner,S Dhawan,JP Faulkner,1,0,,,,,,"",""
ball,1,5.4,Sunrisers Hyderabad,S Dhawan,DA Warner,JP Faulkner,4,0,,,,,,"",""
ball,1,5.5,Sunrisers Hyderabad,S Dhawan,DA Warner,JP Faulkner,1,0,,,,,,"",""
ball,1,5.6,Sunrisers Hyderabad,DA Warner,S Dhawan,JP Faulkner,1,0,,,,,,"",""
ball,1,6.1,Sunrisers Hyderabad,DA Warner,S Dhawan,PV Tambe,1,0,,,,,,"",""
ball,1,6.2,Sunrisers Hyderabad,S Dhawan,DA Warner,PV Tambe,0,0,,,,,,"",""
ball,1,6.3,Sunrisers Hyderabad,S Dhawan,DA Warner,PV Tambe,1,0,,,,,,"",""
ball,1,6.4,Sunrisers Hyderabad,DA Warner,S Dhawan,PV Tambe,0,0,,,,,,"",""
ball,1,6.5,Sunrisers Hyderabad,DA Warner,S Dhawan,PV Tambe,0,0,,,,,,"",""
ball,1,6.6,Sunrisers Hyderabad,DA Warner,S Dhawan,PV Tambe,1,0,,,,,,"",""
ball,1,7.1,Sunrisers Hyderabad,DA Warner,S Dhawan,R Bhatia,0,0,,,,,,"",""
ball,1,7.2,Sunrisers Hyderabad,DA Warner,S Dhawan,R Bhatia,2,0,,,,,,"",""
ball,1,7.3,Sunrisers Hyderabad,DA Warner,S Dhawan,R Bhatia,1,0,,,,,,"",""
ball,1,7.4,Sunrisers Hyderabad,S Dhawan,DA Warner,R Bhatia,1,0,,,,,,"",""
ball,1,7.5,Sunrisers Hyderabad,DA Warner,S Dhawan,R Bhatia,1,0,,,,,,"",""
ball,1,7.6,Sunrisers Hyderabad,S Dhawan,DA Warner,R Bhatia,1,0,,,,,,"",""
ball,1,8.1,Sunrisers Hyderabad,S Dhawan,DA Warner,PV Tambe,1,0,,,,,,"",""
ball,1,8.2,Sunrisers Hyderabad,DA Warner,S Dhawan,PV Tambe,1,0,,,,,,"",""
ball,1,8.3,Sunrisers Hyderabad,S Dhawan,DA Warner,PV Tambe,6,0,,,,,,"",""
ball,1,8.4,Sunrisers Hyderabad,S Dhawan,DA Warner,PV Tambe,2,0,,,,,,"",""
ball,1,8.5,Sunrisers Hyderabad,S Dhawan,DA Warner,PV Tambe,1,0,,,,,,"",""
ball,1,8.6,Sunrisers Hyderabad,DA Warner,S Dhawan,PV Tambe,1,0,,,,,,"",""
ball,1,9.1,Sunrisers Hyderabad,DA Warner,S Dhawan,STR Binny,1,0,,,,,,"",""
ball,1,9.2,Sunrisers Hyderabad,S Dhawan,DA Warner,STR Binny,0,0,,,,,,"",""
ball,1,9.3,Sunrisers Hyderabad,S Dhawan,DA Warner,STR Binny,1,0,,,,,,"",""
ball,1,9.4,Sunrisers Hyderabad,DA Warner,S Dhawan,STR Binny,1,0,,,,,,"",""
ball,1,9.5,Sunrisers Hyderabad,S Dhawan,DA Warner,STR Binny,4,0,,,,,,"",""
ball,1,9.6,Sunrisers Hyderabad,S Dhawan,DA Warner,STR Binny,0,0,,,,,,"",""
ball,1,10.1,Sunrisers Hyderabad,DA Warner,S Dhawan,DS Kulkarni,0,0,,,,,,"",""
ball,1,10.2,Sunrisers Hyderabad,DA Warner,S Dhawan,DS Kulkarni,1,0,,,,,,"",""
ball,1,10.3,Sunrisers Hyderabad,S Dhawan,DA Warner,DS Kulkarni,1,0,,,,,,"",""
ball,1,10.4,Sunrisers Hyderabad,DA Warner,S Dhawan,DS Kulkarni,1,0,,,,,,"",""
ball,1,10.5,Sunrisers Hyderabad,S Dhawan,DA Warner,DS Kulkarni,1,0,,,,,,"",""
ball,1,10.6,Sunrisers Hyderabad,DA Warner,S Dhawan,DS Kulkarni,2,0,,,,,,"",""
ball,1,11.1,Sunrisers Hyderabad,S Dhawan,DA Warner,R Bhatia,1,0,,,,,,"",""
ball,1,11.2,Sunrisers Hyderabad,DA Warner,S Dhawan,R Bhatia,1,0,,,,,,"",""
ball,1,11.3,Sunrisers Hyderabad,S Dhawan,DA Warner,R Bhatia,0,0,,,,,,caught,S Dhawan
ball,1,11.4,Sunrisers Hyderabad,KL Rahul,DA Warner,R Bhatia,0,0,,,,,,"",""
ball,1,11.5,Sunrisers Hyderabad,KL Rahul,DA Warner,R Bhatia,1,0,,,,,,"",""
ball,1,11.6,Sunrisers Hyderabad,DA Warner,KL Rahul,R Bhatia,1,0,,,,,,"",""
ball,1,12.1,Sunrisers Hyderabad,DA Warner,KL Rahul,PV Tambe,1,0,,,,,,"",""
ball,1,12.2,Sunrisers Hyderabad,KL Rahul,DA Warner,PV Tambe,1,0,,,,,,"",""
ball,1,12.3,Sunrisers Hyderabad,DA Warner,KL Rahul,PV Tambe,1,0,,,,,,"",""
ball,1,12.4,Sunrisers Hyderabad,KL Rahul,DA Warner,PV Tambe,0,0,,,,,,"",""
ball,1,12.5,Sunrisers Hyderabad,KL Rahul,DA Warner,PV Tambe,0,0,,,,,,"",""
ball,1,12.6,Sunrisers Hyderabad,KL Rahul,DA Warner,PV Tambe,0,0,,,,,,"",""
ball,1,13.1,Sunrisers Hyderabad,DA Warner,KL Rahul,R Bhatia,0,0,,,,,,"",""
ball,1,13.2,Sunrisers Hyderabad,DA Warner,KL Rahul,R Bhatia,0,0,,,,,,caught,DA Warner
ball,1,13.3,Sunrisers Hyderabad,DJG Sammy,KL Rahul,R Bhatia,1,0,,,,,,"",""
ball,1,13.4,Sunrisers Hyderabad,KL Rahul,DJG Sammy,R Bhatia,1,0,,,,,,"",""
ball,1,13.5,Sunrisers Hyderabad,DJG Sammy,KL Rahul,R Bhatia,0,0,,,,,,"",""
ball,1,13.6,Sunrisers Hyderabad,DJG Sammy,KL Rahul,R Bhatia,1,0,,,,,,"",""
ball,1,14.1,Sunrisers Hyderabad,DJG Sammy,KL Rahul,PV Tambe,0,1,1,,,,,"",""
ball,1,14.2,Sunrisers Hyderabad,DJG Sammy,KL Rahul,PV Tambe,0,0,,,,,,"",""
ball,1,14.3,Sunrisers Hyderabad,DJG Sammy,KL Rahul,PV Tambe,0,0,,,,,,"",""
ball,1,14.4,Sunrisers Hyderabad,DJG Sammy,KL Rahul,PV Tambe,1,0,,,,,,"",""
ball,1,14.5,Sunrisers Hyderabad,KL Rahul,DJG Sammy,PV Tambe,1,0,,,,,,"",""
ball,1,14.6,Sunrisers Hyderabad,DJG Sammy,KL Rahul,PV Tambe,1,0,,,,,,"",""
ball,1,14.7,Sunrisers Hyderabad,KL Rahul,DJG Sammy,PV Tambe,1,0,,,,,,"",""
ball,1,15.1,Sunrisers Hyderabad,KL Rahul,DJG Sammy,R Bhatia,2,0,,,,,,"",""
ball,1,15.2,Sunrisers Hyderabad,KL Rahul,DJG Sammy,R Bhatia,1,0,,,,,,"",""
ball,1,15.3,Sunrisers Hyderabad,DJG Sammy,KL Rahul,R Bhatia,0,0,,,,,,"",""
ball,1,15.4,Sunrisers Hyderabad,DJG Sammy,KL Rahul,R Bhatia,1,0,,,,,,"",""
ball,1,15.5,Sunrisers Hyderabad,KL Rahul,DJG Sammy,R Bhatia,4,0,,,,,,"",""
ball,1,15.6,Sunrisers Hyderabad,KL Rahul,DJG Sammy,R Bhatia,1,0,,,,,,"",""
ball,1,16.1,Sunrisers Hyderabad,KL Rahul,DJG Sammy,DS Kulkarni,1,0,,,,,,"",""
ball,1,16.2,Sunrisers Hyderabad,DJG Sammy,KL Rahul,DS Kulkarni,1,0,,,,,,"",""
ball,1,16.3,Sunrisers Hyderabad,KL Rahul,DJG Sammy,DS Kulkarni,0,0,,,,,,"",""
ball,1,16.4,Sunrisers Hyderabad,KL Rahul,DJG Sammy,DS Kulkarni,6,0,,,,,,"",""
ball,1,16.5,Sunrisers Hyderabad,KL Rahul,DJG Sammy,DS Kulkarni,0,1,1,,,,,"",""
ball,1,16.6,Sunrisers Hyderabad,KL Rahul,DJG Sammy,DS Kulkarni,0,0,,,,,,"",""
ball,1,16.7,Sunrisers Hyderabad,KL Rahul,DJG Sammy,DS Kulkarni,0,0,,,,,,caught,KL Rahul
ball,1,17.1,Sunrisers Hyderabad,Y Venugopal Rao,DJG Sammy,KW Richardson,2,0,,,,,,"",""
ball,1,17.2,Sunrisers Hyderabad,Y Venugopal Rao,DJG Sammy,KW Richardson,0,1,,,,1,,"",""
ball,1,17.3,Sunrisers Hyderabad,DJG Sammy,Y Venugopal Rao,KW Richardson,0,0,,,,,,caught,DJG Sammy
ball,1,17.4,Sunrisers Hyderabad,Y Venugopal Rao,KV Sharma,KW Richardson,2,0,,,,,,"",""
ball,1,17.5,Sunrisers Hyderabad,Y Venugopal Rao,KV Sharma,KW Richardson,2,0,,,,,,"",""
ball,1,17.6,Sunrisers Hyderabad,Y Venugopal Rao,KV Sharma,KW Richardson,1,0,,,,,,"",""
ball,1,18.1,Sunrisers Hyderabad,Y Venugopal Rao,KV Sharma,JP Faulkner,0,0,,,,,,"",""
ball,1,18.2,Sunrisers Hyderabad,Y Venugopal Rao,KV Sharma,JP Faulkner,4,0,,,,,,"",""
ball,1,18.3,Sunrisers Hyderabad,Y Venugopal Rao,KV Sharma,JP Faulkner,1,0,,,,,,"",""
ball,1,18.4,Sunrisers Hyderabad,KV Sharma,Y Venugopal Rao,JP Faulkner,0,1,,,,1,,"",""
ball,1,18.5,Sunrisers Hyderabad,Y Venugopal Rao,KV Sharma,JP Faulkner,1,0,,,,,,"",""
ball,1,18.6,Sunrisers Hyderabad,KV Sharma,Y Venugopal Rao,JP Faulkner,0,2,,,,2,,"",""
ball,1,19.1,Sunrisers Hyderabad,Y Venugopal Rao,KV Sharma,KW Richardson,1,0,,,,,,"",""
ball,1,19.2,Sunrisers Hyderabad,KV Sharma,Y Venugopal Rao,KW Richardson,2,0,,,,,,"",""
ball,1,19.3,Sunrisers Hyderabad,KV Sharma,Y Venugopal Rao,KW Richardson,2,0,,,,,,"",""
ball,1,19.4,Sunrisers Hyderabad,KV Sharma,Y Venugopal Rao,KW Richardson,0,0,,,,,,caught,KV Sharma
ball,1,19.5,Sunrisers Hyderabad,Y Venugopal Rao,DW Steyn,KW Richardson,2,0,,,,,,"",""
ball,1,19.6,Sunrisers Hyderabad,Y Venugopal Rao,DW Steyn,KW Richardson,0,1,,,1,,,"",""
ball,2,0.1,Rajasthan Royals,AM Nayar,AM Rahane,DW Steyn,4,0,,,,,,"",""
ball,2,0.2,Rajasthan Royals,AM Nayar,AM Rahane,DW Steyn,0,0,,,,,,"",""
ball,2,0.3,Rajasthan Royals,AM Nayar,AM Rahane,DW Steyn,0,0,,,,,,lbw,AM Nayar
ball,2,0.4,Rajasthan Royals,SV Samson,AM Rahane,DW Steyn,0,0,,,,,,"",""
ball,2,0.5,Rajasthan Royals,SV Samson,AM Rahane,DW Steyn,0,0,,,,,,"",""
ball,2,0.6,Rajasthan Royals,SV Samson,AM Rahane,DW Steyn,0,0,,,,,,"",""
ball,2,1.1,Rajasthan Royals,AM Rahane,SV Samson,B Kumar,0,0,,,,,,"",""
ball,2,1.2,Rajasthan Royals,AM Rahane,SV Samson,B Kumar,4,0,,,,,,"",""
ball,2,1.3,Rajasthan Royals,AM Rahane,SV Samson,B Kumar,0,0,,,,,,"",""
ball,2,1.4,Rajasthan Royals,AM Rahane,SV Samson,B Kumar,0,0,,,,,,"",""
ball,2,1.5,Rajasthan Royals,AM Rahane,SV Samson,B Kumar,0,0,,,,,,"",""
ball,2,1.6,Rajasthan Royals,AM Rahane,SV Samson,B Kumar,2,0,,,,,,"",""
ball,2,2.1,Rajasthan Royals,SV Samson,AM Rahane,DW Steyn,0,0,,,,,,"",""
ball,2,2.2,Rajasthan Royals,SV Samson,AM Rahane,DW Steyn,1,0,,,,,,"",""
ball,2,2.3,Rajasthan Royals,AM Rahane,SV Samson,DW Steyn,0,0,,,,,,"",""
ball,2,2.4,Rajasthan Royals,AM Rahane,SV Samson,DW Steyn,1,0,,,,,,"",""
ball,2,2.5,Rajasthan Royals,SV Samson,AM Rahane,DW Steyn,0,0,,,,,,"",""
ball,2,2.6,Rajasthan Royals,SV Samson,AM Rahane,DW Steyn,1,0,,,,,,"",""
ball,2,3.1,Rajasthan Royals,SV Samson,AM Rahane,B Kumar,1,0,,,,,,"",""
ball,2,3.2,Rajasthan Royals,AM Rahane,SV Samson,B Kumar,1,0,,,,,,"",""
ball,2,3.3,Rajasthan Royals,SV Samson,AM Rahane,B Kumar,0,0,,,,,,caught,SV Samson
ball,2,3.4,Rajasthan Royals,SR Watson,AM Rahane,B Kumar,1,0,,,,,,"",""
ball,2,3.5,Rajasthan Royals,AM Rahane,SR Watson,B Kumar,0,2,,,,2,,"",""
ball,2,3.6,Rajasthan Royals,AM Rahane,SR Watson,B Kumar,1,0,,,,,,"",""
ball,2,4.1,Rajasthan Royals,AM Rahane,SR Watson,I Sharma,0,0,,,,,,"",""
ball,2,4.2,Rajasthan Royals,AM Rahane,SR Watson,I Sharma,0,0,,,,,,"",""
ball,2,4.3,Rajasthan Royals,AM Rahane,SR Watson,I Sharma,2,0,,,,,,"",""
ball,2,4.4,Rajasthan Royals,AM Rahane,SR Watson,I Sharma,4,0,,,,,,"",""
ball,2,4.5,Rajasthan Royals,AM Rahane,SR Watson,I Sharma,0,1,1,,,,,"",""
ball,2,4.6,Rajasthan Royals,AM Rahane,SR Watson,I Sharma,1,0,,,,,,"",""
ball,2,4.7,Rajasthan Royals,SR Watson,AM Rahane,I Sharma,1,0,,,,,,"",""
ball,2,5.1,Rajasthan Royals,SR Watson,AM Rahane,B Kumar,0,0,,,,,,"",""
ball,2,5.2,Rajasthan Royals,SR Watson,AM Rahane,B Kumar,0,0,,,,,,"",""
ball,2,5.3,Rajasthan Royals,SR Watson,AM Rahane,B Kumar,1,0,,,,,,"",""
ball,2,5.4,Rajasthan Royals,AM Rahane,SR Watson,B Kumar,0,0,,,,,,"",""
ball,2,5.5,Rajasthan Royals,AM Rahane,SR Watson,B Kumar,1,0,,,,,,"",""
ball,2,5.6,Rajasthan Royals,SR Watson,AM Rahane,B Kumar,0,0,,,,,,"",""
ball,2,6.1,Rajasthan Royals,AM Rahane,SR Watson,I Sharma,1,0,,,,,,"",""
ball,2,6.2,Rajasthan Royals,SR Watson,AM Rahane,I Sharma,0,0,,,,,,caught,SR Watson
ball,2,6.3,Rajasthan Royals,STR Binny,AM Rahane,I Sharma,1,0,,,,,,"",""
ball,2,6.4,Rajasthan Royals,AM Rahane,STR Binny,I Sharma,0,0,,,,,,"",""
ball,2,6.5,Rajasthan Royals,AM Rahane,STR Binny,I Sharma,0,0,,,,,,"",""
ball,2,6.6,Rajasthan Royals,AM Rahane,STR Binny,I Sharma,4,0,,,,,,"",""
ball,2,7.1,Rajasthan Royals,STR Binny,AM Rahane,DJG Sammy,1,0,,,,,,"",""
ball,2,7.2,Rajasthan Royals,AM Rahane,STR Binny,DJG Sammy,1,0,,,,,,"",""
ball,2,7.3,Rajasthan Royals,STR Binny,AM Rahane,DJG Sammy,1,0,,,,,,"",""
ball,2,7.4,Rajasthan Royals,AM Rahane,STR Binny,DJG Sammy,2,0,,,,,,"",""
ball,2,7.5,Rajasthan Royals,AM Rahane,STR Binny,DJG Sammy,0,0,,,,,,"",""
ball,2,7.6,Rajasthan Royals,AM Rahane,STR Binny,DJG Sammy,0,1,1,,,,,"",""
ball,2,7.7,Rajasthan Royals,AM Rahane,STR Binny,DJG Sammy,1,0,,,,,,"",""
ball,2,8.1,Rajasthan Royals,AM Rahane,STR Binny,A Mishra,1,0,,,,,,"",""
ball,2,8.2,Rajasthan Royals,STR Binny,AM Rahane,A Mishra,1,0,,,,,,"",""
ball,2,8.3,Rajasthan Royals,AM Rahane,STR Binny,A Mishra,1,0,,,,,,"",""
ball,2,8.4,Rajasthan Royals,STR Binny,AM Rahane,A Mishra,0,1,,,,1,,"",""
ball,2,8.5,Rajasthan Royals,AM Rahane,STR Binny,A Mishra,2,0,,,,,,"",""
ball,2,8.6,Rajasthan Royals,AM Rahane,STR Binny,A Mishra,0,0,,,,,,"",""
ball,2,9.1,Rajasthan Royals,STR Binny,AM Rahane,DJG Sammy,0,0,,,,,,"",""
ball,2,9.2,Rajasthan Royals,STR Binny,AM Rahane,DJG Sammy,1,0,,,,,,"",""
ball,2,9.3,Rajasthan Royals,AM Rahane,STR Binny,DJG Sammy,1,0,,,,,,"",""
ball,2,9.4,Rajasthan Royals,STR Binny,AM Rahane,DJG Sammy,6,0,,,,,,"",""
ball,2,9.5,Rajasthan Royals,STR Binny,AM Rahane,DJG Sammy,0,0,,,,,,"",""
ball,2,9.6,Rajasthan Royals,STR Binny,AM Rahane,DJG Sammy,4,0,,,,,,"",""
ball,2,10.1,Rajasthan Royals,AM Rahane,STR Binny,A Mishra,0,0,,,,,,"",""
ball,2,10.2,Rajasthan Royals,AM Rahane,STR Binny,A Mishra,4,0,,,,,,"",""
ball,2,10.3,Rajasthan Royals,AM Rahane,STR Binny,A Mishra,0,0,,,,,,"",""
ball,2,10.4,Rajasthan Royals,AM Rahane,STR Binny,A Mishra,1,0,,,,,,"",""
ball,2,10.5,Rajasthan Royals,STR Binny,AM Rahane,A Mishra,1,0,,,,,,"",""
ball,2,10.6,Rajasthan Royals,AM Rahane,STR Binny,A Mishra,2,0,,,,,,"",""
ball,2,11.1,Rajasthan Royals,STR Binny,AM Rahane,I Sharma,2,0,,,,,,"",""
ball,2,11.2,Rajasthan Royals,STR Binny,AM Rahane,I Sharma,1,0,,,,,,"",""
ball,2,11.3,Rajasthan Royals,AM Rahane,STR Binny,I Sharma,0,0,,,,,,"",""
ball,2,11.4,Rajasthan Royals,AM Rahane,STR Binny,I Sharma,0,0,,,,,,"",""
ball,2,11.5,Rajasthan Royals,AM Rahane,STR Binny,I Sharma,2,0,,,,,,"",""
ball,2,11.6,Rajasthan Royals,AM Rahane,STR Binny,I Sharma,1,0,,,,,,"",""
ball,2,12.1,Rajasthan Royals,AM Rahane,STR Binny,KV Sharma,0,0,,,,,,"",""
ball,2,12.2,Rajasthan Royals,AM Rahane,STR Binny,KV Sharma,2,0,,,,,,"",""
ball,2,12.3,Rajasthan Royals,AM Rahane,STR Binny,KV Sharma,1,0,,,,,,"",""
ball,2,12.4,Rajasthan Royals,STR Binny,AM Rahane,KV Sharma,1,0,,,,,,"",""
ball,2,12.5,Rajasthan Royals,AM Rahane,STR Binny,KV Sharma,1,0,,,,,,"",""
ball,2,12.6,Rajasthan Royals,STR Binny,AM Rahane,KV Sharma,1,0,,,,,,"",""
ball,2,13.1,Rajasthan Royals,STR Binny,AM Rahane,I Sharma,1,0,,,,,,"",""
ball,2,13.2,Rajasthan Royals,AM Rahane,STR Binny,I Sharma,1,0,,,,,,"",""
ball,2,13.3,Rajasthan Royals,STR Binny,AM Rahane,I Sharma,0,0,,,,,,"",""
ball,2,13.4,Rajasthan Royals,STR Binny,AM Rahane,I Sharma,0,0,,,,,,"",""
ball,2,13.5,Rajasthan Royals,STR Binny,AM Rahane,I Sharma,2,0,,,,,,"",""
ball,2,13.6,Rajasthan Royals,STR Binny,AM Rahane,I Sharma,4,0,,,,,,"",""
ball,2,14.1,Rajasthan Royals,AM Rahane,STR Binny,DW Steyn,4,0,,,,,,"",""
ball,2,14.2,Rajasthan Royals,AM Rahane,STR Binny,DW Steyn,4,0,,,,,,"",""
ball,2,14.3,Rajasthan Royals,AM Rahane,STR Binny,DW Steyn,1,0,,,,,,"",""
ball,2,14.4,Rajasthan Royals,STR Binny,AM Rahane,DW Steyn,2,0,,,,,,"",""
ball,2,14.5,Rajasthan Royals,STR Binny,AM Rahane,DW Steyn,1,0,,,,,,"",""
ball,2,14.6,Rajasthan Royals,AM Rahane,STR Binny,DW Steyn,1,0,,,,,,"",""
ball,2,15.1,Rajasthan Royals,AM Rahane,STR Binny,A Mishra,2,0,,,,,,"",""
ball,2,15.2,Rajasthan Royals,AM Rahane,STR Binny,A Mishra,0,0,,,,,,"",""
ball,2,15.3,Rajasthan Royals,AM Rahane,STR Binny,A Mishra,1,0,,,,,,"",""
ball,2,15.4,Rajasthan Royals,STR Binny,AM Rahane,A Mishra,2,0,,,,,,"",""
ball,2,15.5,Rajasthan Royals,STR Binny,AM Rahane,A Mishra,1,0,,,,,,"",""
ball,2,15.6,Rajasthan Royals,AM Rahane,STR Binny,A Mishra,0,0,,,,,,caught,AM Rahane
ball,2,16.1,Rajasthan Royals,BJ Hodge,STR Binny,KV Sharma,0,0,,,,,,"",""
ball,2,16.2,Rajasthan Royals,BJ Hodge,STR Binny,KV Sharma,0,0,,,,,,"",""
ball,2,16.3,Rajasthan Royals,BJ Hodge,STR Binny,KV Sharma,1,0,,,,,,"",""
ball,2,16.4,Rajasthan Royals,STR Binny,BJ Hodge,KV Sharma,1,0,,,,,,"",""
ball,2,16.5,Rajasthan Royals,BJ Hodge,STR Binny,KV Sharma,0,0,,,,,,"",""
ball,2,16.6,Rajasthan Royals,BJ Hodge,STR Binny,KV Sharma,0,0,,,,,,"",""
ball,2,17.1,Rajasthan Royals,STR Binny,BJ Hodge,A Mishra,1,0,,,,,,"",""
ball,2,17.2,Rajasthan Royals,BJ Hodge,STR Binny,A Mishra,0,0,,,,,,"",""
ball,2,17.3,Rajasthan Royals,BJ Hodge,STR Binny,A Mishra,0,0,,,,,,"",""
ball,2,17.4,Rajasthan Royals,BJ Hodge,STR Binny,A Mishra,0,0,,,,,,caught,BJ Hodge
ball,2,17.5,Rajasthan Royals,STR Binny,R Bhatia,A Mishra,4,0,,,,,,"",""
ball,2,17.6,Rajasthan Royals,STR Binny,R Bhatia,A Mishra,2,0,,,,,,"",""
ball,2,18.1,Rajasthan Royals,R Bhatia,STR Binny,DW Steyn,4,0,,,,,,"",""
ball,2,18.2,Rajasthan Royals,R Bhatia,STR Binny,DW Steyn,0,0,,,,,,"",""
ball,2,18.3,Rajasthan Royals,R Bhatia,STR Binny,DW Steyn,0,0,,,,,,caught,R Bhatia
ball,2,18.4,Rajasthan Royals,STR Binny,JP Faulkner,DW Steyn,4,0,,,,,,"",""
ball,2,18.5,Rajasthan Royals,STR Binny,JP Faulkner,DW Steyn,0,0,,,,,,"",""
ball,2,18.6,Rajasthan Royals,STR Binny,JP Faulkner,DW Steyn,1,0,,,,,,"",""
ball,2,19.1,Rajasthan Royals,STR Binny,JP Faulkner,B Kumar,1,0,,,,,,"",""
ball,2,19.2,Rajasthan Royals,JP Faulkner,STR Binny,B Kumar,4,0,,,,,,"",""
ball,2,19.3,Rajasthan Royals,JP Faulkner,STR Binny,B Kumar,4,0,,,,,,"",""
