version,1.6.0
info,balls_per_over,6
info,team,Chennai Super Kings
info,team,Sunrisers Hyderabad
info,gender,male
info,season,2014
info,date,2014/05/22
info,event,Indian Premier League
info,match_number,50
info,venue,JSCA International Stadium Complex
info,city,Ranchi
info,toss_winner,Sunrisers Hyderabad
info,toss_decision,field
info,player_of_match,DA Warner
info,umpire,BNJ Oxenford
info,umpire,C Shamshuddin
info,reserve_umpire,J Madanagopal
info,tv_umpire,RM Deshpande
info,match_referee,J Srinath
info,winner,Sunrisers Hyderabad
info,winner_wickets,6
info,player,Chennai Super Kings,DR Smith
info,player,Chennai Super Kings,F du Plessis
info,player,Chennai Super Kings,SK Raina
info,player,Chennai Super Kings,DJ Hussey
info,player,Chennai Super Kings,MS Dhoni
info,player,Chennai Super Kings,RA Jadeja
info,player,Chennai Super Kings,M Manhas
info,player,Chennai Super Kings,R Ashwin
info,player,Chennai Super Kings,JW Hastings
info,player,Chennai Super Kings,MM Sharma
info,player,Chennai Super Kings,P Negi
info,player,Sunrisers Hyderabad,DA Warner
info,player,Sunrisers Hyderabad,S Dhawan
info,player,Sunrisers Hyderabad,NV Ojha
info,player,Sunrisers Hyderabad,AJ Finch
info,player,Sunrisers Hyderabad,DJG Sammy
info,player,Sunrisers Hyderabad,Y Venugopal Rao
info,player,Sunrisers Hyderabad,IK Pathan
info,player,Sunrisers Hyderabad,KV Sharma
info,player,Sunrisers Hyderabad,Parvez Rasool
info,player,Sunrisers Hyderabad,DW Steyn
info,player,Sunrisers Hyderabad,B Kumar
info,registry,people,AJ Finch,b8d490fd
info,registry,people,B Kumar,2e81a32d
info,registry,people,BNJ Oxenford,c1add349
info,registry,people,C Shamshuddin,0f9d921b
info,registry,people,DA Warner,dcce6f09
info,registry,people,DJ Hussey,fd835ab3
info,registry,people,DJG Sammy,c03c6200
info,registry,people,DR Smith,35205dfc
info,registry,people,DW Steyn,8fd1a8f5
info,registry,people,F du Plessis,3355b542
info,registry,people,IK Pathan,5fa06777
info,registry,people,J Madanagopal,8275b04a
info,registry,people,J Srinath,bad31fac
info,registry,people,JW Hastings,012829ff
info,registry,people,KV Sharma,119678fd
info,registry,people,M Manhas,c42aaf71
info,registry,people,MM Sharma,759ac88f
info,registry,people,MS Dhoni,4a8a2e3b
info,registry,people,NV Ojha,890946a0
info,registry,people,P Negi,f62772e5
info,registry,people,Parvez Rasool,9170ff49
info,registry,people,R Ashwin,495d42a5
info,registry,people,RA Jadeja,fe93fd9d
info,registry,people,RM Deshpande,7d2a4250
info,registry,people,S Dhawan,0a476045
info,registry,people,SK Raina,1dc12ab9
info,registry,people,Y Venugopal Rao,fe763256
ball,1,0.1,Chennai Super Kings,DR Smith,F du Plessis,B Kumar,0,0,,,,,,"",""
ball,1,0.2,Chennai Super Kings,DR Smith,F du Plessis,B Kumar,0,0,,,,,,"",""
ball,1,0.3,Chennai Super Kings,DR Smith,F du Plessis,B Kumar,4,0,,,,,,"",""
ball,1,0.4,Chennai Super Kings,DR Smith,F du Plessis,B Kumar,0,0,,,,,,"",""
ball,1,0.5,Chennai Super Kings,DR Smith,F du Plessis,B Kumar,4,0,,,,,,"",""
ball,1,0.6,Chennai Super Kings,DR Smith,F du Plessis,B Kumar,4,0,,,,,,"",""
ball,1,1.1,Chennai Super Kings,F du Plessis,DR Smith,DW Steyn,0,0,,,,,,"",""
ball,1,1.2,Chennai Super Kings,F du Plessis,DR Smith,DW Steyn,4,0,,,,,,"",""
ball,1,1.3,Chennai Super Kings,F du Plessis,DR Smith,DW Steyn,0,0,,,,,,"",""
ball,1,1.4,Chennai Super Kings,F du Plessis,DR Smith,DW Steyn,4,0,,,,,,"",""
ball,1,1.5,Chennai Super Kings,F du Plessis,DR Smith,DW Steyn,0,0,,,,,,"",""
ball,1,1.6,Chennai Super Kings,F du Plessis,DR Smith,DW Steyn,4,0,,,,,,"",""
ball,1,2.1,Chennai Super Kings,DR Smith,F du Plessis,B Kumar,1,0,,,,,,"",""
ball,1,2.2,Chennai Super Kings,F du Plessis,DR Smith,B Kumar,4,0,,,,,,"",""
ball,1,2.3,Chennai Super Kings,F du Plessis,DR Smith,B Kumar,0,0,,,,,,"",""
ball,1,2.4,Chennai Super Kings,F du Plessis,DR Smith,B Kumar,1,0,,,,,,"",""
ball,1,2.5,Chennai Super Kings,DR Smith,F du Plessis,B Kumar,1,0,,,,,,"",""
ball,1,2.6,Chennai Super Kings,F du Plessis,DR Smith,B Kumar,1,0,,,,,,"",""
ball,1,3.1,Chennai Super Kings,F du Plessis,DR Smith,KV Sharma,1,0,,,,,,"",""
ball,1,3.2,Chennai Super Kings,DR Smith,F du Plessis,KV Sharma,0,0,,,,,,"",""
ball,1,3.3,Chennai Super Kings,DR Smith,F du Plessis,KV Sharma,0,0,,,,,,run out,F du Plessis
ball,1,3.4,Chennai Super Kings,DR Smith,SK Raina,KV Sharma,0,0,,,,,,"",""
ball,1,3.5,Chennai Super Kings,DR Smith,SK Raina,KV Sharma,0,0,,,,,,"",""
ball,1,3.6,Chennai Super Kings,DR Smith,SK Raina,KV Sharma,1,0,,,,,,"",""
ball,1,4.1,Chennai Super Kings,DR Smith,SK Raina,DW Steyn,0,0,,,,,,"",""
ball,1,4.2,Chennai Super Kings,DR Smith,SK Raina,DW Steyn,0,0,,,,,,"",""
ball,1,4.3,Chennai Super Kings,DR Smith,SK Raina,DW Steyn,0,0,,,,,,"",""
ball,1,4.4,Chennai Super Kings,DR Smith,SK Raina,DW Steyn,4,0,,,,,,"",""
ball,1,4.5,Chennai Super Kings,DR Smith,SK Raina,DW Steyn,0,0,,,,,,"",""
ball,1,4.6,Chennai Super Kings,DR Smith,SK Raina,DW Steyn,1,0,,,,,,"",""
ball,1,5.1,Chennai Super Kings,DR Smith,SK Raina,Parvez Rasool,6,0,,,,,,"",""
ball,1,5.2,Chennai Super Kings,DR Smith,SK Raina,Parvez Rasool,6,0,,,,,,"",""
ball,1,5.3,Chennai Super Kings,DR Smith,SK Raina,Parvez Rasool,6,0,,,,,,"",""
ball,1,5.4,Chennai Super Kings,DR Smith,SK Raina,Parvez Rasool,1,0,,,,,,"",""
ball,1,5.5,Chennai Super Kings,SK Raina,DR Smith,Parvez Rasool,1,0,,,,,,"",""
ball,1,5.6,Chennai Super Kings,DR Smith,SK Raina,Parvez Rasool,1,0,,,,,,"",""
ball,1,6.1,Chennai Super Kings,DR Smith,SK Raina,KV Sharma,1,0,,,,,,"",""
ball,1,6.2,Chennai Super Kings,SK Raina,DR Smith,KV Sharma,1,0,,,,,,"",""
ball,1,6.3,Chennai Super Kings,DR Smith,SK Raina,KV Sharma,6,0,,,,,,"",""
ball,1,6.4,Chennai Super Kings,DR Smith,SK Raina,KV Sharma,0,0,,,,,,"",""
ball,1,6.5,Chennai Super Kings,DR Smith,SK Raina,KV Sharma,0,0,,,,,,lbw,DR Smith
ball,1,6.6,Chennai Super Kings,DJ Hussey,SK Raina,KV Sharma,0,0,,,,,,"",""
ball,1,7.1,Chennai Super Kings,SK Raina,DJ Hussey,Parvez Rasool,1,0,,,,,,"",""
ball,1,7.2,Chennai Super Kings,DJ Hussey,SK Raina,Parvez Rasool,1,0,,,,,,"",""
ball,1,7.3,Chennai Super Kings,SK Raina,DJ Hussey,Parvez Rasool,0,0,,,,,,"",""
ball,1,7.4,Chennai Super Kings,SK Raina,DJ Hussey,Parvez Rasool,1,0,,,,,,"",""
ball,1,7.5,Chennai Super Kings,DJ Hussey,SK Raina,Parvez Rasool,0,0,,,,,,"",""
ball,1,7.6,Chennai Super Kings,DJ Hussey,SK Raina,Parvez Rasool,1,0,,,,,,"",""
ball,1,8.1,Chennai Super Kings,DJ Hussey,SK Raina,KV Sharma,0,0,,,,,,"",""
ball,1,8.2,Chennai Super Kings,DJ Hussey,SK Raina,KV Sharma,1,0,,,,,,"",""
ball,1,8.3,Chennai Super Kings,SK Raina,DJ Hussey,KV Sharma,0,4,,,,4,,"",""
ball,1,8.4,Chennai Super Kings,SK Raina,DJ Hussey,KV Sharma,0,0,,,,,,caught,SK Raina
ball,1,8.5,Chennai Super Kings,MS Dhoni,DJ Hussey,KV Sharma,0,0,,,,,,"",""
ball,1,8.6,Chennai Super Kings,MS Dhoni,DJ Hussey,KV Sharma,0,0,,,,,,"",""
ball,1,9.1,Chennai Super Kings,DJ Hussey,MS Dhoni,Parvez Rasool,1,0,,,,,,"",""
ball,1,9.2,Chennai Super Kings,MS Dhoni,DJ Hussey,Parvez Rasool,0,0,,,,,,"",""
ball,1,9.3,Chennai Super Kings,MS Dhoni,DJ Hussey,Parvez Rasool,1,0,,,,,,"",""
ball,1,9.4,Chennai Super Kings,DJ Hussey,MS Dhoni,Parvez Rasool,1,0,,,,,,"",""
ball,1,9.5,Chennai Super Kings,MS Dhoni,DJ Hussey,Parvez Rasool,0,0,,,,,,"",""
ball,1,9.6,Chennai Super Kings,MS Dhoni,DJ Hussey,Parvez Rasool,1,0,,,,,,"",""
ball,1,10.1,Chennai Super Kings,MS Dhoni,DJ Hussey,KV Sharma,1,0,,,,,,"",""
ball,1,10.2,Chennai Super Kings,DJ Hussey,MS Dhoni,KV Sharma,4,0,,,,,,"",""
ball,1,10.3,Chennai Super Kings,DJ Hussey,MS Dhoni,KV Sharma,1,0,,,,,,"",""
ball,1,10.4,Chennai Super Kings,MS Dhoni,DJ Hussey,KV Sharma,1,0,,,,,,"",""
ball,1,10.5,Chennai Super Kings,DJ Hussey,MS Dhoni,KV Sharma,0,0,,,,,,"",""
ball,1,10.6,Chennai Super Kings,DJ Hussey,MS Dhoni,KV Sharma,1,0,,,,,,"",""
ball,1,11.1,Chennai Super Kings,DJ Hussey,MS Dhoni,Parvez Rasool,1,0,,,,,,"",""
ball,1,11.2,Chennai Super Kings,MS Dhoni,DJ Hussey,Parvez Rasool,2,0,,,,,,"",""
ball,1,11.3,Chennai Super Kings,MS Dhoni,DJ Hussey,Parvez Rasool,0,0,,,,,,"",""
ball,1,11.4,Chennai Super Kings,MS Dhoni,DJ Hussey,Parvez Rasool,1,0,,,,,,"",""
ball,1,11.5,Chennai Super Kings,DJ Hussey,MS Dhoni,Parvez Rasool,1,0,,,,,,"",""
ball,1,11.6,Chennai Super Kings,MS Dhoni,DJ Hussey,Parvez Rasool,1,0,,,,,,"",""
ball,1,12.1,Chennai Super Kings,MS Dhoni,DJ Hussey,IK Pathan,1,0,,,,,,"",""
ball,1,12.2,Chennai Super Kings,DJ Hussey,MS Dhoni,IK Pathan,1,0,,,,,,"",""
ball,1,12.3,Chennai Super Kings,MS Dhoni,DJ Hussey,IK Pathan,1,0,,,,,,"",""
ball,1,12.4,Chennai Super Kings,DJ Hussey,MS Dhoni,IK Pathan,0,0,,,,,,"",""
ball,1,12.5,Chennai Super Kings,DJ Hussey,MS Dhoni,IK Pathan,0,0,,,,,,"",""
ball,1,12.6,Chennai Super Kings,DJ Hussey,MS Dhoni,IK Pathan,0,0,,,,,,"",""
ball,1,13.1,Chennai Super Kings,MS Dhoni,DJ Hussey,DW Steyn,0,0,,,,,,"",""
ball,1,13.2,Chennai Super Kings,MS Dhoni,DJ Hussey,DW Steyn,0,0,,,,,,"",""
ball,1,13.3,Chennai Super Kings,MS Dhoni,DJ Hussey,DW Steyn,0,0,,,,,,"",""
ball,1,13.4,Chennai Super Kings,MS Dhoni,DJ Hussey,DW Steyn,0,0,,,,,,"",""
ball,1,13.5,Chennai Super Kings,MS Dhoni,DJ Hussey,DW Steyn,1,0,,,,,,"",""
ball,1,13.6,Chennai Super Kings,DJ Hussey,MS Dhoni,DW Steyn,1,0,,,,,,"",""
ball,1,14.1,Chennai Super Kings,DJ Hussey,MS Dhoni,IK Pathan,4,0,,,,,,"",""
ball,1,14.2,Chennai Super Kings,DJ Hussey,MS Dhoni,IK Pathan,1,0,,,,,,"",""
ball,1,14.3,Chennai Super Kings,MS Dhoni,DJ Hussey,IK Pathan,6,0,,,,,,"",""
ball,1,14.4,Chennai Super Kings,MS Dhoni,DJ Hussey,IK Pathan,1,0,,,,,,"",""
ball,1,14.5,Chennai Super Kings,DJ Hussey,MS Dhoni,IK Pathan,4,0,,,,,,"",""
ball,1,14.6,Chennai Super Kings,DJ Hussey,MS Dhoni,IK Pathan,1,0,,,,,,"",""
ball,1,15.1,Chennai Super Kings,DJ Hussey,MS Dhoni,DJG Sammy,4,0,,,,,,"",""
ball,1,15.2,Chennai Super Kings,DJ Hussey,MS Dhoni,DJG Sammy,1,0,,,,,,"",""
ball,1,15.3,Chennai Super Kings,MS Dhoni,DJ Hussey,DJG Sammy,0,0,,,,,,"",""
ball,1,15.4,Chennai Super Kings,MS Dhoni,DJ Hussey,DJG Sammy,0,2,,,,2,,"",""
ball,1,15.5,Chennai Super Kings,MS Dhoni,DJ Hussey,DJG Sammy,0,1,1,,,,,"",""
ball,1,15.6,Chennai Super Kings,MS Dhoni,DJ Hussey,DJG Sammy,1,0,,,,,,"",""
ball,1,15.7,Chennai Super Kings,DJ Hussey,MS Dhoni,DJG Sammy,4,0,,,,,,"",""
ball,1,16.1,Chennai Super Kings,MS Dhoni,DJ Hussey,B Kumar,0,0,,,,,,"",""
ball,1,16.2,Chennai Super Kings,MS Dhoni,DJ Hussey,B Kumar,6,0,,,,,,"",""
ball,1,16.3,Chennai Super Kings,MS Dhoni,DJ Hussey,B Kumar,2,0,,,,,,"",""
ball,1,16.4,Chennai Super Kings,MS Dhoni,DJ Hussey,B Kumar,0,0,,,,,,"",""
ball,1,16.5,Chennai Super Kings,MS Dhoni,DJ Hussey,B Kumar,1,0,,,,,,"",""
ball,1,16.6,Chennai Super Kings,DJ Hussey,MS Dhoni,B Kumar,1,0,,,,,,"",""
ball,1,17.1,Chennai Super Kings,DJ Hussey,MS Dhoni,IK Pathan,6,0,,,,,,"",""
ball,1,17.2,Chennai Super Kings,DJ Hussey,MS Dhoni,IK Pathan,1,0,,,,,,"",""
ball,1,17.3,Chennai Super Kings,MS Dhoni,DJ Hussey,IK Pathan,0,0,,,,,,"",""
ball,1,17.4,Chennai Super Kings,MS Dhoni,DJ Hussey,IK Pathan,0,0,,,,,,"",""
ball,1,17.5,Chennai Super Kings,MS Dhoni,DJ Hussey,IK Pathan,1,0,,,,,,"",""
ball,1,17.6,Chennai Super Kings,DJ Hussey,MS Dhoni,IK Pathan,6,0,,,,,,"",""
ball,1,18.1,Chennai Super Kings,MS Dhoni,DJ Hussey,B Kumar,3,0,,,,,,"",""
ball,1,18.2,Chennai Super Kings,DJ Hussey,MS Dhoni,B Kumar,0,0,,,,,,"",""
ball,1,18.3,Chennai Super Kings,DJ Hussey,MS Dhoni,B Kumar,1,0,,,,,,"",""
ball,1,18.4,Chennai Super Kings,MS Dhoni,DJ Hussey,B Kumar,0,1,,,,1,,"",""
ball,1,18.5,Chennai Super Kings,DJ Hussey,MS Dhoni,B Kumar,1,0,,,,,,"",""
ball,1,18.6,Chennai Super Kings,MS Dhoni,DJ Hussey,B Kumar,1,0,,,,,,"",""
ball,1,19.1,Chennai Super Kings,MS Dhoni,DJ Hussey,DW Steyn,6,0,,,,,,"",""
ball,1,19.2,Chennai Super Kings,MS Dhoni,DJ Hussey,DW Steyn,4,0,,,,,,"",""
ball,1,19.3,Chennai Super Kings,MS Dhoni,DJ Hussey,DW Steyn,2,0,,,,,,"",""
ball,1,19.4,Chennai Super Kings,MS Dhoni,DJ Hussey,DW Steyn,6,0,,,,,,"",""
ball,1,19.5,Chennai Super Kings,MS Dhoni,DJ Hussey,DW Steyn,2,0,,,,,,"",""
ball,1,19.6,Chennai Super Kings,MS Dhoni,DJ Hussey,DW Steyn,4,0,,,,,,"",""
ball,2,0.1,Sunrisers Hyderabad,DA Warner,S Dhawan,MM Sharma,0,0,,,,,,"",""
ball,2,0.2,Sunrisers Hyderabad,DA Warner,S Dhawan,MM Sharma,0,0,,,,,,"",""
ball,2,0.3,Sunrisers Hyderabad,DA Warner,S Dhawan,MM Sharma,4,0,,,,,,"",""
ball,2,0.4,Sunrisers Hyderabad,DA Warner,S Dhawan,MM Sharma,0,0,,,,,,"",""
ball,2,0.5,Sunrisers Hyderabad,DA Warner,S Dhawan,MM Sharma,4,0,,,,,,"",""
ball,2,0.6,Sunrisers Hyderabad,DA Warner,S Dhawan,MM Sharma,2,0,,,,,,"",""
ball,2,1.1,Sunrisers Hyderabad,S Dhawan,DA Warner,R Ashwin,1,0,,,,,,"",""
ball,2,1.2,Sunrisers Hyderabad,DA Warner,S Dhawan,R Ashwin,6,0,,,,,,"",""
ball,2,1.3,Sunrisers Hyderabad,DA Warner,S Dhawan,R Ashwin,0,0,,,,,,"",""
ball,2,1.4,Sunrisers Hyderabad,DA Warner,S Dhawan,R Ashwin,0,0,,,,,,"",""
ball,2,1.5,Sunrisers Hyderabad,DA Warner,S Dhawan,R Ashwin,4,0,,,,,,"",""
ball,2,1.6,Sunrisers Hyderabad,DA Warner,S Dhawan,R Ashwin,1,0,,,,,,"",""
ball,2,2.1,Sunrisers Hyderabad,DA Warner,S Dhawan,MM Sharma,4,0,,,,,,"",""
ball,2,2.2,Sunrisers Hyderabad,DA Warner,S Dhawan,MM Sharma,4,0,,,,,,"",""
ball,2,2.3,Sunrisers Hyderabad,DA Warner,S Dhawan,MM Sharma,1,0,,,,,,"",""
ball,2,2.4,Sunrisers Hyderabad,S Dhawan,DA Warner,MM Sharma,2,0,,,,,,"",""
ball,2,2.5,Sunrisers Hyderabad,S Dhawan,DA Warner,MM Sharma,0,0,,,,,,"",""
ball,2,2.6,Sunrisers Hyderabad,S Dhawan,DA Warner,MM Sharma,1,0,,,,,,"",""
ball,2,3.1,Sunrisers Hyderabad,S Dhawan,DA Warner,JW Hastings,0,0,,,,,,"",""
ball,2,3.2,Sunrisers Hyderabad,S Dhawan,DA Warner,JW Hastings,0,0,,,,,,"",""
ball,2,3.3,Sunrisers Hyderabad,S Dhawan,DA Warner,JW Hastings,1,0,,,,,,"",""
ball,2,3.4,Sunrisers Hyderabad,DA Warner,S Dhawan,JW Hastings,0,0,,,,,,"",""
ball,2,3.5,Sunrisers Hyderabad,DA Warner,S Dhawan,JW Hastings,4,0,,,,,,"",""
ball,2,3.6,Sunrisers Hyderabad,DA Warner,S Dhawan,JW Hastings,0,0,,,,,,"",""
ball,2,4.1,Sunrisers Hyderabad,S Dhawan,DA Warner,R Ashwin,0,0,,,,,,"",""
ball,2,4.2,Sunrisers Hyderabad,S Dhawan,DA Warner,R Ashwin,1,0,,,,,,"",""
ball,2,4.3,Sunrisers Hyderabad,DA Warner,S Dhawan,R Ashwin,1,0,,,,,,"",""
ball,2,4.4,Sunrisers Hyderabad,S Dhawan,DA Warner,R Ashwin,0,0,,,,,,"",""
ball,2,4.5,Sunrisers Hyderabad,S Dhawan,DA Warner,R Ashwin,1,0,,,,,,"",""
ball,2,4.6,Sunrisers Hyderabad,DA Warner,S Dhawan,R Ashwin,1,0,,,,,,"",""
ball,2,5.1,Sunrisers Hyderabad,DA Warner,S Dhawan,JW Hastings,0,0,,,,,,"",""
ball,2,5.2,Sunrisers Hyderabad,DA Warner,S Dhawan,JW Hastings,4,0,,,,,,"",""
ball,2,5.3,Sunrisers Hyderabad,DA Warner,S Dhawan,JW Hastings,4,0,,,,,,"",""
ball,2,5.4,Sunrisers Hyderabad,DA Warner,S Dhawan,JW Hastings,4,0,,,,,,"",""
ball,2,5.5,Sunrisers Hyderabad,DA Warner,S Dhawan,JW Hastings,0,1,,1,,,,"",""
ball,2,5.6,Sunrisers Hyderabad,DA Warner,S Dhawan,JW Hastings,4,0,,,,,,"",""
ball,2,5.7,Sunrisers Hyderabad,DA Warner,S Dhawan,JW Hastings,4,0,,,,,,"",""
ball,2,6.1,Sunrisers Hyderabad,S Dhawan,DA Warner,RA Jadeja,1,0,,,,,,"",""
ball,2,6.2,Sunrisers Hyderabad,DA Warner,S Dhawan,RA Jadeja,1,0,,,,,,"",""
ball,2,6.3,Sunrisers Hyderabad,S Dhawan,DA Warner,RA Jadeja,0,0,,,,,,"",""
ball,2,6.4,Sunrisers Hyderabad,S Dhawan,DA Warner,RA Jadeja,1,0,,,,,,"",""
ball,2,6.5,Sunrisers Hyderabad,DA Warner,S Dhawan,RA Jadeja,2,0,,,,,,"",""
ball,2,6.6,Sunrisers Hyderabad,DA Warner,S Dhawan,RA Jadeja,2,0,,,,,,"",""
ball,2,7.1,Sunrisers Hyderabad,S Dhawan,DA Warner,R Ashwin,0,0,,,,,,"",""
ball,2,7.2,Sunrisers Hyderabad,S Dhawan,DA Warner,R Ashwin,1,0,,,,,,"",""
ball,2,7.3,Sunrisers Hyderabad,DA Warner,S Dhawan,R Ashwin,1,0,,,,,,"",""
ball,2,7.4,Sunrisers Hyderabad,S Dhawan,DA Warner,R Ashwin,1,0,,,,,,"",""
ball,2,7.5,Sunrisers Hyderabad,DA Warner,S Dhawan,R Ashwin,2,0,,,,,,"",""
ball,2,7.6,Sunrisers Hyderabad,DA Warner,S Dhawan,R Ashwin,0,0,,,,,,"",""
ball,2,8.1,Sunrisers Hyderabad,S Dhawan,DA Warner,RA Jadeja,1,0,,,,,,"",""
ball,2,8.2,Sunrisers Hyderabad,DA Warner,S Dhawan,RA Jadeja,0,1,1,,,,,"",""
ball,2,8.3,Sunrisers Hyderabad,DA Warner,S Dhawan,RA Jadeja,4,0,,,,,,"",""
ball,2,8.4,Sunrisers Hyderabad,DA Warner,S Dhawan,RA Jadeja,6,0,,,,,,"",""
ball,2,8.5,Sunrisers Hyderabad,DA Warner,S Dhawan,RA Jadeja,1,0,,,,,,"",""
ball,2,8.6,Sunrisers Hyderabad,S Dhawan,DA Warner,RA Jadeja,0,2,2,,,,,"",""
ball,2,8.7,Sunrisers Hyderabad,DA Warner,S Dhawan,RA Jadeja,0,0,,,,,,"",""
ball,2,8.8,Sunrisers Hyderabad,DA Warner,S Dhawan,RA Jadeja,1,0,,,,,,"",""
ball,2,9.1,Sunrisers Hyderabad,DA Warner,S Dhawan,R Ashwin,1,0,,,,,,"",""
ball,2,9.2,Sunrisers Hyderabad,S Dhawan,DA Warner,R Ashwin,1,0,,,,,,"",""
ball,2,9.3,Sunrisers Hyderabad,DA Warner,S Dhawan,R Ashwin,1,0,,,,,,"",""
ball,2,9.4,Sunrisers Hyderabad,S Dhawan,DA Warner,R Ashwin,2,0,,,,,,"",""
ball,2,9.5,Sunrisers Hyderabad,S Dhawan,DA Warner,R Ashwin,1,0,,,,,,"",""
ball,2,9.6,Sunrisers Hyderabad,DA Warner,S Dhawan,R Ashwin,2,0,,,,,,"",""
ball,2,10.1,Sunrisers Hyderabad,S Dhawan,DA Warner,P Negi,1,0,,,,,,"",""
ball,2,10.2,Sunrisers Hyderabad,DA Warner,S Dhawan,P Negi,6,0,,,,,,"",""
ball,2,10.3,Sunrisers Hyderabad,DA Warner,S Dhawan,P Negi,1,0,,,,,,"",""
ball,2,10.4,Sunrisers Hyderabad,S Dhawan,DA Warner,P Negi,1,0,,,,,,"",""
ball,2,10.5,Sunrisers Hyderabad,DA Warner,S Dhawan,P Negi,1,0,,,,,,"",""
ball,2,10.6,Sunrisers Hyderabad,S Dhawan,DA Warner,P Negi,4,0,,,,,,"",""
ball,2,11.1,Sunrisers Hyderabad,DA Warner,S Dhawan,JW Hastings,2,0,,,,,,"",""
ball,2,11.2,Sunrisers Hyderabad,DA Warner,S Dhawan,JW Hastings,0,0,,,,,,bowled,DA Warner
ball,2,11.3,Sunrisers Hyderabad,NV Ojha,S Dhawan,JW Hastings,0,0,,,,,,"",""
ball,2,11.4,Sunrisers Hyderabad,NV Ojha,S Dhawan,JW Hastings,0,0,,,,,,"",""
ball,2,11.5,Sunrisers Hyderabad,NV Ojha,S Dhawan,JW Hastings,1,0,,,,,,"",""
ball,2,11.6,Sunrisers Hyderabad,S Dhawan,NV Ojha,JW Hastings,0,0,,,,,,"",""
ball,2,12.1,Sunrisers Hyderabad,NV Ojha,S Dhawan,P Negi,1,0,,,,,,"",""
ball,2,12.2,Sunrisers Hyderabad,S Dhawan,NV Ojha,P Negi,2,0,,,,,,"",""
ball,2,12.3,Sunrisers Hyderabad,S Dhawan,NV Ojha,P Negi,1,0,,,,,,"",""
ball,2,12.4,Sunrisers Hyderabad,NV Ojha,S Dhawan,P Negi,0,0,,,,,,"",""
ball,2,12.5,Sunrisers Hyderabad,NV Ojha,S Dhawan,P Negi,1,0,,,,,,"",""
ball,2,12.6,Sunrisers Hyderabad,S Dhawan,NV Ojha,P Negi,1,0,,,,,,"",""
ball,2,13.1,Sunrisers Hyderabad,S Dhawan,NV Ojha,RA Jadeja,4,0,,,,,,"",""
ball,2,13.2,Sunrisers Hyderabad,S Dhawan,NV Ojha,RA Jadeja,6,0,,,,,,"",""
ball,2,13.3,Sunrisers Hyderabad,S Dhawan,NV Ojha,RA Jadeja,2,0,,,,,,"",""
ball,2,13.4,Sunrisers Hyderabad,S Dhawan,NV Ojha,RA Jadeja,1,0,,,,,,"",""
ball,2,13.5,Sunrisers Hyderabad,NV Ojha,S Dhawan,RA Jadeja,0,0,,,,,,"",""
ball,2,13.6,Sunrisers Hyderabad,NV Ojha,S Dhawan,RA Jadeja,1,0,,,,,,"",""
ball,2,14.1,Sunrisers Hyderabad,NV Ojha,S Dhawan,P Negi,6,0,,,,,,"",""
ball,2,14.2,Sunrisers Hyderabad,NV Ojha,S Dhawan,P Negi,1,0,,,,,,"",""
ball,2,14.3,Sunrisers Hyderabad,S Dhawan,NV Ojha,P Negi,1,0,,,,,,"",""
ball,2,14.4,Sunrisers Hyderabad,NV Ojha,S Dhawan,P Negi,1,0,,,,,,"",""
ball,2,14.5,Sunrisers Hyderabad,S Dhawan,NV Ojha,P Negi,1,0,,,,,,"",""
ball,2,14.6,Sunrisers Hyderabad,NV Ojha,S Dhawan,P Negi,1,0,,,,,,"",""
ball,2,15.1,Sunrisers Hyderabad,NV Ojha,S Dhawan,SK Raina,1,0,,,,,,"",""
ball,2,15.2,Sunrisers Hyderabad,S Dhawan,NV Ojha,SK Raina,6,0,,,,,,"",""
ball,2,15.3,Sunrisers Hyderabad,S Dhawan,NV Ojha,SK Raina,0,0,,,,,,"",""
ball,2,15.4,Sunrisers Hyderabad,S Dhawan,NV Ojha,SK Raina,0,0,,,,,,"",""
ball,2,15.5,Sunrisers Hyderabad,S Dhawan,NV Ojha,SK Raina,1,0,,,,,,"",""
ball,2,15.6,Sunrisers Hyderabad,NV Ojha,S Dhawan,SK Raina,1,0,,,,,,"",""
ball,2,16.1,Sunrisers Hyderabad,NV Ojha,S Dhawan,MM Sharma,1,0,,,,,,"",""
ball,2,16.2,Sunrisers Hyderabad,S Dhawan,NV Ojha,MM Sharma,0,0,,,,,,"",""
ball,2,16.3,Sunrisers Hyderabad,S Dhawan,NV Ojha,MM Sharma,2,0,,,,,,"",""
ball,2,16.4,Sunrisers Hyderabad,S Dhawan,NV Ojha,MM Sharma,4,0,,,,,,"",""
ball,2,16.5,Sunrisers Hyderabad,S Dhawan,NV Ojha,MM Sharma,1,0,,,,,,"",""
ball,2,16.6,Sunrisers Hyderabad,NV Ojha,S Dhawan,MM Sharma,3,0,,,,,,"",""
ball,2,17.1,Sunrisers Hyderabad,NV Ojha,S Dhawan,SK Raina,0,0,,,,,,"",""
ball,2,17.2,Sunrisers Hyderabad,NV Ojha,S Dhawan,SK Raina,0,0,,,,,,caught,NV Ojha
ball,2,17.3,Sunrisers Hyderabad,S Dhawan,AJ Finch,SK Raina,1,0,,,,,,"",""
ball,2,17.4,Sunrisers Hyderabad,AJ Finch,S Dhawan,SK Raina,6,0,,,,,,"",""
ball,2,17.5,Sunrisers Hyderabad,AJ Finch,S Dhawan,SK Raina,1,0,,,,,,"",""
ball,2,17.6,Sunrisers Hyderabad,S Dhawan,AJ Finch,SK Raina,0,0,,,,,,"",""
ball,2,18.1,Sunrisers Hyderabad,AJ Finch,S Dhawan,P Negi,0,0,,,,,,run out,AJ Finch
ball,2,18.2,Sunrisers Hyderabad,S Dhawan,DJG Sammy,P Negi,1,0,,,,,,"",""
ball,2,18.3,Sunrisers Hyderabad,DJG Sammy,S Dhawan,P Negi,0,1,,,,1,,"",""
ball,2,18.4,Sunrisers Hyderabad,S Dhawan,DJG Sammy,P Negi,4,0,,,,,,"",""
ball,2,18.5,Sunrisers Hyderabad,S Dhawan,DJG Sammy,P Negi,0,0,,,,,,"",""
ball,2,18.6,Sunrisers Hyderabad,S Dhawan,DJG Sammy,P Negi,2,0,,,,,,"",""
ball,2,19.1,Sunrisers Hyderabad,DJG Sammy,S Dhawan,RA Jadeja,0,0,,,,,,"",""
ball,2,19.2,Sunrisers Hyderabad,DJG Sammy,S Dhawan,RA Jadeja,0,0,,,,,,caught,DJG Sammy
ball,2,19.3,Sunrisers Hyderabad,S Dhawan,Y Venugopal Rao,RA Jadeja,1,0,,,,,,"",""
ball,2,19.4,Sunrisers Hyderabad,Y Venugopal Rao,S Dhawan,RA Jadeja,4,0,,,,,,"",""
