version,1.6.0
info,balls_per_over,6
info,team,Sunrisers Hyderabad
info,team,Kings XI Punjab
info,gender,male
info,season,2014
info,date,2014/05/14
info,event,Indian Premier League
info,match_number,39
info,venue,"Rajiv Gandhi International Stadium, Uppal"
info,city,Hyderabad
info,toss_winner,Kings XI Punjab
info,toss_decision,field
info,player_of_match,WP Saha
info,umpire,VA Kulkarni
info,umpire,PG Pathak
info,reserve_umpire,A Nand Kishore
info,tv_umpire,HDPK Dharmasena
info,match_referee,RS Mahanama
info,winner,Kings XI Punjab
info,winner_wickets,6
info,player,Kings XI Punjab,V Sehwag
info,player,Kings XI Punjab,M Vohra
info,player,Kings XI Punjab,WP Saha
info,player,Kings XI Punjab,GJ Maxwell
info,player,Kings XI Punjab,DA Miller
info,player,Kings XI Punjab,GJ Bailey
info,player,Kings XI Punjab,AR Patel
info,player,Kings XI Punjab,MG Johnson
info,player,Kings XI Punjab,Shivam Sharma
info,player,Kings XI Punjab,R Dhawan
info,player,Kings XI Punjab,Sandeep Sharma
info,player,Sunrisers Hyderabad,AJ Finch
info,player,Sunrisers Hyderabad,S Dhawan
info,player,Sunrisers Hyderabad,NV Ojha
info,player,Sunrisers Hyderabad,DA Warner
info,player,Sunrisers Hyderabad,MC Henriques
info,player,Sunrisers Hyderabad,IK Pathan
info,player,Sunrisers Hyderabad,KV Sharma
info,player,Sunrisers Hyderabad,KL Rahul
info,player,Sunrisers Hyderabad,DW Steyn
info,player,Sunrisers Hyderabad,A Mishra
info,player,Sunrisers Hyderabad,B Kumar
info,registry,people,A Mishra,6b19d823
info,registry,people,A Nand Kishore,84424f4f
info,registry,people,AJ Finch,b8d490fd
info,registry,people,AR Patel,2e171977
info,registry,people,B Kumar,2e81a32d
info,registry,people,DA Miller,d67d5f00
info,registry,people,DA Warner,dcce6f09
info,registry,people,DW Steyn,8fd1a8f5
info,registry,people,GJ Bailey,5056011d
info,registry,people,GJ Maxwell,b681e71e
info,registry,people,HDPK Dharmasena,323e4c16
info,registry,people,IK Pathan,5fa06777
info,registry,people,KL Rahul,b17e2f24
info,registry,people,KV Sharma,119678fd
info,registry,people,M Vohra,c03e2850
info,registry,people,MC Henriques,32198ae0
info,registry,people,MG Johnson,f5180fe6
info,registry,people,NV Ojha,890946a0
info,registry,people,PG Pathak,9f772ec5
info,registry,people,R Dhawan,26a85969
info,registry,people,RS Mahanama,57910393
info,registry,people,S Dhawan,0a476045
info,registry,people,Sandeep Sharma,ce820073
info,registry,people,Shivam Sharma,6f49cc6e
info,registry,people,V Sehwag,8ba8195d
info,registry,people,VA Kulkarni,8fe0c4f8
info,registry,people,WP Saha,fe11caa6
ball,1,0.1,Sunrisers Hyderabad,AJ Finch,S Dhawan,Sandeep Sharma,4,0,,,,,,"",""
ball,1,0.2,Sunrisers Hyderabad,AJ Finch,S Dhawan,Sandeep Sharma,1,0,,,,,,"",""
ball,1,0.3,Sunrisers Hyderabad,S Dhawan,AJ Finch,Sandeep Sharma,0,0,,,,,,"",""
ball,1,0.4,Sunrisers Hyderabad,S Dhawan,AJ Finch,Sandeep Sharma,0,0,,,,,,"",""
ball,1,0.5,Sunrisers Hyderabad,S Dhawan,AJ Finch,Sandeep Sharma,0,0,,,,,,"",""
ball,1,0.6,Sunrisers Hyderabad,S Dhawan,AJ Finch,Sandeep Sharma,1,0,,,,,,"",""
ball,1,1.1,Sunrisers Hyderabad,S Dhawan,AJ Finch,MG Johnson,1,0,,,,,,"",""
ball,1,1.2,Sunrisers Hyderabad,AJ Finch,S Dhawan,MG Johnson,1,0,,,,,,"",""
ball,1,1.3,Sunrisers Hyderabad,S Dhawan,AJ Finch,MG Johnson,0,1,1,,,,,"",""
ball,1,1.4,Sunrisers Hyderabad,S Dhawan,AJ Finch,MG Johnson,0,0,,,,,,"",""
ball,1,1.5,Sunrisers Hyderabad,S Dhawan,AJ Finch,MG Johnson,0,0,,,,,,"",""
ball,1,1.6,Sunrisers Hyderabad,S Dhawan,AJ Finch,MG Johnson,0,0,,,,,,"",""
ball,1,1.7,Sunrisers Hyderabad,S Dhawan,AJ Finch,MG Johnson,1,0,,,,,,"",""
ball,1,2.1,Sunrisers Hyderabad,S Dhawan,AJ Finch,Sandeep Sharma,1,0,,,,,,"",""
ball,1,2.2,Sunrisers Hyderabad,AJ Finch,S Dhawan,Sandeep Sharma,4,0,,,,,,"",""
ball,1,2.3,Sunrisers Hyderabad,AJ Finch,S Dhawan,Sandeep Sharma,0,0,,,,,,"",""
ball,1,2.4,Sunrisers Hyderabad,AJ Finch,S Dhawan,Sandeep Sharma,1,0,,,,,,"",""
ball,1,2.5,Sunrisers Hyderabad,S Dhawan,AJ Finch,Sandeep Sharma,0,1,,,,1,,"",""
ball,1,2.6,Sunrisers Hyderabad,AJ Finch,S Dhawan,Sandeep Sharma,1,0,,,,,,"",""
ball,1,3.1,Sunrisers Hyderabad,AJ Finch,S Dhawan,MG Johnson,0,0,,,,,,"",""
ball,1,3.2,Sunrisers Hyderabad,AJ Finch,S Dhawan,MG Johnson,0,1,1,,,,,"",""
ball,1,3.3,Sunrisers Hyderabad,AJ Finch,S Dhawan,MG Johnson,0,0,,,,,,"",""
ball,1,3.4,Sunrisers Hyderabad,AJ Finch,S Dhawan,MG Johnson,2,0,,,,,,"",""
ball,1,3.5,Sunrisers Hyderabad,AJ Finch,S Dhawan,MG Johnson,0,0,,,,,,"",""
ball,1,3.6,Sunrisers Hyderabad,AJ Finch,S Dhawan,MG Johnson,0,1,1,,,,,"",""
ball,1,3.7,Sunrisers Hyderabad,AJ Finch,S Dhawan,MG Johnson,1,0,,,,,,"",""
ball,1,3.8,Sunrisers Hyderabad,S Dhawan,AJ Finch,MG Johnson,0,0,,,,,,"",""
ball,1,4.1,Sunrisers Hyderabad,AJ Finch,S Dhawan,Sandeep Sharma,1,1,,1,,,,"",""
ball,1,4.2,Sunrisers Hyderabad,S Dhawan,AJ Finch,Sandeep Sharma,4,1,,1,,,,"",""
ball,1,4.3,Sunrisers Hyderabad,S Dhawan,AJ Finch,Sandeep Sharma,0,0,,,,,,"",""
ball,1,4.4,Sunrisers Hyderabad,S Dhawan,AJ Finch,Sandeep Sharma,4,0,,,,,,"",""
ball,1,4.5,Sunrisers Hyderabad,S Dhawan,AJ Finch,Sandeep Sharma,6,0,,,,,,"",""
ball,1,4.6,Sunrisers Hyderabad,S Dhawan,AJ Finch,Sandeep Sharma,4,0,,,,,,"",""
ball,1,4.7,Sunrisers Hyderabad,S Dhawan,AJ Finch,Sandeep Sharma,4,0,,,,,,"",""
ball,1,4.8,Sunrisers Hyderabad,S Dhawan,AJ Finch,Sandeep Sharma,1,0,,,,,,"",""
ball,1,5.1,Sunrisers Hyderabad,S Dhawan,AJ Finch,MG Johnson,0,0,,,,,,"",""
ball,1,5.2,Sunrisers Hyderabad,S Dhawan,AJ Finch,MG Johnson,4,0,,,,,,"",""
ball,1,5.3,Sunrisers Hyderabad,S Dhawan,AJ Finch,MG Johnson,0,0,,,,,,"",""
ball,1,5.4,Sunrisers Hyderabad,S Dhawan,AJ Finch,MG Johnson,1,0,,,,,,"",""
ball,1,5.5,Sunrisers Hyderabad,AJ Finch,S Dhawan,MG Johnson,0,0,,,,,,"",""
ball,1,5.6,Sunrisers Hyderabad,AJ Finch,S Dhawan,MG Johnson,1,0,,,,,,"",""
ball,1,6.1,Sunrisers Hyderabad,AJ Finch,S Dhawan,Shivam Sharma,0,0,,,,,,"",""
ball,1,6.2,Sunrisers Hyderabad,AJ Finch,S Dhawan,Shivam Sharma,0,0,,,,,,"",""
ball,1,6.3,Sunrisers Hyderabad,AJ Finch,S Dhawan,Shivam Sharma,0,0,,,,,,"",""
ball,1,6.4,Sunrisers Hyderabad,AJ Finch,S Dhawan,Shivam Sharma,0,0,,,,,,"",""
ball,1,6.5,Sunrisers Hyderabad,AJ Finch,S Dhawan,Shivam Sharma,0,0,,,,,,"",""
ball,1,6.6,Sunrisers Hyderabad,AJ Finch,S Dhawan,Shivam Sharma,2,0,,,,,,"",""
ball,1,7.1,Sunrisers Hyderabad,S Dhawan,AJ Finch,AR Patel,0,0,,,,,,"",""
ball,1,7.2,Sunrisers Hyderabad,S Dhawan,AJ Finch,AR Patel,1,0,,,,,,"",""
ball,1,7.3,Sunrisers Hyderabad,AJ Finch,S Dhawan,AR Patel,1,0,,,,,,"",""
ball,1,7.4,Sunrisers Hyderabad,S Dhawan,AJ Finch,AR Patel,0,0,,,,,,"",""
ball,1,7.5,Sunrisers Hyderabad,S Dhawan,AJ Finch,AR Patel,6,0,,,,,,"",""
ball,1,7.6,Sunrisers Hyderabad,S Dhawan,AJ Finch,AR Patel,0,0,,,,,,"",""
ball,1,8.1,Sunrisers Hyderabad,AJ Finch,S Dhawan,Shivam Sharma,0,0,,,,,,bowled,AJ Finch
ball,1,8.2,Sunrisers Hyderabad,NV Ojha,S Dhawan,Shivam Sharma,0,0,,,,,,"",""
ball,1,8.3,Sunrisers Hyderabad,NV Ojha,S Dhawan,Shivam Sharma,0,0,,,,,,"",""
ball,1,8.4,Sunrisers Hyderabad,NV Ojha,S Dhawan,Shivam Sharma,1,0,,,,,,"",""
ball,1,8.5,Sunrisers Hyderabad,S Dhawan,NV Ojha,Shivam Sharma,0,0,,,,,,"",""
ball,1,8.6,Sunrisers Hyderabad,S Dhawan,NV Ojha,Shivam Sharma,1,0,,,,,,"",""
ball,1,9.1,Sunrisers Hyderabad,S Dhawan,NV Ojha,R Dhawan,1,0,,,,,,"",""
ball,1,9.2,Sunrisers Hyderabad,NV Ojha,S Dhawan,R Dhawan,1,0,,,,,,"",""
ball,1,9.3,Sunrisers Hyderabad,S Dhawan,NV Ojha,R Dhawan,1,0,,,,,,"",""
ball,1,9.4,Sunrisers Hyderabad,NV Ojha,S Dhawan,R Dhawan,0,0,,,,,,"",""
ball,1,9.5,Sunrisers Hyderabad,NV Ojha,S Dhawan,R Dhawan,1,0,,,,,,"",""
ball,1,9.6,Sunrisers Hyderabad,S Dhawan,NV Ojha,R Dhawan,1,0,,,,,,"",""
ball,1,10.1,Sunrisers Hyderabad,S Dhawan,NV Ojha,Shivam Sharma,1,0,,,,,,"",""
ball,1,10.2,Sunrisers Hyderabad,NV Ojha,S Dhawan,Shivam Sharma,6,0,,,,,,"",""
ball,1,10.3,Sunrisers Hyderabad,NV Ojha,S Dhawan,Shivam Sharma,2,0,,,,,,"",""
ball,1,10.4,Sunrisers Hyderabad,NV Ojha,S Dhawan,Shivam Sharma,1,0,,,,,,"",""
ball,1,10.5,Sunrisers Hyderabad,S Dhawan,NV Ojha,Shivam Sharma,0,0,,,,,,"",""
ball,1,10.6,Sunrisers Hyderabad,S Dhawan,NV Ojha,Shivam Sharma,1,0,,,,,,"",""
ball,1,11.1,Sunrisers Hyderabad,S Dhawan,NV Ojha,R Dhawan,0,5,5,,,,,"",""
ball,1,11.2,Sunrisers Hyderabad,S Dhawan,NV Ojha,R Dhawan,0,0,,,,,,caught,S Dhawan
ball,1,11.3,Sunrisers Hyderabad,DA Warner,NV Ojha,R Dhawan,1,0,,,,,,"",""
ball,1,11.4,Sunrisers Hyderabad,NV Ojha,DA Warner,R Dhawan,1,0,,,,,,"",""
ball,1,11.5,Sunrisers Hyderabad,DA Warner,NV Ojha,R Dhawan,0,0,,,,,,"",""
ball,1,11.6,Sunrisers Hyderabad,DA Warner,NV Ojha,R Dhawan,1,0,,,,,,"",""
ball,1,11.7,Sunrisers Hyderabad,NV Ojha,DA Warner,R Dhawan,1,0,,,,,,"",""
ball,1,12.1,Sunrisers Hyderabad,NV Ojha,DA Warner,Shivam Sharma,0,0,,,,,,"",""
ball,1,12.2,Sunrisers Hyderabad,NV Ojha,DA Warner,Shivam Sharma,1,0,,,,,,"",""
ball,1,12.3,Sunrisers Hyderabad,DA Warner,NV Ojha,Shivam Sharma,2,0,,,,,,"",""
ball,1,12.4,Sunrisers Hyderabad,DA Warner,NV Ojha,Shivam Sharma,1,0,,,,,,"",""
ball,1,12.5,Sunrisers Hyderabad,NV Ojha,DA Warner,Shivam Sharma,6,0,,,,,,"",""
ball,1,12.6,Sunrisers Hyderabad,NV Ojha,DA Warner,Shivam Sharma,6,0,,,,,,"",""
ball,1,13.1,Sunrisers Hyderabad,DA Warner,NV Ojha,AR Patel,0,0,,,,,,"",""
ball,1,13.2,Sunrisers Hyderabad,DA Warner,NV Ojha,AR Patel,0,0,,,,,,"",""
ball,1,13.3,Sunrisers Hyderabad,DA Warner,NV Ojha,AR Patel,1,0,,,,,,"",""
ball,1,13.4,Sunrisers Hyderabad,NV Ojha,DA Warner,AR Patel,1,0,,,,,,"",""
ball,1,13.5,Sunrisers Hyderabad,DA Warner,NV Ojha,AR Patel,0,0,,,,,,"",""
ball,1,13.6,Sunrisers Hyderabad,DA Warner,NV Ojha,AR Patel,1,0,,,,,,"",""
ball,1,14.1,Sunrisers Hyderabad,DA Warner,NV Ojha,R Dhawan,6,0,,,,,,"",""
ball,1,14.2,Sunrisers Hyderabad,DA Warner,NV Ojha,R Dhawan,1,0,,,,,,"",""
ball,1,14.3,Sunrisers Hyderabad,NV Ojha,DA Warner,R Dhawan,0,0,,,,,,"",""
ball,1,14.4,Sunrisers Hyderabad,NV Ojha,DA Warner,R Dhawan,6,0,,,,,,"",""
ball,1,14.5,Sunrisers Hyderabad,NV Ojha,DA Warner,R Dhawan,1,0,,,,,,"",""
ball,1,14.6,Sunrisers Hyderabad,DA Warner,NV Ojha,R Dhawan,2,0,,,,,,"",""
ball,1,15.1,Sunrisers Hyderabad,NV Ojha,DA Warner,AR Patel,1,0,,,,,,"",""
ball,1,15.2,Sunrisers Hyderabad,DA Warner,NV Ojha,AR Patel,1,0,,,,,,"",""
ball,1,15.3,Sunrisers Hyderabad,NV Ojha,DA Warner,AR Patel,0,0,,,,,,"",""
ball,1,15.4,Sunrisers Hyderabad,NV Ojha,DA Warner,AR Patel,4,0,,,,,,"",""
ball,1,15.5,Sunrisers Hyderabad,NV Ojha,DA Warner,AR Patel,4,0,,,,,,"",""
ball,1,15.6,Sunrisers Hyderabad,NV Ojha,DA Warner,AR Patel,1,0,,,,,,"",""
ball,1,16.1,Sunrisers Hyderabad,NV Ojha,DA Warner,MG Johnson,1,0,,,,,,"",""
ball,1,16.2,Sunrisers Hyderabad,DA Warner,NV Ojha,MG Johnson,4,0,,,,,,"",""
ball,1,16.3,Sunrisers Hyderabad,DA Warner,NV Ojha,MG Johnson,0,0,,,,,,"",""
ball,1,16.4,Sunrisers Hyderabad,DA Warner,NV Ojha,MG Johnson,4,0,,,,,,"",""
ball,1,16.5,Sunrisers Hyderabad,DA Warner,NV Ojha,MG Johnson,1,0,,,,,,"",""
ball,1,16.6,Sunrisers Hyderabad,NV Ojha,DA Warner,MG Johnson,1,0,,,,,,"",""
ball,1,17.1,Sunrisers Hyderabad,NV Ojha,DA Warner,AR Patel,0,0,,,,,,"",""
ball,1,17.2,Sunrisers Hyderabad,NV Ojha,DA Warner,AR Patel,1,0,,,,,,"",""
ball,1,17.3,Sunrisers Hyderabad,DA Warner,NV Ojha,AR Patel,6,0,,,,,,"",""
ball,1,17.4,Sunrisers Hyderabad,DA Warner,NV Ojha,AR Patel,4,0,,,,,,"",""
ball,1,17.5,Sunrisers Hyderabad,DA Warner,NV Ojha,AR Patel,6,0,,,,,,"",""
ball,1,17.6,Sunrisers Hyderabad,DA Warner,NV Ojha,AR Patel,1,0,,,,,,"",""
ball,1,18.1,Sunrisers Hyderabad,DA Warner,NV Ojha,Sandeep Sharma,0,1,1,,,,,"",""
ball,1,18.2,Sunrisers Hyderabad,DA Warner,NV Ojha,Sandeep Sharma,1,0,,,,,,run out,DA Warner
ball,1,18.3,Sunrisers Hyderabad,NV Ojha,MC Henriques,Sandeep Sharma,4,0,,,,,,"",""
ball,1,18.4,Sunrisers Hyderabad,NV Ojha,MC Henriques,Sandeep Sharma,6,1,,1,,,,"",""
ball,1,18.5,Sunrisers Hyderabad,NV Ojha,MC Henriques,Sandeep Sharma,3,0,,,,,,"",""
ball,1,18.6,Sunrisers Hyderabad,MC Henriques,NV Ojha,Sandeep Sharma,0,0,,,,,,caught,MC Henriques
ball,1,18.7,Sunrisers Hyderabad,NV Ojha,IK Pathan,Sandeep Sharma,4,0,,,,,,"",""
ball,1,18.8,Sunrisers Hyderabad,NV Ojha,IK Pathan,Sandeep Sharma,6,0,,,,,,"",""
ball,1,19.1,Sunrisers Hyderabad,IK Pathan,NV Ojha,R Dhawan,1,0,,,,,,"",""
ball,1,19.2,Sunrisers Hyderabad,NV Ojha,IK Pathan,R Dhawan,0,2,2,,,,,"",""
ball,1,19.3,Sunrisers Hyderabad,IK Pathan,NV Ojha,R Dhawan,0,0,,,,,,caught,IK Pathan
ball,1,19.4,Sunrisers Hyderabad,NV Ojha,KV Sharma,R Dhawan,1,0,,,,,,"",""
ball,1,19.5,Sunrisers Hyderabad,KV Sharma,NV Ojha,R Dhawan,1,0,,,,,,"",""
ball,1,19.6,Sunrisers Hyderabad,NV Ojha,KV Sharma,R Dhawan,6,0,,,,,,"",""
ball,1,19.7,Sunrisers Hyderabad,NV Ojha,KV Sharma,R Dhawan,1,0,,,,,,"",""
ball,2,0.1,Kings XI Punjab,V Sehwag,M Vohra,B Kumar,4,0,,,,,,"",""
ball,2,0.2,Kings XI Punjab,V Sehwag,M Vohra,B Kumar,0,0,,,,,,caught and bowled,V Sehwag
ball,2,0.3,Kings XI Punjab,WP Saha,M Vohra,B Kumar,0,0,,,,,,"",""
ball,2,0.4,Kings XI Punjab,WP Saha,M Vohra,B Kumar,0,0,,,,,,"",""
ball,2,0.5,Kings XI Punjab,WP Saha,M Vohra,B Kumar,0,0,,,,,,"",""
ball,2,0.6,Kings XI Punjab,WP Saha,M Vohra,B Kumar,4,0,,,,,,"",""
ball,2,1.1,Kings XI Punjab,M Vohra,WP Saha,DW Steyn,0,0,,,,,,"",""
ball,2,1.2,Kings XI Punjab,M Vohra,WP Saha,DW Steyn,3,0,,,,,,"",""
ball,2,1.3,Kings XI Punjab,WP Saha,M Vohra,DW Steyn,2,0,,,,,,"",""
ball,2,1.4,Kings XI Punjab,WP Saha,M Vohra,DW Steyn,4,0,,,,,,"",""
ball,2,1.5,Kings XI Punjab,WP Saha,M Vohra,DW Steyn,0,1,,,,1,,"",""
ball,2,1.6,Kings XI Punjab,M Vohra,WP Saha,DW Steyn,6,0,,,,,,"",""
ball,2,2.1,Kings XI Punjab,WP Saha,M Vohra,B Kumar,2,0,,,,,,"",""
ball,2,2.2,Kings XI Punjab,WP Saha,M Vohra,B Kumar,4,0,,,,,,"",""
ball,2,2.3,Kings XI Punjab,WP Saha,M Vohra,B Kumar,0,0,,,,,,"",""
ball,2,2.4,Kings XI Punjab,WP Saha,M Vohra,B Kumar,4,0,,,,,,"",""
ball,2,2.5,Kings XI Punjab,WP Saha,M Vohra,B Kumar,4,0,,,,,,"",""
ball,2,2.6,Kings XI Punjab,WP Saha,M Vohra,B Kumar,1,0,,,,,,"",""
ball,2,3.1,Kings XI Punjab,WP Saha,M Vohra,MC Henriques,0,0,,,,,,"",""
ball,2,3.2,Kings XI Punjab,WP Saha,M Vohra,MC Henriques,6,0,,,,,,"",""
ball,2,3.3,Kings XI Punjab,WP Saha,M Vohra,MC Henriques,1,0,,,,,,"",""
ball,2,3.4,Kings XI Punjab,M Vohra,WP Saha,MC Henriques,4,0,,,,,,"",""
ball,2,3.5,Kings XI Punjab,M Vohra,WP Saha,MC Henriques,4,0,,,,,,"",""
ball,2,3.6,Kings XI Punjab,M Vohra,WP Saha,MC Henriques,1,0,,,,,,"",""
ball,2,4.1,Kings XI Punjab,M Vohra,WP Saha,KV Sharma,1,0,,,,,,"",""
ball,2,4.2,Kings XI Punjab,WP Saha,M Vohra,KV Sharma,0,0,,,,,,"",""
ball,2,4.3,Kings XI Punjab,WP Saha,M Vohra,KV Sharma,1,0,,,,,,"",""
ball,2,4.4,Kings XI Punjab,M Vohra,WP Saha,KV Sharma,1,0,,,,,,"",""
ball,2,4.5,Kings XI Punjab,WP Saha,M Vohra,KV Sharma,4,0,,,,,,"",""
ball,2,4.6,Kings XI Punjab,WP Saha,M Vohra,KV Sharma,4,0,,,,,,"",""
ball,2,5.1,Kings XI Punjab,M Vohra,WP Saha,MC Henriques,4,0,,,,,,"",""
ball,2,5.2,Kings XI Punjab,M Vohra,WP Saha,MC Henriques,4,0,,,,,,"",""
ball,2,5.3,Kings XI Punjab,M Vohra,WP Saha,MC Henriques,1,0,,,,,,"",""
ball,2,5.4,Kings XI Punjab,WP Saha,M Vohra,MC Henriques,6,0,,,,,,"",""
ball,2,5.5,Kings XI Punjab,WP Saha,M Vohra,MC Henriques,4,0,,,,,,"",""
ball,2,5.6,Kings XI Punjab,WP Saha,M Vohra,MC Henriques,1,0,,,,,,"",""
ball,2,6.1,Kings XI Punjab,WP Saha,M Vohra,A Mishra,1,0,,,,,,"",""
ball,2,6.2,Kings XI Punjab,M Vohra,WP Saha,A Mishra,1,0,,,,,,"",""
ball,2,6.3,Kings XI Punjab,WP Saha,M Vohra,A Mishra,1,0,,,,,,"",""
ball,2,6.4,Kings XI Punjab,M Vohra,WP Saha,A Mishra,0,0,,,,,,"",""
ball,2,6.5,Kings XI Punjab,M Vohra,WP Saha,A Mishra,2,0,,,,,,"",""
ball,2,6.6,Kings XI Punjab,M Vohra,WP Saha,A Mishra,4,0,,,,,,"",""
ball,2,7.1,Kings XI Punjab,WP Saha,M Vohra,KV Sharma,0,0,,,,,,stumped,WP Saha
ball,2,7.2,Kings XI Punjab,GJ Maxwell,M Vohra,KV Sharma,0,0,,,,,,"",""
ball,2,7.3,Kings XI Punjab,GJ Maxwell,M Vohra,KV Sharma,6,0,,,,,,"",""
ball,2,7.4,Kings XI Punjab,GJ Maxwell,M Vohra,KV Sharma,6,0,,,,,,"",""
ball,2,7.5,Kings XI Punjab,GJ Maxwell,M Vohra,KV Sharma,0,0,,,,,,"",""
ball,2,7.6,Kings XI Punjab,GJ Maxwell,M Vohra,KV Sharma,6,0,,,,,,"",""
ball,2,8.1,Kings XI Punjab,M Vohra,GJ Maxwell,DW Steyn,2,0,,,,,,"",""
ball,2,8.2,Kings XI Punjab,M Vohra,GJ Maxwell,DW Steyn,0,0,,,,,,"",""
ball,2,8.3,Kings XI Punjab,M Vohra,GJ Maxwell,DW Steyn,2,0,,,,,,"",""
ball,2,8.4,Kings XI Punjab,M Vohra,GJ Maxwell,DW Steyn,6,0,,,,,,"",""
ball,2,8.5,Kings XI Punjab,M Vohra,GJ Maxwell,DW Steyn,1,0,,,,,,"",""
ball,2,8.6,Kings XI Punjab,GJ Maxwell,M Vohra,DW Steyn,0,1,,,,1,,"",""
ball,2,9.1,Kings XI Punjab,GJ Maxwell,M Vohra,B Kumar,0,0,,,,,,run out,M Vohra
ball,2,9.2,Kings XI Punjab,GJ Maxwell,DA Miller,B Kumar,1,0,,,,,,"",""
ball,2,9.3,Kings XI Punjab,DA Miller,GJ Maxwell,B Kumar,0,0,,,,,,"",""
ball,2,9.4,Kings XI Punjab,DA Miller,GJ Maxwell,B Kumar,1,0,,,,,,"",""
ball,2,9.5,Kings XI Punjab,GJ Maxwell,DA Miller,B Kumar,0,0,,,,,,"",""
ball,2,9.6,Kings XI Punjab,GJ Maxwell,DA Miller,B Kumar,4,0,,,,,,"",""
ball,2,10.1,Kings XI Punjab,DA Miller,GJ Maxwell,A Mishra,1,0,,,,,,"",""
ball,2,10.2,Kings XI Punjab,GJ Maxwell,DA Miller,A Mishra,0,1,,1,,,,"",""
ball,2,10.3,Kings XI Punjab,DA Miller,GJ Maxwell,A Mishra,2,0,,,,,,"",""
ball,2,10.4,Kings XI Punjab,DA Miller,GJ Maxwell,A Mishra,1,0,,,,,,"",""
ball,2,10.5,Kings XI Punjab,GJ Maxwell,DA Miller,A Mishra,4,0,,,,,,"",""
ball,2,10.6,Kings XI Punjab,GJ Maxwell,DA Miller,A Mishra,0,0,,,,,,"",""
ball,2,10.7,Kings XI Punjab,GJ Maxwell,DA Miller,A Mishra,1,0,,,,,,"",""
ball,2,11.1,Kings XI Punjab,GJ Maxwell,DA Miller,KV Sharma,1,0,,,,,,"",""
ball,2,11.2,Kings XI Punjab,DA Miller,GJ Maxwell,KV Sharma,1,0,,,,,,"",""
ball,2,11.3,Kings XI Punjab,GJ Maxwell,DA Miller,KV Sharma,6,0,,,,,,"",""
ball,2,11.4,Kings XI Punjab,GJ Maxwell,DA Miller,KV Sharma,6,0,,,,,,"",""
ball,2,11.5,Kings XI Punjab,GJ Maxwell,DA Miller,KV Sharma,0,0,,,,,,"",""
ball,2,11.6,Kings XI Punjab,GJ Maxwell,DA Miller,KV Sharma,1,0,,,,,,"",""
ball,2,12.1,Kings XI Punjab,GJ Maxwell,DA Miller,DW Steyn,0,0,,,,,,"",""
ball,2,12.2,Kings XI Punjab,GJ Maxwell,DA Miller,DW Steyn,1,0,,,,,,"",""
ball,2,12.3,Kings XI Punjab,DA Miller,GJ Maxwell,DW Steyn,0,0,,,,,,"",""
ball,2,12.4,Kings XI Punjab,DA Miller,GJ Maxwell,DW Steyn,2,0,,,,,,"",""
ball,2,12.5,Kings XI Punjab,DA Miller,GJ Maxwell,DW Steyn,0,0,,,,,,"",""
ball,2,12.6,Kings XI Punjab,DA Miller,GJ Maxwell,DW Steyn,0,0,,,,,,"",""
ball,2,13.1,Kings XI Punjab,GJ Maxwell,DA Miller,A Mishra,0,0,,,,,,caught,GJ Maxwell
ball,2,13.2,Kings XI Punjab,DA Miller,GJ Bailey,A Mishra,0,0,,,,,,"",""
ball,2,13.3,Kings XI Punjab,DA Miller,GJ Bailey,A Mishra,4,0,,,,,,"",""
ball,2,13.4,Kings XI Punjab,DA Miller,GJ Bailey,A Mishra,1,0,,,,,,"",""
ball,2,13.5,Kings XI Punjab,GJ Bailey,DA Miller,A Mishra,1,0,,,,,,"",""
ball,2,13.6,Kings XI Punjab,DA Miller,GJ Bailey,A Mishra,1,0,,,,,,"",""
ball,2,14.1,Kings XI Punjab,DA Miller,GJ Bailey,KV Sharma,0,1,,,,1,,"",""
ball,2,14.2,Kings XI Punjab,GJ Bailey,DA Miller,KV Sharma,0,0,,,,,,"",""
ball,2,14.3,Kings XI Punjab,GJ Bailey,DA Miller,KV Sharma,0,0,,,,,,"",""
ball,2,14.4,Kings XI Punjab,GJ Bailey,DA Miller,KV Sharma,0,0,,,,,,"",""
ball,2,14.5,Kings XI Punjab,GJ Bailey,DA Miller,KV Sharma,1,0,,,,,,"",""
ball,2,14.6,Kings XI Punjab,DA Miller,GJ Bailey,KV Sharma,1,0,,,,,,"",""
ball,2,15.1,Kings XI Punjab,DA Miller,GJ Bailey,A Mishra,0,0,,,,,,"",""
ball,2,15.2,Kings XI Punjab,DA Miller,GJ Bailey,A Mishra,1,0,,,,,,"",""
ball,2,15.3,Kings XI Punjab,GJ Bailey,DA Miller,A Mishra,0,0,,,,,,"",""
ball,2,15.4,Kings XI Punjab,GJ Bailey,DA Miller,A Mishra,2,0,,,,,,"",""
ball,2,15.5,Kings XI Punjab,GJ Bailey,DA Miller,A Mishra,1,0,,,,,,"",""
ball,2,15.6,Kings XI Punjab,DA Miller,GJ Bailey,A Mishra,2,0,,,,,,"",""
ball,2,16.1,Kings XI Punjab,GJ Bailey,DA Miller,IK Pathan,1,0,,,,,,"",""
ball,2,16.2,Kings XI Punjab,DA Miller,GJ Bailey,IK Pathan,1,0,,,,,,"",""
ball,2,16.3,Kings XI Punjab,GJ Bailey,DA Miller,IK Pathan,0,0,,,,,,"",""
ball,2,16.4,Kings XI Punjab,GJ Bailey,DA Miller,IK Pathan,0,0,,,,,,"",""
ball,2,16.5,Kings XI Punjab,GJ Bailey,DA Miller,IK Pathan,1,0,,,,,,"",""
ball,2,16.6,Kings XI Punjab,DA Miller,GJ Bailey,IK Pathan,2,0,,,,,,"",""
ball,2,17.1,Kings XI Punjab,GJ Bailey,DA Miller,DW Steyn,1,0,,,,,,"",""
ball,2,17.2,Kings XI Punjab,DA Miller,GJ Bailey,DW Steyn,1,0,,,,,,"",""
ball,2,17.3,Kings XI Punjab,GJ Bailey,DA Miller,DW Steyn,6,0,,,,,,"",""
ball,2,17.4,Kings XI Punjab,GJ Bailey,DA Miller,DW Steyn,4,0,,,,,,"",""
ball,2,17.5,Kings XI Punjab,GJ Bailey,DA Miller,DW Steyn,4,0,,,,,,"",""
ball,2,17.6,Kings XI Punjab,GJ Bailey,DA Miller,DW Steyn,6,0,,,,,,"",""
ball,2,18.1,Kings XI Punjab,DA Miller,GJ Bailey,B Kumar,1,0,,,,,,"",""
ball,2,18.2,Kings XI Punjab,GJ Bailey,DA Miller,B Kumar,1,0,,,,,,"",""
ball,2,18.3,Kings XI Punjab,DA Miller,GJ Bailey,B Kumar,1,0,,,,,,"",""
ball,2,18.4,Kings XI Punjab,GJ Bailey,DA Miller,B Kumar,6,0,,,,,,"",""
