version,1.6.0
info,balls_per_over,6
info,team,Chennai Super Kings
info,team,Royal Challengers Bangalore
info,gender,male
info,season,2014
info,date,2014/05/18
info,event,Indian Premier League
info,match_number,42
info,venue,JSCA International Stadium Complex
info,city,Ranchi
info,toss_winner,Chennai Super Kings
info,toss_decision,bat
info,player_of_match,AB de Villiers
info,umpire,BNJ Oxenford
info,umpire,C Shamshuddin
info,reserve_umpire,J Madanagopal
info,tv_umpire,RM Deshpande
info,match_referee,J Srinath
info,winner,Royal Challengers Bangalore
info,winner_wickets,5
info,player,Chennai Super Kings,DR Smith
info,player,Chennai Super Kings,BB McCullum
info,player,Chennai Super Kings,SK Raina
info,player,Chennai Super Kings,DJ Hussey
info,player,Chennai Super Kings,MS Dhoni
info,player,Chennai Super Kings,RA Jadeja
info,player,Chennai Super Kings,M Manhas
info,player,Chennai Super Kings,R Ashwin
info,player,Chennai Super Kings,IC Pandey
info,player,Chennai Super Kings,MM Sharma
info,player,Chennai Super Kings,S Badree
info,player,Royal Challengers Bangalore,CH Gayle
info,player,Royal Challengers Bangalore,PA Patel
info,player,Royal Challengers Bangalore,V Kohli
info,player,Royal Challengers Bangalore,AB de Villiers
info,player,Royal Challengers Bangalore,Yuvraj Singh
info,player,Royal Challengers Bangalore,S Rana
info,player,Royal Challengers Bangalore,AN Ahmed
info,player,Royal Challengers Bangalore,MA Starc
info,player,Royal Challengers Bangalore,M Muralitharan
info,player,Royal Challengers Bangalore,YS Chahal
info,player,Royal Challengers Bangalore,VR Aaron
info,registry,people,AB de Villiers,c4487b84
info,registry,people,AN Ahmed,2af1b6d2
info,registry,people,BB McCullum,b8a55852
info,registry,people,BNJ Oxenford,c1add349
info,registry,people,C Shamshuddin,0f9d921b
info,registry,people,CH Gayle,db584dad
info,registry,people,DJ Hussey,fd835ab3
info,registry,people,DR Smith,35205dfc
info,registry,people,IC Pandey,e0407c01
info,registry,people,J Madanagopal,8275b04a
info,registry,people,J Srinath,bad31fac
info,registry,people,M Manhas,c42aaf71
info,registry,people,M Muralitharan,4ba44e19
info,registry,people,MA Starc,3fb19989
info,registry,people,MM Sharma,759ac88f
info,registry,people,MS Dhoni,4a8a2e3b
info,registry,people,PA Patel,b5da6c24
info,registry,people,R Ashwin,495d42a5
info,registry,people,RA Jadeja,fe93fd9d
info,registry,people,RM Deshpande,7d2a4250
info,registry,people,S Badree,76388dc8
info,registry,people,S Rana,90edaaa9
info,registry,people,SK Raina,1dc12ab9
info,registry,people,V Kohli,ba607b88
info,registry,people,VR Aaron,0a3d54b9
info,registry,people,YS Chahal,57ee1fde
info,registry,people,Yuvraj Singh,1c914163
ball,1,0.1,Chennai Super Kings,DR Smith,BB McCullum,M Muralitharan,0,0,,,,,,"",""
ball,1,0.2,Chennai Super Kings,DR Smith,BB McCullum,M Muralitharan,1,0,,,,,,"",""
ball,1,0.3,Chennai Super Kings,BB McCullum,DR Smith,M Muralitharan,0,0,,,,,,"",""
ball,1,0.4,Chennai Super Kings,BB McCullum,DR Smith,M Muralitharan,6,0,,,,,,"",""
ball,1,0.5,Chennai Super Kings,BB McCullum,DR Smith,M Muralitharan,0,0,,,,,,"",""
ball,1,0.6,Chennai Super Kings,BB McCullum,DR Smith,M Muralitharan,0,0,,,,,,"",""
ball,1,1.1,Chennai Super Kings,DR Smith,BB McCullum,MA Starc,0,0,,,,,,"",""
ball,1,1.2,Chennai Super Kings,DR Smith,BB McCullum,MA Starc,0,0,,,,,,"",""
ball,1,1.3,Chennai Super Kings,DR Smith,BB McCullum,MA Starc,0,0,,,,,,"",""
ball,1,1.4,Chennai Super Kings,DR Smith,BB McCullum,MA Starc,1,0,,,,,,"",""
ball,1,1.5,Chennai Super Kings,BB McCullum,DR Smith,MA Starc,0,0,,,,,,"",""
ball,1,1.6,Chennai Super Kings,BB McCullum,DR Smith,MA Starc,0,0,,,,,,"",""
ball,1,2.1,Chennai Super Kings,DR Smith,BB McCullum,VR Aaron,1,0,,,,,,"",""
ball,1,2.2,Chennai Super Kings,BB McCullum,DR Smith,VR Aaron,0,0,,,,,,"",""
ball,1,2.3,Chennai Super Kings,BB McCullum,DR Smith,VR Aaron,1,0,,,,,,"",""
ball,1,2.4,Chennai Super Kings,DR Smith,BB McCullum,VR Aaron,4,0,,,,,,"",""
ball,1,2.5,Chennai Super Kings,DR Smith,BB McCullum,VR Aaron,1,0,,,,,,"",""
ball,1,2.6,Chennai Super Kings,BB McCullum,DR Smith,VR Aaron,6,0,,,,,,"",""
ball,1,3.1,Chennai Super Kings,DR Smith,BB McCullum,AN Ahmed,0,0,,,,,,"",""
ball,1,3.2,Chennai Super Kings,DR Smith,BB McCullum,AN Ahmed,0,1,,,,1,,"",""
ball,1,3.3,Chennai Super Kings,BB McCullum,DR Smith,AN Ahmed,1,0,,,,,,"",""
ball,1,3.4,Chennai Super Kings,DR Smith,BB McCullum,AN Ahmed,0,0,,,,,,"",""
ball,1,3.5,Chennai Super Kings,DR Smith,BB McCullum,AN Ahmed,1,0,,,,,,"",""
ball,1,3.6,Chennai Super Kings,BB McCullum,DR Smith,AN Ahmed,1,0,,,,,,"",""
ball,1,4.1,Chennai Super Kings,BB McCullum,DR Smith,VR Aaron,4,0,,,,,,"",""
ball,1,4.2,Chennai Super Kings,BB McCullum,DR Smith,VR Aaron,0,0,,,,,,caught,BB McCullum
ball,1,4.3,Chennai Super Kings,DR Smith,SK Raina,VR Aaron,0,0,,,,,,"",""
ball,1,4.4,Chennai Super Kings,DR Smith,SK Raina,VR Aaron,0,0,,,,,,caught,DR Smith
ball,1,4.5,Chennai Super Kings,DJ Hussey,SK Raina,VR Aaron,0,0,,,,,,"",""
ball,1,4.6,Chennai Super Kings,DJ Hussey,SK Raina,VR Aaron,0,0,,,,,,"",""
ball,1,5.1,Chennai Super Kings,SK Raina,DJ Hussey,MA Starc,4,0,,,,,,"",""
ball,1,5.2,Chennai Super Kings,SK Raina,DJ Hussey,MA Starc,4,0,,,,,,"",""
ball,1,5.3,Chennai Super Kings,SK Raina,DJ Hussey,MA Starc,1,0,,,,,,"",""
ball,1,5.4,Chennai Super Kings,DJ Hussey,SK Raina,MA Starc,0,0,,,,,,"",""
ball,1,5.5,Chennai Super Kings,DJ Hussey,SK Raina,MA Starc,0,0,,,,,,"",""
ball,1,5.6,Chennai Super Kings,DJ Hussey,SK Raina,MA Starc,1,0,,,,,,"",""
ball,1,6.1,Chennai Super Kings,DJ Hussey,SK Raina,M Muralitharan,0,0,,,,,,"",""
ball,1,6.2,Chennai Super Kings,DJ Hussey,SK Raina,M Muralitharan,0,1,1,,,,,"",""
ball,1,6.3,Chennai Super Kings,DJ Hussey,SK Raina,M Muralitharan,4,0,,,,,,"",""
ball,1,6.4,Chennai Super Kings,DJ Hussey,SK Raina,M Muralitharan,0,0,,,,,,"",""
ball,1,6.5,Chennai Super Kings,DJ Hussey,SK Raina,M Muralitharan,0,0,,,,,,"",""
ball,1,6.6,Chennai Super Kings,DJ Hussey,SK Raina,M Muralitharan,0,0,,,,,,"",""
ball,1,6.7,Chennai Super Kings,DJ Hussey,SK Raina,M Muralitharan,1,0,,,,,,"",""
ball,1,7.1,Chennai Super Kings,DJ Hussey,SK Raina,YS Chahal,1,0,,,,,,"",""
ball,1,7.2,Chennai Super Kings,SK Raina,DJ Hussey,YS Chahal,0,0,,,,,,"",""
ball,1,7.3,Chennai Super Kings,SK Raina,DJ Hussey,YS Chahal,0,0,,,,,,"",""
ball,1,7.4,Chennai Super Kings,SK Raina,DJ Hussey,YS Chahal,0,0,,,,,,"",""
ball,1,7.5,Chennai Super Kings,SK Raina,DJ Hussey,YS Chahal,1,0,,,,,,"",""
ball,1,7.6,Chennai Super Kings,DJ Hussey,SK Raina,YS Chahal,1,0,,,,,,"",""
ball,1,8.1,Chennai Super Kings,DJ Hussey,SK Raina,AN Ahmed,1,0,,,,,,"",""
ball,1,8.2,Chennai Super Kings,SK Raina,DJ Hussey,AN Ahmed,1,0,,,,,,"",""
ball,1,8.3,Chennai Super Kings,DJ Hussey,SK Raina,AN Ahmed,0,0,,,,,,"",""
ball,1,8.4,Chennai Super Kings,DJ Hussey,SK Raina,AN Ahmed,1,0,,,,,,"",""
ball,1,8.5,Chennai Super Kings,SK Raina,DJ Hussey,AN Ahmed,0,0,,,,,,"",""
ball,1,8.6,Chennai Super Kings,SK Raina,DJ Hussey,AN Ahmed,1,0,,,,,,"",""
ball,1,9.1,Chennai Super Kings,SK Raina,DJ Hussey,YS Chahal,0,0,,,,,,"",""
ball,1,9.2,Chennai Super Kings,SK Raina,DJ Hussey,YS Chahal,1,0,,,,,,"",""
ball,1,9.3,Chennai Super Kings,DJ Hussey,SK Raina,YS Chahal,0,0,,,,,,"",""
ball,1,9.4,Chennai Super Kings,DJ Hussey,SK Raina,YS Chahal,1,0,,,,,,"",""
ball,1,9.5,Chennai Super Kings,SK Raina,DJ Hussey,YS Chahal,0,0,,,,,,"",""
ball,1,9.6,Chennai Super Kings,SK Raina,DJ Hussey,YS Chahal,1,0,,,,,,"",""
ball,1,10.1,Chennai Super Kings,SK Raina,DJ Hussey,VR Aaron,1,0,,,,,,"",""
ball,1,10.2,Chennai Super Kings,DJ Hussey,SK Raina,VR Aaron,1,0,,,,,,"",""
ball,1,10.3,Chennai Super Kings,SK Raina,DJ Hussey,VR Aaron,0,1,1,,,,,"",""
ball,1,10.4,Chennai Super Kings,SK Raina,DJ Hussey,VR Aaron,4,0,,,,,,"",""
ball,1,10.5,Chennai Super Kings,SK Raina,DJ Hussey,VR Aaron,4,0,,,,,,"",""
ball,1,10.6,Chennai Super Kings,SK Raina,DJ Hussey,VR Aaron,1,0,,,,,,"",""
ball,1,10.7,Chennai Super Kings,DJ Hussey,SK Raina,VR Aaron,0,0,,,,,,"",""
ball,1,11.1,Chennai Super Kings,SK Raina,DJ Hussey,M Muralitharan,2,0,,,,,,"",""
ball,1,11.2,Chennai Super Kings,SK Raina,DJ Hussey,M Muralitharan,4,0,,,,,,"",""
ball,1,11.3,Chennai Super Kings,SK Raina,DJ Hussey,M Muralitharan,1,0,,,,,,"",""
ball,1,11.4,Chennai Super Kings,DJ Hussey,SK Raina,M Muralitharan,1,0,,,,,,"",""
ball,1,11.5,Chennai Super Kings,SK Raina,DJ Hussey,M Muralitharan,1,0,,,,,,"",""
ball,1,11.6,Chennai Super Kings,DJ Hussey,SK Raina,M Muralitharan,1,0,,,,,,"",""
ball,1,12.1,Chennai Super Kings,DJ Hussey,SK Raina,YS Chahal,6,0,,,,,,"",""
ball,1,12.2,Chennai Super Kings,DJ Hussey,SK Raina,YS Chahal,1,0,,,,,,"",""
ball,1,12.3,Chennai Super Kings,SK Raina,DJ Hussey,YS Chahal,0,0,,,,,,"",""
ball,1,12.4,Chennai Super Kings,SK Raina,DJ Hussey,YS Chahal,1,0,,,,,,"",""
ball,1,12.5,Chennai Super Kings,DJ Hussey,SK Raina,YS Chahal,1,0,,,,,,"",""
ball,1,12.6,Chennai Super Kings,SK Raina,DJ Hussey,YS Chahal,6,0,,,,,,"",""
ball,1,13.1,Chennai Super Kings,DJ Hussey,SK Raina,S Rana,1,0,,,,,,"",""
ball,1,13.2,Chennai Super Kings,SK Raina,DJ Hussey,S Rana,2,0,,,,,,"",""
ball,1,13.3,Chennai Super Kings,SK Raina,DJ Hussey,S Rana,1,0,,,,,,"",""
ball,1,13.4,Chennai Super Kings,DJ Hussey,SK Raina,S Rana,1,0,,,,,,"",""
ball,1,13.5,Chennai Super Kings,SK Raina,DJ Hussey,S Rana,0,0,,,,,,"",""
ball,1,13.6,Chennai Super Kings,SK Raina,DJ Hussey,S Rana,4,0,,,,,,"",""
ball,1,14.1,Chennai Super Kings,DJ Hussey,SK Raina,M Muralitharan,0,1,1,,,,,"",""
ball,1,14.2,Chennai Super Kings,DJ Hussey,SK Raina,M Muralitharan,1,0,,,,,,"",""
ball,1,14.3,Chennai Super Kings,SK Raina,DJ Hussey,M Muralitharan,1,0,,,,,,"",""
ball,1,14.4,Chennai Super Kings,DJ Hussey,SK Raina,M Muralitharan,0,0,,,,,,caught,DJ Hussey
ball,1,14.5,Chennai Super Kings,SK Raina,MS Dhoni,M Muralitharan,1,0,,,,,,"",""
ball,1,14.6,Chennai Super Kings,MS Dhoni,SK Raina,M Muralitharan,0,0,,,,,,"",""
ball,1,14.7,Chennai Super Kings,MS Dhoni,SK Raina,M Muralitharan,2,0,,,,,,"",""
ball,1,15.1,Chennai Super Kings,SK Raina,MS Dhoni,YS Chahal,0,1,,,,1,,"",""
ball,1,15.2,Chennai Super Kings,MS Dhoni,SK Raina,YS Chahal,0,0,,,,,,"",""
ball,1,15.3,Chennai Super Kings,MS Dhoni,SK Raina,YS Chahal,4,0,,,,,,"",""
ball,1,15.4,Chennai Super Kings,MS Dhoni,SK Raina,YS Chahal,1,0,,,,,,"",""
ball,1,15.5,Chennai Super Kings,SK Raina,MS Dhoni,YS Chahal,0,0,,,,,,"",""
ball,1,15.6,Chennai Super Kings,SK Raina,MS Dhoni,YS Chahal,1,0,,,,,,"",""
ball,1,16.1,Chennai Super Kings,SK Raina,MS Dhoni,AN Ahmed,1,0,,,,,,"",""
ball,1,16.2,Chennai Super Kings,MS Dhoni,SK Raina,AN Ahmed,0,0,,,,,,caught,MS Dhoni
ball,1,16.3,Chennai Super Kings,RA Jadeja,SK Raina,AN Ahmed,0,0,,,,,,"",""
ball,1,16.4,Chennai Super Kings,RA Jadeja,SK Raina,AN Ahmed,1,0,,,,,,"",""
ball,1,16.5,Chennai Super Kings,SK Raina,RA Jadeja,AN Ahmed,0,0,,,,,,"",""
ball,1,16.6,Chennai Super Kings,SK Raina,RA Jadeja,AN Ahmed,1,0,,,,,,"",""
ball,1,17.1,Chennai Super Kings,SK Raina,RA Jadeja,MA Starc,1,0,,,,,,"",""
ball,1,17.2,Chennai Super Kings,RA Jadeja,SK Raina,MA Starc,1,0,,,,,,"",""
ball,1,17.3,Chennai Super Kings,SK Raina,RA Jadeja,MA Starc,0,0,,,,,,"",""
ball,1,17.4,Chennai Super Kings,SK Raina,RA Jadeja,MA Starc,2,0,,,,,,"",""
ball,1,17.5,Chennai Super Kings,SK Raina,RA Jadeja,MA Starc,1,0,,,,,,"",""
ball,1,17.6,Chennai Super Kings,RA Jadeja,SK Raina,MA Starc,1,0,,,,,,"",""
ball,1,18.1,Chennai Super Kings,RA Jadeja,SK Raina,AN Ahmed,1,0,,,,,,"",""
ball,1,18.2,Chennai Super Kings,SK Raina,RA Jadeja,AN Ahmed,1,0,,,,,,"",""
ball,1,18.3,Chennai Super Kings,RA Jadeja,SK Raina,AN Ahmed,1,0,,,,,,"",""
ball,1,18.4,Chennai Super Kings,SK Raina,RA Jadeja,AN Ahmed,2,0,,,,,,"",""
ball,1,18.5,Chennai Super Kings,SK Raina,RA Jadeja,AN Ahmed,2,0,,,,,,"",""
ball,1,18.6,Chennai Super Kings,SK Raina,RA Jadeja,AN Ahmed,1,0,,,,,,"",""
ball,1,19.1,Chennai Super Kings,SK Raina,RA Jadeja,MA Starc,1,0,,,,,,"",""
ball,1,19.2,Chennai Super Kings,RA Jadeja,SK Raina,MA Starc,2,0,,,,,,"",""
ball,1,19.3,Chennai Super Kings,RA Jadeja,SK Raina,MA Starc,2,0,,,,,,"",""
ball,1,19.4,Chennai Super Kings,RA Jadeja,SK Raina,MA Starc,1,0,,,,,,"",""
ball,1,19.5,Chennai Super Kings,SK Raina,RA Jadeja,MA Starc,0,0,,,,,,"",""
ball,1,19.6,Chennai Super Kings,SK Raina,RA Jadeja,MA Starc,0,1,,,,1,,"",""
ball,2,0.1,Royal Challengers Bangalore,CH Gayle,PA Patel,MM Sharma,1,0,,,,,,"",""
ball,2,0.2,Royal Challengers Bangalore,PA Patel,CH Gayle,MM Sharma,0,0,,,,,,"",""
ball,2,0.3,Royal Challengers Bangalore,PA Patel,CH Gayle,MM Sharma,4,0,,,,,,"",""
ball,2,0.4,Royal Challengers Bangalore,PA Patel,CH Gayle,MM Sharma,0,0,,,,,,"",""
ball,2,0.5,Royal Challengers Bangalore,PA Patel,CH Gayle,MM Sharma,4,0,,,,,,"",""
ball,2,0.6,Royal Challengers Bangalore,PA Patel,CH Gayle,MM Sharma,0,0,,,,,,"",""
ball,2,1.1,Royal Challengers Bangalore,CH Gayle,PA Patel,R Ashwin,0,0,,,,,,"",""
ball,2,1.2,Royal Challengers Bangalore,CH Gayle,PA Patel,R Ashwin,1,0,,,,,,"",""
ball,2,1.3,Royal Challengers Bangalore,PA Patel,CH Gayle,R Ashwin,0,0,,,,,,"",""
ball,2,1.4,Royal Challengers Bangalore,PA Patel,CH Gayle,R Ashwin,0,0,,,,,,"",""
ball,2,1.5,Royal Challengers Bangalore,PA Patel,CH Gayle,R Ashwin,0,0,,,,,,"",""
ball,2,1.6,Royal Challengers Bangalore,PA Patel,CH Gayle,R Ashwin,0,0,,,,,,"",""
ball,2,2.1,Royal Challengers Bangalore,CH Gayle,PA Patel,S Badree,1,0,,,,,,"",""
ball,2,2.2,Royal Challengers Bangalore,PA Patel,CH Gayle,S Badree,1,0,,,,,,"",""
ball,2,2.3,Royal Challengers Bangalore,CH Gayle,PA Patel,S Badree,1,0,,,,,,"",""
ball,2,2.4,Royal Challengers Bangalore,PA Patel,CH Gayle,S Badree,1,0,,,,,,"",""
ball,2,2.5,Royal Challengers Bangalore,CH Gayle,PA Patel,S Badree,0,0,,,,,,"",""
ball,2,2.6,Royal Challengers Bangalore,CH Gayle,PA Patel,S Badree,0,0,,,,,,"",""
ball,2,3.1,Royal Challengers Bangalore,PA Patel,CH Gayle,R Ashwin,0,0,,,,,,"",""
ball,2,3.2,Royal Challengers Bangalore,PA Patel,CH Gayle,R Ashwin,0,0,,,,,,"",""
ball,2,3.3,Royal Challengers Bangalore,PA Patel,CH Gayle,R Ashwin,0,0,,,,,,caught,PA Patel
ball,2,3.4,Royal Challengers Bangalore,V Kohli,CH Gayle,R Ashwin,1,0,,,,,,"",""
ball,2,3.5,Royal Challengers Bangalore,CH Gayle,V Kohli,R Ashwin,0,0,,,,,,"",""
ball,2,3.6,Royal Challengers Bangalore,CH Gayle,V Kohli,R Ashwin,1,0,,,,,,"",""
ball,2,4.1,Royal Challengers Bangalore,CH Gayle,V Kohli,S Badree,0,0,,,,,,"",""
ball,2,4.2,Royal Challengers Bangalore,CH Gayle,V Kohli,S Badree,0,0,,,,,,"",""
ball,2,4.3,Royal Challengers Bangalore,CH Gayle,V Kohli,S Badree,1,0,,,,,,"",""
ball,2,4.4,Royal Challengers Bangalore,V Kohli,CH Gayle,S Badree,0,0,,,,,,"",""
ball,2,4.5,Royal Challengers Bangalore,V Kohli,CH Gayle,S Badree,0,0,,,,,,"",""
ball,2,4.6,Royal Challengers Bangalore,V Kohli,CH Gayle,S Badree,0,0,,,,,,"",""
ball,2,5.1,Royal Challengers Bangalore,CH Gayle,V Kohli,R Ashwin,0,0,,,,,,"",""
ball,2,5.2,Royal Challengers Bangalore,CH Gayle,V Kohli,R Ashwin,0,0,,,,,,"",""
ball,2,5.3,Royal Challengers Bangalore,CH Gayle,V Kohli,R Ashwin,0,0,,,,,,"",""
ball,2,5.4,Royal Challengers Bangalore,CH Gayle,V Kohli,R Ashwin,0,0,,,,,,"",""
ball,2,5.5,Royal Challengers Bangalore,CH Gayle,V Kohli,R Ashwin,0,0,,,,,,"",""
ball,2,5.6,Royal Challengers Bangalore,CH Gayle,V Kohli,R Ashwin,0,0,,,,,,"",""
ball,2,6.1,Royal Challengers Bangalore,V Kohli,CH Gayle,S Badree,1,0,,,,,,"",""
ball,2,6.2,Royal Challengers Bangalore,CH Gayle,V Kohli,S Badree,6,0,,,,,,"",""
ball,2,6.3,Royal Challengers Bangalore,CH Gayle,V Kohli,S Badree,0,1,1,,,,,"",""
ball,2,6.4,Royal Challengers Bangalore,CH Gayle,V Kohli,S Badree,1,0,,,,,,"",""
ball,2,6.5,Royal Challengers Bangalore,V Kohli,CH Gayle,S Badree,0,4,,,,4,,"",""
ball,2,6.6,Royal Challengers Bangalore,V Kohli,CH Gayle,S Badree,1,0,,,,,,"",""
ball,2,6.7,Royal Challengers Bangalore,CH Gayle,V Kohli,S Badree,0,2,,,,2,,"",""
ball,2,7.1,Royal Challengers Bangalore,V Kohli,CH Gayle,SK Raina,0,0,,,,,,"",""
ball,2,7.2,Royal Challengers Bangalore,V Kohli,CH Gayle,SK Raina,0,0,,,,,,"",""
ball,2,7.3,Royal Challengers Bangalore,V Kohli,CH Gayle,SK Raina,1,0,,,,,,"",""
ball,2,7.4,Royal Challengers Bangalore,CH Gayle,V Kohli,SK Raina,0,0,,,,,,"",""
ball,2,7.5,Royal Challengers Bangalore,CH Gayle,V Kohli,SK Raina,1,0,,,,,,"",""
ball,2,7.6,Royal Challengers Bangalore,V Kohli,CH Gayle,SK Raina,1,0,,,,,,"",""
ball,2,8.1,Royal Challengers Bangalore,V Kohli,CH Gayle,RA Jadeja,2,0,,,,,,"",""
ball,2,8.2,Royal Challengers Bangalore,V Kohli,CH Gayle,RA Jadeja,0,0,,,,,,"",""
ball,2,8.3,Royal Challengers Bangalore,V Kohli,CH Gayle,RA Jadeja,0,0,,,,,,"",""
ball,2,8.4,Royal Challengers Bangalore,V Kohli,CH Gayle,RA Jadeja,0,0,,,,,,"",""
ball,2,8.5,Royal Challengers Bangalore,V Kohli,CH Gayle,RA Jadeja,1,0,,,,,,"",""
ball,2,8.6,Royal Challengers Bangalore,CH Gayle,V Kohli,RA Jadeja,0,0,,,,,,"",""
ball,2,9.1,Royal Challengers Bangalore,V Kohli,CH Gayle,SK Raina,0,0,,,,,,"",""
ball,2,9.2,Royal Challengers Bangalore,V Kohli,CH Gayle,SK Raina,1,0,,,,,,"",""
ball,2,9.3,Royal Challengers Bangalore,CH Gayle,V Kohli,SK Raina,0,0,,,,,,"",""
ball,2,9.4,Royal Challengers Bangalore,CH Gayle,V Kohli,SK Raina,0,0,,,,,,"",""
ball,2,9.5,Royal Challengers Bangalore,CH Gayle,V Kohli,SK Raina,1,0,,,,,,"",""
ball,2,9.6,Royal Challengers Bangalore,V Kohli,CH Gayle,SK Raina,4,0,,,,,,"",""
ball,2,10.1,Royal Challengers Bangalore,CH Gayle,V Kohli,RA Jadeja,0,0,,,,,,"",""
ball,2,10.2,Royal Challengers Bangalore,CH Gayle,V Kohli,RA Jadeja,4,0,,,,,,"",""
ball,2,10.3,Royal Challengers Bangalore,CH Gayle,V Kohli,RA Jadeja,0,1,1,,,,,"",""
ball,2,10.4,Royal Challengers Bangalore,CH Gayle,V Kohli,RA Jadeja,1,0,,,,,,"",""
ball,2,10.5,Royal Challengers Bangalore,V Kohli,CH Gayle,RA Jadeja,6,0,,,,,,"",""
ball,2,10.6,Royal Challengers Bangalore,V Kohli,CH Gayle,RA Jadeja,1,0,,,,,,"",""
ball,2,10.7,Royal Challengers Bangalore,CH Gayle,V Kohli,RA Jadeja,0,0,,,,,,"",""
ball,2,11.1,Royal Challengers Bangalore,V Kohli,CH Gayle,SK Raina,0,0,,,,,,"",""
ball,2,11.2,Royal Challengers Bangalore,V Kohli,CH Gayle,SK Raina,1,0,,,,,,"",""
ball,2,11.3,Royal Challengers Bangalore,CH Gayle,V Kohli,SK Raina,4,0,,,,,,"",""
ball,2,11.4,Royal Challengers Bangalore,CH Gayle,V Kohli,SK Raina,1,0,,,,,,"",""
ball,2,11.5,Royal Challengers Bangalore,V Kohli,CH Gayle,SK Raina,1,0,,,,,,"",""
ball,2,11.6,Royal Challengers Bangalore,CH Gayle,V Kohli,SK Raina,1,0,,,,,,"",""
ball,2,12.1,Royal Challengers Bangalore,CH Gayle,V Kohli,MM Sharma,0,0,,,,,,"",""
ball,2,12.2,Royal Challengers Bangalore,CH Gayle,V Kohli,MM Sharma,0,1,,,,1,,"",""
ball,2,12.3,Royal Challengers Bangalore,V Kohli,CH Gayle,MM Sharma,1,0,,,,,,"",""
ball,2,12.4,Royal Challengers Bangalore,CH Gayle,V Kohli,MM Sharma,0,0,,,,,,"",""
ball,2,12.5,Royal Challengers Bangalore,CH Gayle,V Kohli,MM Sharma,1,0,,,,,,"",""
ball,2,12.6,Royal Challengers Bangalore,V Kohli,CH Gayle,MM Sharma,2,0,,,,,,"",""
ball,2,13.1,Royal Challengers Bangalore,CH Gayle,V Kohli,SK Raina,1,0,,,,,,"",""
ball,2,13.2,Royal Challengers Bangalore,V Kohli,CH Gayle,SK Raina,1,0,,,,,,"",""
ball,2,13.3,Royal Challengers Bangalore,CH Gayle,V Kohli,SK Raina,0,0,,,,,,"",""
ball,2,13.4,Royal Challengers Bangalore,CH Gayle,V Kohli,SK Raina,0,1,,,,1,,"",""
ball,2,13.5,Royal Challengers Bangalore,V Kohli,CH Gayle,SK Raina,1,0,,,,,,"",""
ball,2,13.6,Royal Challengers Bangalore,CH Gayle,V Kohli,SK Raina,0,0,,,,,,"",""
ball,2,14.1,Royal Challengers Bangalore,V Kohli,CH Gayle,RA Jadeja,0,0,,,,,,stumped,V Kohli
ball,2,14.2,Royal Challengers Bangalore,AB de Villiers,CH Gayle,RA Jadeja,0,0,,,,,,"",""
ball,2,14.3,Royal Challengers Bangalore,AB de Villiers,CH Gayle,RA Jadeja,1,0,,,,,,"",""
ball,2,14.4,Royal Challengers Bangalore,CH Gayle,AB de Villiers,RA Jadeja,4,0,,,,,,"",""
ball,2,14.5,Royal Challengers Bangalore,CH Gayle,AB de Villiers,RA Jadeja,6,0,,,,,,"",""
ball,2,14.6,Royal Challengers Bangalore,CH Gayle,AB de Villiers,RA Jadeja,0,0,,,,,,"",""
ball,2,15.1,Royal Challengers Bangalore,AB de Villiers,CH Gayle,DJ Hussey,0,0,,,,,,"",""
ball,2,15.2,Royal Challengers Bangalore,AB de Villiers,CH Gayle,DJ Hussey,2,0,,,,,,"",""
ball,2,15.3,Royal Challengers Bangalore,AB de Villiers,CH Gayle,DJ Hussey,1,0,,,,,,"",""
ball,2,15.4,Royal Challengers Bangalore,CH Gayle,AB de Villiers,DJ Hussey,1,0,,,,,,"",""
ball,2,15.5,Royal Challengers Bangalore,AB de Villiers,CH Gayle,DJ Hussey,0,0,,,,,,"",""
ball,2,15.6,Royal Challengers Bangalore,AB de Villiers,CH Gayle,DJ Hussey,6,0,,,,,,"",""
ball,2,16.1,Royal Challengers Bangalore,CH Gayle,AB de Villiers,R Ashwin,0,0,,,,,,"",""
ball,2,16.2,Royal Challengers Bangalore,CH Gayle,AB de Villiers,R Ashwin,1,0,,,,,,"",""
ball,2,16.3,Royal Challengers Bangalore,AB de Villiers,CH Gayle,R Ashwin,6,0,,,,,,"",""
ball,2,16.4,Royal Challengers Bangalore,AB de Villiers,CH Gayle,R Ashwin,0,1,,,1,,,"",""
ball,2,16.5,Royal Challengers Bangalore,CH Gayle,AB de Villiers,R Ashwin,6,0,,,,,,"",""
ball,2,16.6,Royal Challengers Bangalore,CH Gayle,AB de Villiers,R Ashwin,0,0,,,,,,bowled,CH Gayle
ball,2,17.1,Royal Challengers Bangalore,AB de Villiers,Yuvraj Singh,DJ Hussey,6,0,,,,,,"",""
ball,2,17.2,Royal Challengers Bangalore,AB de Villiers,Yuvraj Singh,DJ Hussey,4,0,,,,,,"",""
ball,2,17.3,Royal Challengers Bangalore,AB de Villiers,Yuvraj Singh,DJ Hussey,2,0,,,,,,"",""
ball,2,17.4,Royal Challengers Bangalore,AB de Villiers,Yuvraj Singh,DJ Hussey,0,2,2,,,,,"",""
ball,2,17.5,Royal Challengers Bangalore,Yuvraj Singh,AB de Villiers,DJ Hussey,1,0,,,,,,"",""
ball,2,17.6,Royal Challengers Bangalore,AB de Villiers,Yuvraj Singh,DJ Hussey,0,0,,,,,,"",""
ball,2,17.7,Royal Challengers Bangalore,AB de Villiers,Yuvraj Singh,DJ Hussey,0,0,,,,,,caught,AB de Villiers
ball,2,18.1,Royal Challengers Bangalore,S Rana,Yuvraj Singh,RA Jadeja,1,0,,,,,,"",""
ball,2,18.2,Royal Challengers Bangalore,Yuvraj Singh,S Rana,RA Jadeja,0,0,,,,,,"",""
ball,2,18.3,Royal Challengers Bangalore,Yuvraj Singh,S Rana,RA Jadeja,0,0,,,,,,"",""
ball,2,18.4,Royal Challengers Bangalore,Yuvraj Singh,S Rana,RA Jadeja,0,0,,,,,,"",""
ball,2,18.5,Royal Challengers Bangalore,Yuvraj Singh,S Rana,RA Jadeja,2,0,,,,,,"",""
ball,2,18.6,Royal Challengers Bangalore,Yuvraj Singh,S Rana,RA Jadeja,1,0,,,,,,"",""
ball,2,19.1,Royal Challengers Bangalore,Yuvraj Singh,S Rana,DJ Hussey,6,0,,,,,,"",""
ball,2,19.2,Royal Challengers Bangalore,Yuvraj Singh,S Rana,DJ Hussey,2,0,,,,,,"",""
ball,2,19.3,Royal Challengers Bangalore,Yuvraj Singh,S Rana,DJ Hussey,1,0,,,,,,"",""
ball,2,19.4,Royal Challengers Bangalore,S Rana,Yuvraj Singh,DJ Hussey,0,0,,,,,,caught,S Rana
ball,2,19.5,Royal Challengers Bangalore,AN Ahmed,Yuvraj Singh,DJ Hussey,4,0,,,,,,"",""
