version,1.6.0
info,balls_per_over,6
info,team,Sunrisers Hyderabad
info,team,Mumbai Indians
info,gender,male
info,season,2014
info,date,2014/05/12
info,event,Indian Premier League
info,match_number,36
info,venue,"Rajiv Gandhi International Stadium, Uppal"
info,city,Hyderabad
info,toss_winner,Sunrisers Hyderabad
info,toss_decision,bat
info,player_of_match,AT Rayudu
info,umpire,HDPK Dharmasena
info,umpire,VA Kulkarni
info,reserve_umpire,A Nand Kishore
info,tv_umpire,PG Pathak
info,match_referee,RS Mahanama
info,winner,Mumbai Indians
info,winner_wickets,7
info,player,Mumbai Indians,LMP Simmons
info,player,Mumbai Indians,CM Gautam
info,player,Mumbai Indians,AT Rayudu
info,player,Mumbai Indians,RG Sharma
info,player,Mumbai Indians,KA Pollard
info,player,Mumbai Indians,CJ Anderson
info,player,Mumbai Indians,AP Tare
info,player,Mumbai Indians,Harbhajan Singh
info,player,Mumbai Indians,SL Malinga
info,player,Mumbai Indians,JJ Bumrah
info,player,Mumbai Indians,PP Ojha
info,player,Sunrisers Hyderabad,AJ Finch
info,player,Sunrisers Hyderabad,S Dhawan
info,player,Sunrisers Hyderabad,KL Rahul
info,player,Sunrisers Hyderabad,DA Warner
info,player,Sunrisers Hyderabad,NV Ojha
info,player,Sunrisers Hyderabad,MC Henriques
info,player,Sunrisers Hyderabad,IK Pathan
info,player,Sunrisers Hyderabad,KV Sharma
info,player,Sunrisers Hyderabad,DW Steyn
info,player,Sunrisers Hyderabad,A Mishra
info,player,Sunrisers Hyderabad,B Kumar
info,registry,people,A Mishra,6b19d823
info,registry,people,A Nand Kishore,84424f4f
info,registry,people,AJ Finch,b8d490fd
info,registry,people,AP Tare,855a210c
info,registry,people,AT Rayudu,70d205c9
info,registry,people,B Kumar,2e81a32d
info,registry,people,CJ Anderson,8abdf100
info,registry,people,CM Gautam,30a2649b
info,registry,people,DA Warner,dcce6f09
info,registry,people,DW Steyn,8fd1a8f5
info,registry,people,HDPK Dharmasena,323e4c16
info,registry,people,Harbhajan Singh,8b5b6769
info,registry,people,IK Pathan,5fa06777
info,registry,people,JJ Bumrah,462411b3
info,registry,people,KA Pollard,a757b0d8
info,registry,people,KL Rahul,b17e2f24
info,registry,people,KV Sharma,119678fd
info,registry,people,LMP Simmons,89f64c19
info,registry,people,MC Henriques,32198ae0
info,registry,people,NV Ojha,890946a0
info,registry,people,PG Pathak,9f772ec5
info,registry,people,PP Ojha,6c6591ab
info,registry,people,RG Sharma,740742ef
info,registry,people,RS Mahanama,57910393
info,registry,people,S Dhawan,0a476045
info,registry,people,SL Malinga,a12e1d51
info,registry,people,VA Kulkarni,8fe0c4f8
ball,1,0.1,Sunrisers Hyderabad,AJ Finch,S Dhawan,CJ Anderson,0,0,,,,,,"",""
ball,1,0.2,Sunrisers Hyderabad,AJ Finch,S Dhawan,CJ Anderson,0,0,,,,,,"",""
ball,1,0.3,Sunrisers Hyderabad,AJ Finch,S Dhawan,CJ Anderson,0,0,,,,,,"",""
ball,1,0.4,Sunrisers Hyderabad,AJ Finch,S Dhawan,CJ Anderson,0,0,,,,,,"",""
ball,1,0.5,Sunrisers Hyderabad,AJ Finch,S Dhawan,CJ Anderson,4,0,,,,,,"",""
ball,1,0.6,Sunrisers Hyderabad,AJ Finch,S Dhawan,CJ Anderson,0,0,,,,,,"",""
ball,1,1.1,Sunrisers Hyderabad,S Dhawan,AJ Finch,JJ Bumrah,0,0,,,,,,"",""
ball,1,1.2,Sunrisers Hyderabad,S Dhawan,AJ Finch,JJ Bumrah,1,0,,,,,,"",""
ball,1,1.3,Sunrisers Hyderabad,AJ Finch,S Dhawan,JJ Bumrah,0,0,,,,,,"",""
ball,1,1.4,Sunrisers Hyderabad,AJ Finch,S Dhawan,JJ Bumrah,0,0,,,,,,"",""
ball,1,1.5,Sunrisers Hyderabad,AJ Finch,S Dhawan,JJ Bumrah,0,0,,,,,,"",""
ball,1,1.6,Sunrisers Hyderabad,AJ Finch,S Dhawan,JJ Bumrah,0,0,,,,,,"",""
ball,1,2.1,Sunrisers Hyderabad,S Dhawan,AJ Finch,CJ Anderson,0,2,2,,,,,"",""
ball,1,2.2,Sunrisers Hyderabad,AJ Finch,S Dhawan,CJ Anderson,4,0,,,,,,"",""
ball,1,2.3,Sunrisers Hyderabad,AJ Finch,S Dhawan,CJ Anderson,1,0,,,,,,"",""
ball,1,2.4,Sunrisers Hyderabad,S Dhawan,AJ Finch,CJ Anderson,0,0,,,,,,"",""
ball,1,2.5,Sunrisers Hyderabad,S Dhawan,AJ Finch,CJ Anderson,0,0,,,,,,"",""
ball,1,2.6,Sunrisers Hyderabad,S Dhawan,AJ Finch,CJ Anderson,0,1,1,,,,,"",""
ball,1,2.7,Sunrisers Hyderabad,S Dhawan,AJ Finch,CJ Anderson,1,0,,,,,,"",""
ball,1,2.8,Sunrisers Hyderabad,AJ Finch,S Dhawan,CJ Anderson,4,0,,,,,,"",""
ball,1,3.1,Sunrisers Hyderabad,S Dhawan,AJ Finch,Harbhajan Singh,0,0,,,,,,"",""
ball,1,3.2,Sunrisers Hyderabad,S Dhawan,AJ Finch,Harbhajan Singh,4,0,,,,,,"",""
ball,1,3.3,Sunrisers Hyderabad,S Dhawan,AJ Finch,Harbhajan Singh,1,0,,,,,,"",""
ball,1,3.4,Sunrisers Hyderabad,AJ Finch,S Dhawan,Harbhajan Singh,0,0,,,,,,"",""
ball,1,3.5,Sunrisers Hyderabad,AJ Finch,S Dhawan,Harbhajan Singh,1,0,,,,,,"",""
ball,1,3.6,Sunrisers Hyderabad,S Dhawan,AJ Finch,Harbhajan Singh,0,0,,,,,,"",""
ball,1,4.1,Sunrisers Hyderabad,AJ Finch,S Dhawan,SL Malinga,0,0,,,,,,"",""
ball,1,4.2,Sunrisers Hyderabad,AJ Finch,S Dhawan,SL Malinga,2,0,,,,,,"",""
ball,1,4.3,Sunrisers Hyderabad,AJ Finch,S Dhawan,SL Malinga,0,0,,,,,,"",""
ball,1,4.4,Sunrisers Hyderabad,AJ Finch,S Dhawan,SL Malinga,1,0,,,,,,"",""
ball,1,4.5,Sunrisers Hyderabad,S Dhawan,AJ Finch,SL Malinga,4,0,,,,,,"",""
ball,1,4.6,Sunrisers Hyderabad,S Dhawan,AJ Finch,SL Malinga,0,0,,,,,,bowled,S Dhawan
ball,1,5.1,Sunrisers Hyderabad,AJ Finch,KL Rahul,PP Ojha,1,0,,,,,,"",""
ball,1,5.2,Sunrisers Hyderabad,KL Rahul,AJ Finch,PP Ojha,1,0,,,,,,"",""
ball,1,5.3,Sunrisers Hyderabad,AJ Finch,KL Rahul,PP Ojha,0,0,,,,,,"",""
ball,1,5.4,Sunrisers Hyderabad,AJ Finch,KL Rahul,PP Ojha,6,0,,,,,,"",""
ball,1,5.5,Sunrisers Hyderabad,AJ Finch,KL Rahul,PP Ojha,0,0,,,,,,"",""
ball,1,5.6,Sunrisers Hyderabad,AJ Finch,KL Rahul,PP Ojha,4,0,,,,,,"",""
ball,1,6.1,Sunrisers Hyderabad,KL Rahul,AJ Finch,Harbhajan Singh,1,0,,,,,,"",""
ball,1,6.2,Sunrisers Hyderabad,AJ Finch,KL Rahul,Harbhajan Singh,0,0,,,,,,"",""
ball,1,6.3,Sunrisers Hyderabad,AJ Finch,KL Rahul,Harbhajan Singh,4,0,,,,,,"",""
ball,1,6.4,Sunrisers Hyderabad,AJ Finch,KL Rahul,Harbhajan Singh,0,0,,,,,,"",""
ball,1,6.5,Sunrisers Hyderabad,AJ Finch,KL Rahul,Harbhajan Singh,1,0,,,,,,"",""
ball,1,6.6,Sunrisers Hyderabad,KL Rahul,AJ Finch,Harbhajan Singh,0,0,,,,,,"",""
ball,1,7.1,Sunrisers Hyderabad,AJ Finch,KL Rahul,PP Ojha,4,0,,,,,,"",""
ball,1,7.2,Sunrisers Hyderabad,AJ Finch,KL Rahul,PP Ojha,0,0,,,,,,"",""
ball,1,7.3,Sunrisers Hyderabad,AJ Finch,KL Rahul,PP Ojha,6,0,,,,,,"",""
ball,1,7.4,Sunrisers Hyderabad,AJ Finch,KL Rahul,PP Ojha,0,0,,,,,,"",""
ball,1,7.5,Sunrisers Hyderabad,AJ Finch,KL Rahul,PP Ojha,1,0,,,,,,"",""
ball,1,7.6,Sunrisers Hyderabad,KL Rahul,AJ Finch,PP Ojha,0,0,,,,,,"",""
ball,1,8.1,Sunrisers Hyderabad,AJ Finch,KL Rahul,JJ Bumrah,1,0,,,,,,"",""
ball,1,8.2,Sunrisers Hyderabad,KL Rahul,AJ Finch,JJ Bumrah,4,0,,,,,,"",""
ball,1,8.3,Sunrisers Hyderabad,KL Rahul,AJ Finch,JJ Bumrah,0,0,,,,,,"",""
ball,1,8.4,Sunrisers Hyderabad,KL Rahul,AJ Finch,JJ Bumrah,0,0,,,,,,"",""
ball,1,8.5,Sunrisers Hyderabad,KL Rahul,AJ Finch,JJ Bumrah,2,0,,,,,,"",""
ball,1,8.6,Sunrisers Hyderabad,KL Rahul,AJ Finch,JJ Bumrah,1,0,,,,,,"",""
ball,1,9.1,Sunrisers Hyderabad,KL Rahul,AJ Finch,PP Ojha,0,0,,,,,,"",""
ball,1,9.2,Sunrisers Hyderabad,KL Rahul,AJ Finch,PP Ojha,0,0,,,,,,"",""
ball,1,9.3,Sunrisers Hyderabad,KL Rahul,AJ Finch,PP Ojha,1,0,,,,,,"",""
ball,1,9.4,Sunrisers Hyderabad,AJ Finch,KL Rahul,PP Ojha,1,0,,,,,,"",""
ball,1,9.5,Sunrisers Hyderabad,KL Rahul,AJ Finch,PP Ojha,0,0,,,,,,run out,KL Rahul
ball,1,9.6,Sunrisers Hyderabad,DA Warner,AJ Finch,PP Ojha,0,0,,,,,,"",""
ball,1,10.1,Sunrisers Hyderabad,AJ Finch,DA Warner,KA Pollard,1,0,,,,,,"",""
ball,1,10.2,Sunrisers Hyderabad,DA Warner,AJ Finch,KA Pollard,1,0,,,,,,"",""
ball,1,10.3,Sunrisers Hyderabad,AJ Finch,DA Warner,KA Pollard,0,0,,,,,,"",""
ball,1,10.4,Sunrisers Hyderabad,AJ Finch,DA Warner,KA Pollard,1,0,,,,,,"",""
ball,1,10.5,Sunrisers Hyderabad,DA Warner,AJ Finch,KA Pollard,0,0,,,,,,"",""
ball,1,10.6,Sunrisers Hyderabad,DA Warner,AJ Finch,KA Pollard,0,0,,,,,,"",""
ball,1,11.1,Sunrisers Hyderabad,AJ Finch,DA Warner,PP Ojha,1,0,,,,,,"",""
ball,1,11.2,Sunrisers Hyderabad,DA Warner,AJ Finch,PP Ojha,0,0,,,,,,"",""
ball,1,11.3,Sunrisers Hyderabad,DA Warner,AJ Finch,PP Ojha,4,0,,,,,,"",""
ball,1,11.4,Sunrisers Hyderabad,DA Warner,AJ Finch,PP Ojha,1,0,,,,,,"",""
ball,1,11.5,Sunrisers Hyderabad,AJ Finch,DA Warner,PP Ojha,0,0,,,,,,"",""
ball,1,11.6,Sunrisers Hyderabad,AJ Finch,DA Warner,PP Ojha,1,0,,,,,,"",""
ball,1,12.1,Sunrisers Hyderabad,AJ Finch,DA Warner,Harbhajan Singh,0,0,,,,,,"",""
ball,1,12.2,Sunrisers Hyderabad,AJ Finch,DA Warner,Harbhajan Singh,0,0,,,,,,"",""
ball,1,12.3,Sunrisers Hyderabad,AJ Finch,DA Warner,Harbhajan Singh,1,0,,,,,,"",""
ball,1,12.4,Sunrisers Hyderabad,DA Warner,AJ Finch,Harbhajan Singh,0,0,,,,,,"",""
ball,1,12.5,Sunrisers Hyderabad,DA Warner,AJ Finch,Harbhajan Singh,0,0,,,,,,"",""
ball,1,12.6,Sunrisers Hyderabad,DA Warner,AJ Finch,Harbhajan Singh,2,0,,,,,,"",""
ball,1,13.1,Sunrisers Hyderabad,AJ Finch,DA Warner,SL Malinga,0,0,,,,,,"",""
ball,1,13.2,Sunrisers Hyderabad,AJ Finch,DA Warner,SL Malinga,1,0,,,,,,"",""
ball,1,13.3,Sunrisers Hyderabad,DA Warner,AJ Finch,SL Malinga,4,0,,,,,,"",""
ball,1,13.4,Sunrisers Hyderabad,DA Warner,AJ Finch,SL Malinga,1,0,,,,,,"",""
ball,1,13.5,Sunrisers Hyderabad,AJ Finch,DA Warner,SL Malinga,1,0,,,,,,"",""
ball,1,13.6,Sunrisers Hyderabad,DA Warner,AJ Finch,SL Malinga,1,0,,,,,,"",""
ball,1,14.1,Sunrisers Hyderabad,DA Warner,AJ Finch,Harbhajan Singh,2,0,,,,,,"",""
ball,1,14.2,Sunrisers Hyderabad,DA Warner,AJ Finch,Harbhajan Singh,4,0,,,,,,"",""
ball,1,14.3,Sunrisers Hyderabad,DA Warner,AJ Finch,Harbhajan Singh,0,1,1,,,,,"",""
ball,1,14.4,Sunrisers Hyderabad,DA Warner,AJ Finch,Harbhajan Singh,0,0,,,,,,"",""
ball,1,14.5,Sunrisers Hyderabad,DA Warner,AJ Finch,Harbhajan Singh,1,0,,,,,,"",""
ball,1,14.6,Sunrisers Hyderabad,AJ Finch,DA Warner,Harbhajan Singh,4,0,,,,,,"",""
ball,1,14.7,Sunrisers Hyderabad,AJ Finch,DA Warner,Harbhajan Singh,0,0,,,,,,"",""
ball,1,15.1,Sunrisers Hyderabad,DA Warner,AJ Finch,JJ Bumrah,4,0,,,,,,"",""
ball,1,15.2,Sunrisers Hyderabad,DA Warner,AJ Finch,JJ Bumrah,1,0,,,,,,"",""
ball,1,15.3,Sunrisers Hyderabad,AJ Finch,DA Warner,JJ Bumrah,2,0,,,,,,"",""
ball,1,15.4,Sunrisers Hyderabad,AJ Finch,DA Warner,JJ Bumrah,0,0,,,,,,"",""
ball,1,15.5,Sunrisers Hyderabad,AJ Finch,DA Warner,JJ Bumrah,0,0,,,,,,"",""
ball,1,15.6,Sunrisers Hyderabad,AJ Finch,DA Warner,JJ Bumrah,2,0,,,,,,"",""
ball,1,16.1,Sunrisers Hyderabad,DA Warner,AJ Finch,SL Malinga,1,0,,,,,,"",""
ball,1,16.2,Sunrisers Hyderabad,AJ Finch,DA Warner,SL Malinga,1,0,,,,,,"",""
ball,1,16.3,Sunrisers Hyderabad,DA Warner,AJ Finch,SL Malinga,1,0,,,,,,"",""
ball,1,16.4,Sunrisers Hyderabad,AJ Finch,DA Warner,SL Malinga,2,0,,,,,,"",""
ball,1,16.5,Sunrisers Hyderabad,AJ Finch,DA Warner,SL Malinga,0,0,,,,,,"",""
ball,1,16.6,Sunrisers Hyderabad,AJ Finch,DA Warner,SL Malinga,1,0,,,,,,"",""
ball,1,17.1,Sunrisers Hyderabad,AJ Finch,DA Warner,JJ Bumrah,1,0,,,,,,"",""
ball,1,17.2,Sunrisers Hyderabad,DA Warner,AJ Finch,JJ Bumrah,1,0,,,,,,"",""
ball,1,17.3,Sunrisers Hyderabad,AJ Finch,DA Warner,JJ Bumrah,1,0,,,,,,"",""
ball,1,17.4,Sunrisers Hyderabad,DA Warner,AJ Finch,JJ Bumrah,1,0,,,,,,"",""
ball,1,17.5,Sunrisers Hyderabad,AJ Finch,DA Warner,JJ Bumrah,1,0,,,,,,"",""
ball,1,17.6,Sunrisers Hyderabad,DA Warner,AJ Finch,JJ Bumrah,1,0,,,,,,"",""
ball,1,18.1,Sunrisers Hyderabad,DA Warner,AJ Finch,SL Malinga,1,0,,,,,,"",""
ball,1,18.2,Sunrisers Hyderabad,AJ Finch,DA Warner,SL Malinga,0,1,,,,1,,"",""
ball,1,18.3,Sunrisers Hyderabad,DA Warner,AJ Finch,SL Malinga,6,0,,,,,,"",""
ball,1,18.4,Sunrisers Hyderabad,DA Warner,AJ Finch,SL Malinga,1,0,,,,,,"",""
ball,1,18.5,Sunrisers Hyderabad,AJ Finch,DA Warner,SL Malinga,0,0,,,,,,caught,AJ Finch
ball,1,18.6,Sunrisers Hyderabad,DA Warner,NV Ojha,SL Malinga,6,0,,,,,,"",""
ball,1,19.1,Sunrisers Hyderabad,NV Ojha,DA Warner,KA Pollard,0,0,,,,,,"",""
ball,1,19.2,Sunrisers Hyderabad,NV Ojha,DA Warner,KA Pollard,0,1,1,,,,,"",""
ball,1,19.3,Sunrisers Hyderabad,NV Ojha,DA Warner,KA Pollard,6,0,,,,,,"",""
ball,1,19.4,Sunrisers Hyderabad,NV Ojha,DA Warner,KA Pollard,1,0,,,,,,"",""
ball,1,19.5,Sunrisers Hyderabad,DA Warner,NV Ojha,KA Pollard,2,0,,,,,,"",""
ball,1,19.6,Sunrisers Hyderabad,DA Warner,NV Ojha,KA Pollard,4,0,,,,,,"",""
ball,1,19.7,Sunrisers Hyderabad,DA Warner,NV Ojha,KA Pollard,4,0,,,,,,"",""
ball,2,0.1,Mumbai Indians,LMP Simmons,CM Gautam,DW Steyn,0,0,,,,,,"",""
ball,2,0.2,Mumbai Indians,LMP Simmons,CM Gautam,DW Steyn,0,0,,,,,,"",""
ball,2,0.3,Mumbai Indians,LMP Simmons,CM Gautam,DW Steyn,0,0,,,,,,"",""
ball,2,0.4,Mumbai Indians,LMP Simmons,CM Gautam,DW Steyn,1,0,,,,,,"",""
ball,2,0.5,Mumbai Indians,CM Gautam,LMP Simmons,DW Steyn,1,0,,,,,,"",""
ball,2,0.6,Mumbai Indians,LMP Simmons,CM Gautam,DW Steyn,0,0,,,,,,"",""
ball,2,1.1,Mumbai Indians,CM Gautam,LMP Simmons,B Kumar,0,0,,,,,,"",""
ball,2,1.2,Mumbai Indians,CM Gautam,LMP Simmons,B Kumar,0,0,,,,,,caught,CM Gautam
ball,2,1.3,Mumbai Indians,AT Rayudu,LMP Simmons,B Kumar,1,0,,,,,,"",""
ball,2,1.4,Mumbai Indians,LMP Simmons,AT Rayudu,B Kumar,0,0,,,,,,"",""
ball,2,1.5,Mumbai Indians,LMP Simmons,AT Rayudu,B Kumar,0,0,,,,,,"",""
ball,2,1.6,Mumbai Indians,LMP Simmons,AT Rayudu,B Kumar,0,0,,,,,,"",""
ball,2,2.1,Mumbai Indians,AT Rayudu,LMP Simmons,DW Steyn,1,0,,,,,,"",""
ball,2,2.2,Mumbai Indians,LMP Simmons,AT Rayudu,DW Steyn,0,0,,,,,,"",""
ball,2,2.3,Mumbai Indians,LMP Simmons,AT Rayudu,DW Steyn,0,0,,,,,,"",""
ball,2,2.4,Mumbai Indians,LMP Simmons,AT Rayudu,DW Steyn,2,0,,,,,,"",""
ball,2,2.5,Mumbai Indians,LMP Simmons,AT Rayudu,DW Steyn,2,0,,,,,,"",""
ball,2,2.6,Mumbai Indians,LMP Simmons,AT Rayudu,DW Steyn,1,0,,,,,,"",""
ball,2,3.1,Mumbai Indians,LMP Simmons,AT Rayudu,B Kumar,1,0,,,,,,"",""
ball,2,3.2,Mumbai Indians,AT Rayudu,LMP Simmons,B Kumar,4,0,,,,,,"",""
ball,2,3.3,Mumbai Indians,AT Rayudu,LMP Simmons,B Kumar,0,0,,,,,,"",""
ball,2,3.4,Mumbai Indians,AT Rayudu,LMP Simmons,B Kumar,2,0,,,,,,"",""
ball,2,3.5,Mumbai Indians,AT Rayudu,LMP Simmons,B Kumar,0,0,,,,,,"",""
ball,2,3.6,Mumbai Indians,AT Rayudu,LMP Simmons,B Kumar,0,0,,,,,,"",""
ball,2,4.1,Mumbai Indians,LMP Simmons,AT Rayudu,IK Pathan,0,0,,,,,,"",""
ball,2,4.2,Mumbai Indians,LMP Simmons,AT Rayudu,IK Pathan,6,0,,,,,,"",""
ball,2,4.3,Mumbai Indians,LMP Simmons,AT Rayudu,IK Pathan,4,0,,,,,,"",""
ball,2,4.4,Mumbai Indians,LMP Simmons,AT Rayudu,IK Pathan,0,0,,,,,,"",""
ball,2,4.5,Mumbai Indians,LMP Simmons,AT Rayudu,IK Pathan,0,0,,,,,,"",""
ball,2,4.6,Mumbai Indians,LMP Simmons,AT Rayudu,IK Pathan,6,0,,,,,,"",""
ball,2,5.1,Mumbai Indians,AT Rayudu,LMP Simmons,B Kumar,2,0,,,,,,"",""
ball,2,5.2,Mumbai Indians,AT Rayudu,LMP Simmons,B Kumar,0,0,,,,,,"",""
ball,2,5.3,Mumbai Indians,AT Rayudu,LMP Simmons,B Kumar,1,0,,,,,,"",""
ball,2,5.4,Mumbai Indians,LMP Simmons,AT Rayudu,B Kumar,0,0,,,,,,"",""
ball,2,5.5,Mumbai Indians,LMP Simmons,AT Rayudu,B Kumar,1,0,,,,,,"",""
ball,2,5.6,Mumbai Indians,AT Rayudu,LMP Simmons,B Kumar,2,0,,,,,,"",""
ball,2,6.1,Mumbai Indians,LMP Simmons,AT Rayudu,A Mishra,1,0,,,,,,"",""
ball,2,6.2,Mumbai Indians,AT Rayudu,LMP Simmons,A Mishra,6,0,,,,,,"",""
ball,2,6.3,Mumbai Indians,AT Rayudu,LMP Simmons,A Mishra,2,0,,,,,,"",""
ball,2,6.4,Mumbai Indians,AT Rayudu,LMP Simmons,A Mishra,0,0,,,,,,"",""
ball,2,6.5,Mumbai Indians,AT Rayudu,LMP Simmons,A Mishra,1,0,,,,,,"",""
ball,2,6.6,Mumbai Indians,LMP Simmons,AT Rayudu,A Mishra,0,0,,,,,,"",""
ball,2,7.1,Mumbai Indians,AT Rayudu,LMP Simmons,KV Sharma,1,0,,,,,,"",""
ball,2,7.2,Mumbai Indians,LMP Simmons,AT Rayudu,KV Sharma,0,0,,,,,,"",""
ball,2,7.3,Mumbai Indians,LMP Simmons,AT Rayudu,KV Sharma,0,0,,,,,,"",""
ball,2,7.4,Mumbai Indians,LMP Simmons,AT Rayudu,KV Sharma,1,0,,,,,,"",""
ball,2,7.5,Mumbai Indians,AT Rayudu,LMP Simmons,KV Sharma,0,0,,,,,,"",""
ball,2,7.6,Mumbai Indians,AT Rayudu,LMP Simmons,KV Sharma,1,0,,,,,,"",""
ball,2,8.1,Mumbai Indians,AT Rayudu,LMP Simmons,A Mishra,1,0,,,,,,"",""
ball,2,8.2,Mumbai Indians,LMP Simmons,AT Rayudu,A Mishra,1,0,,,,,,"",""
ball,2,8.3,Mumbai Indians,AT Rayudu,LMP Simmons,A Mishra,1,0,,,,,,"",""
ball,2,8.4,Mumbai Indians,LMP Simmons,AT Rayudu,A Mishra,6,0,,,,,,"",""
ball,2,8.5,Mumbai Indians,LMP Simmons,AT Rayudu,A Mishra,0,0,,,,,,"",""
ball,2,8.6,Mumbai Indians,LMP Simmons,AT Rayudu,A Mishra,2,0,,,,,,"",""
ball,2,9.1,Mumbai Indians,AT Rayudu,LMP Simmons,KV Sharma,0,0,,,,,,"",""
ball,2,9.2,Mumbai Indians,AT Rayudu,LMP Simmons,KV Sharma,1,0,,,,,,"",""
ball,2,9.3,Mumbai Indians,LMP Simmons,AT Rayudu,KV Sharma,2,0,,,,,,"",""
ball,2,9.4,Mumbai Indians,LMP Simmons,AT Rayudu,KV Sharma,4,0,,,,,,"",""
ball,2,9.5,Mumbai Indians,LMP Simmons,AT Rayudu,KV Sharma,0,0,,,,,,"",""
ball,2,9.6,Mumbai Indians,LMP Simmons,AT Rayudu,KV Sharma,6,0,,,,,,"",""
ball,2,10.1,Mumbai Indians,AT Rayudu,LMP Simmons,MC Henriques,0,0,,,,,,"",""
ball,2,10.2,Mumbai Indians,AT Rayudu,LMP Simmons,MC Henriques,4,0,,,,,,"",""
ball,2,10.3,Mumbai Indians,AT Rayudu,LMP Simmons,MC Henriques,0,0,,,,,,"",""
ball,2,10.4,Mumbai Indians,AT Rayudu,LMP Simmons,MC Henriques,0,0,,,,,,"",""
ball,2,10.5,Mumbai Indians,AT Rayudu,LMP Simmons,MC Henriques,1,0,,,,,,"",""
ball,2,10.6,Mumbai Indians,LMP Simmons,AT Rayudu,MC Henriques,0,0,,,,,,"",""
ball,2,11.1,Mumbai Indians,AT Rayudu,LMP Simmons,IK Pathan,1,0,,,,,,"",""
ball,2,11.2,Mumbai Indians,LMP Simmons,AT Rayudu,IK Pathan,0,0,,,,,,"",""
ball,2,11.3,Mumbai Indians,LMP Simmons,AT Rayudu,IK Pathan,1,0,,,,,,"",""
ball,2,11.4,Mumbai Indians,AT Rayudu,LMP Simmons,IK Pathan,4,0,,,,,,"",""
ball,2,11.5,Mumbai Indians,AT Rayudu,LMP Simmons,IK Pathan,6,0,,,,,,"",""
ball,2,11.6,Mumbai Indians,AT Rayudu,LMP Simmons,IK Pathan,1,0,,,,,,"",""
ball,2,12.1,Mumbai Indians,AT Rayudu,LMP Simmons,DW Steyn,4,0,,,,,,"",""
ball,2,12.2,Mumbai Indians,AT Rayudu,LMP Simmons,DW Steyn,1,0,,,,,,"",""
ball,2,12.3,Mumbai Indians,LMP Simmons,AT Rayudu,DW Steyn,2,0,,,,,,"",""
ball,2,12.4,Mumbai Indians,LMP Simmons,AT Rayudu,DW Steyn,0,0,,,,,,"",""
ball,2,12.5,Mumbai Indians,LMP Simmons,AT Rayudu,DW Steyn,4,0,,,,,,"",""
ball,2,12.6,Mumbai Indians,LMP Simmons,AT Rayudu,DW Steyn,1,0,,,,,,"",""
ball,2,13.1,Mumbai Indians,AT Rayudu,LMP Simmons,A Mishra,1,0,,,,,,"",""
ball,2,13.2,Mumbai Indians,LMP Simmons,AT Rayudu,A Mishra,4,0,,,,,,"",""
ball,2,13.3,Mumbai Indians,LMP Simmons,AT Rayudu,A Mishra,1,0,,,,,,"",""
ball,2,13.4,Mumbai Indians,AT Rayudu,LMP Simmons,A Mishra,4,0,,,,,,"",""
ball,2,13.5,Mumbai Indians,AT Rayudu,LMP Simmons,A Mishra,1,0,,,,,,"",""
ball,2,13.6,Mumbai Indians,LMP Simmons,AT Rayudu,A Mishra,1,0,,,,,,"",""
ball,2,14.1,Mumbai Indians,LMP Simmons,AT Rayudu,MC Henriques,1,0,,,,,,"",""
ball,2,14.2,Mumbai Indians,AT Rayudu,LMP Simmons,MC Henriques,4,0,,,,,,"",""
ball,2,14.3,Mumbai Indians,AT Rayudu,LMP Simmons,MC Henriques,1,0,,,,,,"",""
ball,2,14.4,Mumbai Indians,LMP Simmons,AT Rayudu,MC Henriques,1,0,,,,,,"",""
ball,2,14.5,Mumbai Indians,AT Rayudu,LMP Simmons,MC Henriques,0,0,,,,,,"",""
ball,2,14.6,Mumbai Indians,AT Rayudu,LMP Simmons,MC Henriques,1,0,,,,,,"",""
ball,2,15.1,Mumbai Indians,AT Rayudu,LMP Simmons,B Kumar,1,0,,,,,,"",""
ball,2,15.2,Mumbai Indians,LMP Simmons,AT Rayudu,B Kumar,1,0,,,,,,"",""
ball,2,15.3,Mumbai Indians,AT Rayudu,LMP Simmons,B Kumar,1,0,,,,,,"",""
ball,2,15.4,Mumbai Indians,LMP Simmons,AT Rayudu,B Kumar,4,0,,,,,,"",""
ball,2,15.5,Mumbai Indians,LMP Simmons,AT Rayudu,B Kumar,0,0,,,,,,bowled,LMP Simmons
ball,2,15.6,Mumbai Indians,RG Sharma,AT Rayudu,B Kumar,0,0,,,,,,"",""
ball,2,16.1,Mumbai Indians,AT Rayudu,RG Sharma,MC Henriques,0,1,1,,,,,"",""
ball,2,16.2,Mumbai Indians,AT Rayudu,RG Sharma,MC Henriques,4,0,,,,,,"",""
ball,2,16.3,Mumbai Indians,AT Rayudu,RG Sharma,MC Henriques,0,1,1,,,,,"",""
ball,2,16.4,Mumbai Indians,AT Rayudu,RG Sharma,MC Henriques,1,0,,,,,,"",""
ball,2,16.5,Mumbai Indians,RG Sharma,AT Rayudu,MC Henriques,1,0,,,,,,"",""
ball,2,16.6,Mumbai Indians,AT Rayudu,RG Sharma,MC Henriques,0,0,,,,,,"",""
ball,2,16.7,Mumbai Indians,AT Rayudu,RG Sharma,MC Henriques,0,1,1,,,,,"",""
ball,2,16.8,Mumbai Indians,AT Rayudu,RG Sharma,MC Henriques,0,0,,,,,,caught and bowled,AT Rayudu
ball,2,16.9,Mumbai Indians,KA Pollard,RG Sharma,MC Henriques,1,0,,,,,,"",""
ball,2,17.1,Mumbai Indians,KA Pollard,RG Sharma,DW Steyn,0,0,,,,,,"",""
ball,2,17.2,Mumbai Indians,KA Pollard,RG Sharma,DW Steyn,0,0,,,,,,"",""
ball,2,17.3,Mumbai Indians,KA Pollard,RG Sharma,DW Steyn,0,0,,,,,,"",""
ball,2,17.4,Mumbai Indians,KA Pollard,RG Sharma,DW Steyn,1,0,,,,,,"",""
ball,2,17.5,Mumbai Indians,RG Sharma,KA Pollard,DW Steyn,4,0,,,,,,"",""
ball,2,17.6,Mumbai Indians,RG Sharma,KA Pollard,DW Steyn,4,0,,,,,,"",""
ball,2,18.1,Mumbai Indians,KA Pollard,RG Sharma,KV Sharma,3,0,,,,,,"",""
ball,2,18.2,Mumbai Indians,RG Sharma,KA Pollard,KV Sharma,1,0,,,,,,"",""
ball,2,18.3,Mumbai Indians,KA Pollard,RG Sharma,KV Sharma,1,0,,,,,,"",""
ball,2,18.4,Mumbai Indians,RG Sharma,KA Pollard,KV Sharma,4,0,,,,,,"",""
