version,1.6.0
info,balls_per_over,6
info,team,Mumbai Indians
info,team,Rajasthan Royals
info,gender,male
info,season,2015
info,date,2015/05/01
info,event,Indian Premier League
info,match_number,32
info,venue,Wankhede Stadium
info,city,Mumbai
info,toss_winner,Rajasthan Royals
info,toss_decision,field
info,player_of_match,AT Rayudu
info,umpire,HDPK Dharmasena
info,umpire,CK Nandan
info,reserve_umpire,Nitin Menon
info,tv_umpire,CB Gaffaney
info,match_referee,RS Mahanama
info,winner,Mumbai Indians
info,winner_runs,8
info,player,Mumbai Indians,LMP Simmons
info,player,Mumbai Indians,PA Patel
info,player,Mumbai Indians,UBT Chand
info,player,Mumbai Indians,RG Sharma
info,player,Mumbai Indians,AT Rayudu
info,player,Mumbai Indians,KA Pollard
info,player,Mumbai Indians,Harbhajan Singh
info,player,Mumbai Indians,J Suchith
info,player,Mumbai Indians,R Vinay Kumar
info,player,Mumbai Indians,MJ McClenaghan
info,player,Mumbai Indians,SL Malinga
info,player,Rajasthan Royals,AM Rahane
info,player,Rajasthan Royals,SR Watson
info,player,Rajasthan Royals,SV Samson
info,player,Rajasthan Royals,SPD Smith
info,player,Rajasthan Royals,KK Nair
info,player,Rajasthan Royals,STR Binny
info,player,Rajasthan Royals,DJ Hooda
info,player,Rajasthan Royals,TG Southee
info,player,Rajasthan Royals,J Theron
info,player,Rajasthan Royals,DS Kulkarni
info,player,Rajasthan Royals,Ankit Sharma
info,registry,people,AM Rahane,29e95537
info,registry,people,AT Rayudu,70d205c9
info,registry,people,Ankit Sharma,24d94623
info,registry,people,CB Gaffaney,d5ac41d8
info,registry,people,CK Nandan,012de9c4
info,registry,people,DJ Hooda,73ad96ed
info,registry,people,DS Kulkarni,d2a989fc
info,registry,people,HDPK Dharmasena,323e4c16
info,registry,people,Harbhajan Singh,8b5b6769
info,registry,people,J Suchith,4125d931
info,registry,people,J Theron,dec8e038
info,registry,people,KA Pollard,a757b0d8
info,registry,people,KK Nair,944533a5
info,registry,people,LMP Simmons,89f64c19
info,registry,people,MJ McClenaghan,51a3c5ef
info,registry,people,Nitin Menon,e1d41d9e
info,registry,people,PA Patel,b5da6c24
info,registry,people,R Vinay Kumar,41eb4a4f
info,registry,people,RG Sharma,740742ef
info,registry,people,RS Mahanama,57910393
info,registry,people,SL Malinga,a12e1d51
info,registry,people,SPD Smith,30a45b23
info,registry,people,SR Watson,4329fbb5
info,registry,people,STR Binny,bd17b45f
info,registry,people,SV Samson,a4cc73aa
info,registry,people,TG Southee,13c35c9e
info,registry,people,UBT Chand,0c94f480
ball,1,0.1,Mumbai Indians,LMP Simmons,PA Patel,TG Southee,0,0,,,,,,"",""
ball,1,0.2,Mumbai Indians,LMP Simmons,PA Patel,TG Southee,0,0,,,,,,"",""
ball,1,0.3,Mumbai Indians,LMP Simmons,PA Patel,TG Southee,0,0,,,,,,"",""
ball,1,0.4,Mumbai Indians,LMP Simmons,PA Patel,TG Southee,4,0,,,,,,"",""
ball,1,0.5,Mumbai Indians,LMP Simmons,PA Patel,TG Southee,1,0,,,,,,"",""
ball,1,0.6,Mumbai Indians,PA Patel,LMP Simmons,TG Southee,0,0,,,,,,"",""
ball,1,1.1,Mumbai Indians,LMP Simmons,PA Patel,DS Kulkarni,2,0,,,,,,"",""
ball,1,1.2,Mumbai Indians,LMP Simmons,PA Patel,DS Kulkarni,0,2,2,,,,,"",""
ball,1,1.3,Mumbai Indians,PA Patel,LMP Simmons,DS Kulkarni,0,0,,,,,,"",""
ball,1,1.4,Mumbai Indians,PA Patel,LMP Simmons,DS Kulkarni,4,0,,,,,,"",""
ball,1,1.5,Mumbai Indians,PA Patel,LMP Simmons,DS Kulkarni,4,0,,,,,,"",""
ball,1,1.6,Mumbai Indians,PA Patel,LMP Simmons,DS Kulkarni,0,0,,,,,,"",""
ball,1,1.7,Mumbai Indians,PA Patel,LMP Simmons,DS Kulkarni,1,0,,,,,,"",""
ball,1,2.1,Mumbai Indians,PA Patel,LMP Simmons,TG Southee,1,0,,,,,,"",""
ball,1,2.2,Mumbai Indians,LMP Simmons,PA Patel,TG Southee,2,0,,,,,,"",""
ball,1,2.3,Mumbai Indians,LMP Simmons,PA Patel,TG Southee,0,0,,,,,,"",""
ball,1,2.4,Mumbai Indians,LMP Simmons,PA Patel,TG Southee,1,0,,,,,,"",""
ball,1,2.5,Mumbai Indians,PA Patel,LMP Simmons,TG Southee,0,0,,,,,,"",""
ball,1,2.6,Mumbai Indians,PA Patel,LMP Simmons,TG Southee,4,0,,,,,,"",""
ball,1,3.1,Mumbai Indians,LMP Simmons,PA Patel,J Theron,1,0,,,,,,"",""
ball,1,3.2,Mumbai Indians,PA Patel,LMP Simmons,J Theron,4,0,,,,,,"",""
ball,1,3.3,Mumbai Indians,PA Patel,LMP Simmons,J Theron,0,0,,,,,,"",""
ball,1,3.4,Mumbai Indians,PA Patel,LMP Simmons,J Theron,4,0,,,,,,"",""
ball,1,3.5,Mumbai Indians,PA Patel,LMP Simmons,J Theron,1,0,,,,,,"",""
ball,1,3.6,Mumbai Indians,LMP Simmons,PA Patel,J Theron,0,1,1,,,,,"",""
ball,1,3.7,Mumbai Indians,LMP Simmons,PA Patel,J Theron,1,0,,,,,,"",""
ball,1,4.1,Mumbai Indians,LMP Simmons,PA Patel,DS Kulkarni,0,0,,,,,,"",""
ball,1,4.2,Mumbai Indians,LMP Simmons,PA Patel,DS Kulkarni,4,0,,,,,,"",""
ball,1,4.3,Mumbai Indians,LMP Simmons,PA Patel,DS Kulkarni,0,0,,,,,,"",""
ball,1,4.4,Mumbai Indians,LMP Simmons,PA Patel,DS Kulkarni,1,0,,,,,,"",""
ball,1,4.5,Mumbai Indians,PA Patel,LMP Simmons,DS Kulkarni,0,0,,,,,,caught and bowled,PA Patel
ball,1,4.6,Mumbai Indians,UBT Chand,LMP Simmons,DS Kulkarni,0,0,,,,,,"",""
ball,1,5.1,Mumbai Indians,LMP Simmons,UBT Chand,SR Watson,1,0,,,,,,"",""
ball,1,5.2,Mumbai Indians,UBT Chand,LMP Simmons,SR Watson,0,0,,,,,,"",""
ball,1,5.3,Mumbai Indians,UBT Chand,LMP Simmons,SR Watson,1,0,,,,,,"",""
ball,1,5.4,Mumbai Indians,LMP Simmons,UBT Chand,SR Watson,0,1,,,,1,,"",""
ball,1,5.5,Mumbai Indians,UBT Chand,LMP Simmons,SR Watson,0,0,,,,,,"",""
ball,1,5.6,Mumbai Indians,UBT Chand,LMP Simmons,SR Watson,1,0,,,,,,"",""
ball,1,6.1,Mumbai Indians,UBT Chand,LMP Simmons,STR Binny,1,0,,,,,,"",""
ball,1,6.2,Mumbai Indians,LMP Simmons,UBT Chand,STR Binny,1,0,,,,,,"",""
ball,1,6.3,Mumbai Indians,UBT Chand,LMP Simmons,STR Binny,1,0,,,,,,"",""
ball,1,6.4,Mumbai Indians,LMP Simmons,UBT Chand,STR Binny,1,0,,,,,,"",""
ball,1,6.5,Mumbai Indians,UBT Chand,LMP Simmons,STR Binny,1,0,,,,,,"",""
ball,1,6.6,Mumbai Indians,LMP Simmons,UBT Chand,STR Binny,0,0,,,,,,"",""
ball,1,7.1,Mumbai Indians,UBT Chand,LMP Simmons,Ankit Sharma,1,0,,,,,,"",""
ball,1,7.2,Mumbai Indians,LMP Simmons,UBT Chand,Ankit Sharma,0,0,,,,,,"",""
ball,1,7.3,Mumbai Indians,LMP Simmons,UBT Chand,Ankit Sharma,0,0,,,,,,"",""
ball,1,7.4,Mumbai Indians,LMP Simmons,UBT Chand,Ankit Sharma,4,0,,,,,,"",""
ball,1,7.5,Mumbai Indians,LMP Simmons,UBT Chand,Ankit Sharma,2,0,,,,,,"",""
ball,1,7.6,Mumbai Indians,LMP Simmons,UBT Chand,Ankit Sharma,1,0,,,,,,"",""
ball,1,8.1,Mumbai Indians,LMP Simmons,UBT Chand,SR Watson,0,0,,,,,,"",""
ball,1,8.2,Mumbai Indians,LMP Simmons,UBT Chand,SR Watson,0,0,,,,,,"",""
ball,1,8.3,Mumbai Indians,LMP Simmons,UBT Chand,SR Watson,4,0,,,,,,"",""
ball,1,8.4,Mumbai Indians,LMP Simmons,UBT Chand,SR Watson,6,0,,,,,,"",""
ball,1,8.5,Mumbai Indians,LMP Simmons,UBT Chand,SR Watson,1,0,,,,,,"",""
ball,1,8.6,Mumbai Indians,UBT Chand,LMP Simmons,SR Watson,2,0,,,,,,"",""
ball,1,9.1,Mumbai Indians,LMP Simmons,UBT Chand,Ankit Sharma,0,0,,,,,,lbw,LMP Simmons
ball,1,9.2,Mumbai Indians,RG Sharma,UBT Chand,Ankit Sharma,1,0,,,,,,"",""
ball,1,9.3,Mumbai Indians,UBT Chand,RG Sharma,Ankit Sharma,1,0,,,,,,"",""
ball,1,9.4,Mumbai Indians,RG Sharma,UBT Chand,Ankit Sharma,0,0,,,,,,"",""
ball,1,9.5,Mumbai Indians,RG Sharma,UBT Chand,Ankit Sharma,0,1,1,,,,,"",""
ball,1,9.6,Mumbai Indians,RG Sharma,UBT Chand,Ankit Sharma,1,0,,,,,,"",""
ball,1,9.7,Mumbai Indians,UBT Chand,RG Sharma,Ankit Sharma,4,0,,,,,,"",""
ball,1,10.1,Mumbai Indians,RG Sharma,UBT Chand,TG Southee,2,0,,,,,,"",""
ball,1,10.2,Mumbai Indians,RG Sharma,UBT Chand,TG Southee,1,0,,,,,,"",""
ball,1,10.3,Mumbai Indians,UBT Chand,RG Sharma,TG Southee,0,0,,,,,,"",""
ball,1,10.4,Mumbai Indians,UBT Chand,RG Sharma,TG Southee,0,0,,,,,,caught,UBT Chand
ball,1,10.5,Mumbai Indians,RG Sharma,AT Rayudu,TG Southee,4,0,,,,,,"",""
ball,1,10.6,Mumbai Indians,RG Sharma,AT Rayudu,TG Southee,0,0,,,,,,"",""
ball,1,11.1,Mumbai Indians,AT Rayudu,RG Sharma,Ankit Sharma,1,0,,,,,,"",""
ball,1,11.2,Mumbai Indians,RG Sharma,AT Rayudu,Ankit Sharma,2,0,,,,,,"",""
ball,1,11.3,Mumbai Indians,RG Sharma,AT Rayudu,Ankit Sharma,1,0,,,,,,"",""
ball,1,11.4,Mumbai Indians,AT Rayudu,RG Sharma,Ankit Sharma,1,0,,,,,,"",""
ball,1,11.5,Mumbai Indians,RG Sharma,AT Rayudu,Ankit Sharma,1,0,,,,,,"",""
ball,1,11.6,Mumbai Indians,AT Rayudu,RG Sharma,Ankit Sharma,1,0,,,,,,"",""
ball,1,12.1,Mumbai Indians,AT Rayudu,RG Sharma,J Theron,1,0,,,,,,"",""
ball,1,12.2,Mumbai Indians,RG Sharma,AT Rayudu,J Theron,1,0,,,,,,"",""
ball,1,12.3,Mumbai Indians,AT Rayudu,RG Sharma,J Theron,1,0,,,,,,"",""
ball,1,12.4,Mumbai Indians,RG Sharma,AT Rayudu,J Theron,0,0,,,,,,"",""
ball,1,12.5,Mumbai Indians,RG Sharma,AT Rayudu,J Theron,1,0,,,,,,"",""
ball,1,12.6,Mumbai Indians,AT Rayudu,RG Sharma,J Theron,0,0,,,,,,"",""
ball,1,13.1,Mumbai Indians,RG Sharma,AT Rayudu,STR Binny,1,0,,,,,,"",""
ball,1,13.2,Mumbai Indians,AT Rayudu,RG Sharma,STR Binny,1,0,,,,,,"",""
ball,1,13.3,Mumbai Indians,RG Sharma,AT Rayudu,STR Binny,4,0,,,,,,"",""
ball,1,13.4,Mumbai Indians,RG Sharma,AT Rayudu,STR Binny,0,0,,,,,,"",""
ball,1,13.5,Mumbai Indians,RG Sharma,AT Rayudu,STR Binny,0,1,,,,1,,"",""
ball,1,13.6,Mumbai Indians,AT Rayudu,RG Sharma,STR Binny,6,0,,,,,,"",""
ball,1,14.1,Mumbai Indians,RG Sharma,AT Rayudu,DS Kulkarni,0,0,,,,,,"",""
ball,1,14.2,Mumbai Indians,RG Sharma,AT Rayudu,DS Kulkarni,1,0,,,,,,"",""
ball,1,14.3,Mumbai Indians,AT Rayudu,RG Sharma,DS Kulkarni,1,0,,,,,,"",""
ball,1,14.4,Mumbai Indians,RG Sharma,AT Rayudu,DS Kulkarni,6,0,,,,,,"",""
ball,1,14.5,Mumbai Indians,RG Sharma,AT Rayudu,DS Kulkarni,0,0,,,,,,caught,RG Sharma
ball,1,14.6,Mumbai Indians,KA Pollard,AT Rayudu,DS Kulkarni,0,0,,,,,,"",""
ball,1,15.1,Mumbai Indians,AT Rayudu,KA Pollard,Ankit Sharma,1,0,,,,,,"",""
ball,1,15.2,Mumbai Indians,KA Pollard,AT Rayudu,Ankit Sharma,1,0,,,,,,"",""
ball,1,15.3,Mumbai Indians,AT Rayudu,KA Pollard,Ankit Sharma,1,0,,,,,,"",""
ball,1,15.4,Mumbai Indians,KA Pollard,AT Rayudu,Ankit Sharma,1,0,,,,,,"",""
ball,1,15.5,Mumbai Indians,AT Rayudu,KA Pollard,Ankit Sharma,0,0,,,,,,"",""
ball,1,15.6,Mumbai Indians,AT Rayudu,KA Pollard,Ankit Sharma,2,0,,,,,,"",""
ball,1,16.1,Mumbai Indians,KA Pollard,AT Rayudu,J Theron,0,1,,,,1,,"",""
ball,1,16.2,Mumbai Indians,AT Rayudu,KA Pollard,J Theron,1,0,,,,,,"",""
ball,1,16.3,Mumbai Indians,KA Pollard,AT Rayudu,J Theron,0,1,1,,,,,"",""
ball,1,16.4,Mumbai Indians,KA Pollard,AT Rayudu,J Theron,2,0,,,,,,"",""
ball,1,16.5,Mumbai Indians,KA Pollard,AT Rayudu,J Theron,1,0,,,,,,"",""
ball,1,16.6,Mumbai Indians,AT Rayudu,KA Pollard,J Theron,6,0,,,,,,"",""
ball,1,16.7,Mumbai Indians,AT Rayudu,KA Pollard,J Theron,1,0,,,,,,"",""
ball,1,17.1,Mumbai Indians,AT Rayudu,KA Pollard,SR Watson,4,0,,,,,,"",""
ball,1,17.2,Mumbai Indians,AT Rayudu,KA Pollard,SR Watson,1,0,,,,,,"",""
ball,1,17.3,Mumbai Indians,KA Pollard,AT Rayudu,SR Watson,1,0,,,,,,"",""
ball,1,17.4,Mumbai Indians,AT Rayudu,KA Pollard,SR Watson,1,0,,,,,,"",""
ball,1,17.5,Mumbai Indians,KA Pollard,AT Rayudu,SR Watson,6,0,,,,,,"",""
ball,1,17.6,Mumbai Indians,KA Pollard,AT Rayudu,SR Watson,4,1,,1,,,,"",""
ball,1,17.7,Mumbai Indians,KA Pollard,AT Rayudu,SR Watson,2,0,,,,,,"",""
ball,1,18.1,Mumbai Indians,AT Rayudu,KA Pollard,TG Southee,0,0,,,,,,"",""
ball,1,18.2,Mumbai Indians,AT Rayudu,KA Pollard,TG Southee,4,0,,,,,,"",""
ball,1,18.3,Mumbai Indians,AT Rayudu,KA Pollard,TG Southee,1,0,,,,,,"",""
ball,1,18.4,Mumbai Indians,KA Pollard,AT Rayudu,TG Southee,1,0,,,,,,"",""
ball,1,18.5,Mumbai Indians,AT Rayudu,KA Pollard,TG Southee,6,0,,,,,,"",""
ball,1,18.6,Mumbai Indians,AT Rayudu,KA Pollard,TG Southee,4,0,,,,,,"",""
ball,1,19.1,Mumbai Indians,KA Pollard,AT Rayudu,J Theron,1,0,,,,,,"",""
ball,1,19.2,Mumbai Indians,AT Rayudu,KA Pollard,J Theron,1,0,,,,,,"",""
ball,1,19.3,Mumbai Indians,KA Pollard,AT Rayudu,J Theron,4,0,,,,,,"",""
ball,1,19.4,Mumbai Indians,KA Pollard,AT Rayudu,J Theron,0,0,,,,,,caught,KA Pollard
ball,1,19.5,Mumbai Indians,AT Rayudu,Harbhajan Singh,J Theron,2,0,,,,,,"",""
ball,1,19.6,Mumbai Indians,AT Rayudu,Harbhajan Singh,J Theron,4,0,,,,,,"",""
ball,2,0.1,Rajasthan Royals,AM Rahane,SR Watson,MJ McClenaghan,0,1,1,,,,,"",""
ball,2,0.2,Rajasthan Royals,AM Rahane,SR Watson,MJ McClenaghan,1,0,,,,,,"",""
ball,2,0.3,Rajasthan Royals,SR Watson,AM Rahane,MJ McClenaghan,0,0,,,,,,"",""
ball,2,0.4,Rajasthan Royals,SR Watson,AM Rahane,MJ McClenaghan,1,0,,,,,,"",""
ball,2,0.5,Rajasthan Royals,AM Rahane,SR Watson,MJ McClenaghan,0,1,1,,,,,"",""
ball,2,0.6,Rajasthan Royals,AM Rahane,SR Watson,MJ McClenaghan,4,0,,,,,,"",""
ball,2,0.7,Rajasthan Royals,AM Rahane,SR Watson,MJ McClenaghan,1,0,,,,,,"",""
ball,2,0.8,Rajasthan Royals,SR Watson,AM Rahane,MJ McClenaghan,0,0,,,,,,"",""
ball,2,1.1,Rajasthan Royals,AM Rahane,SR Watson,SL Malinga,1,0,,,,,,"",""
ball,2,1.2,Rajasthan Royals,SR Watson,AM Rahane,SL Malinga,1,0,,,,,,"",""
ball,2,1.3,Rajasthan Royals,AM Rahane,SR Watson,SL Malinga,2,0,,,,,,"",""
ball,2,1.4,Rajasthan Royals,AM Rahane,SR Watson,SL Malinga,0,0,,,,,,"",""
ball,2,1.5,Rajasthan Royals,AM Rahane,SR Watson,SL Malinga,4,0,,,,,,"",""
ball,2,1.6,Rajasthan Royals,AM Rahane,SR Watson,SL Malinga,1,0,,,,,,"",""
ball,2,2.1,Rajasthan Royals,AM Rahane,SR Watson,MJ McClenaghan,1,0,,,,,,"",""
ball,2,2.2,Rajasthan Royals,SR Watson,AM Rahane,MJ McClenaghan,6,0,,,,,,"",""
ball,2,2.3,Rajasthan Royals,SR Watson,AM Rahane,MJ McClenaghan,0,1,1,,,,,"",""
ball,2,2.4,Rajasthan Royals,SR Watson,AM Rahane,MJ McClenaghan,1,0,,,,,,"",""
ball,2,2.5,Rajasthan Royals,AM Rahane,SR Watson,MJ McClenaghan,1,0,,,,,,"",""
ball,2,2.6,Rajasthan Royals,SR Watson,AM Rahane,MJ McClenaghan,1,0,,,,,,"",""
ball,2,2.7,Rajasthan Royals,AM Rahane,SR Watson,MJ McClenaghan,0,1,,,,1,,"",""
ball,2,3.1,Rajasthan Royals,AM Rahane,SR Watson,R Vinay Kumar,0,0,,,,,,caught,AM Rahane
ball,2,3.2,Rajasthan Royals,SR Watson,SV Samson,R Vinay Kumar,4,0,,,,,,"",""
ball,2,3.3,Rajasthan Royals,SR Watson,SV Samson,R Vinay Kumar,0,0,,,,,,"",""
ball,2,3.4,Rajasthan Royals,SR Watson,SV Samson,R Vinay Kumar,1,0,,,,,,"",""
ball,2,3.5,Rajasthan Royals,SV Samson,SR Watson,R Vinay Kumar,0,0,,,,,,"",""
ball,2,3.6,Rajasthan Royals,SV Samson,SR Watson,R Vinay Kumar,4,0,,,,,,"",""
ball,2,4.1,Rajasthan Royals,SR Watson,SV Samson,J Suchith,0,0,,,,,,"",""
ball,2,4.2,Rajasthan Royals,SR Watson,SV Samson,J Suchith,0,0,,,,,,"",""
ball,2,4.3,Rajasthan Royals,SR Watson,SV Samson,J Suchith,0,0,,,,,,"",""
ball,2,4.4,Rajasthan Royals,SR Watson,SV Samson,J Suchith,0,0,,,,,,"",""
ball,2,4.5,Rajasthan Royals,SR Watson,SV Samson,J Suchith,6,0,,,,,,"",""
ball,2,4.6,Rajasthan Royals,SR Watson,SV Samson,J Suchith,4,0,,,,,,"",""
ball,2,5.1,Rajasthan Royals,SV Samson,SR Watson,R Vinay Kumar,4,0,,,,,,"",""
ball,2,5.2,Rajasthan Royals,SV Samson,SR Watson,R Vinay Kumar,0,0,,,,,,"",""
ball,2,5.3,Rajasthan Royals,SV Samson,SR Watson,R Vinay Kumar,0,0,,,,,,"",""
ball,2,5.4,Rajasthan Royals,SV Samson,SR Watson,R Vinay Kumar,1,0,,,,,,"",""
ball,2,5.5,Rajasthan Royals,SR Watson,SV Samson,R Vinay Kumar,1,0,,,,,,"",""
ball,2,5.6,Rajasthan Royals,SV Samson,SR Watson,R Vinay Kumar,0,0,,,,,,"",""
ball,2,6.1,Rajasthan Royals,SR Watson,SV Samson,J Suchith,0,3,3,,,,,"",""
ball,2,6.2,Rajasthan Royals,SR Watson,SV Samson,J Suchith,0,0,,,,,,"",""
ball,2,6.3,Rajasthan Royals,SR Watson,SV Samson,J Suchith,0,0,,,,,,"",""
ball,2,6.4,Rajasthan Royals,SR Watson,SV Samson,J Suchith,1,0,,,,,,"",""
ball,2,6.5,Rajasthan Royals,SV Samson,SR Watson,J Suchith,2,0,,,,,,"",""
ball,2,6.6,Rajasthan Royals,SV Samson,SR Watson,J Suchith,1,0,,,,,,"",""
ball,2,6.7,Rajasthan Royals,SR Watson,SV Samson,J Suchith,0,0,,,,,,"",""
ball,2,7.1,Rajasthan Royals,SV Samson,SR Watson,Harbhajan Singh,0,1,1,,,,,"",""
ball,2,7.2,Rajasthan Royals,SV Samson,SR Watson,Harbhajan Singh,0,0,,,,,,"",""
ball,2,7.3,Rajasthan Royals,SV Samson,SR Watson,Harbhajan Singh,2,0,,,,,,"",""
ball,2,7.4,Rajasthan Royals,SV Samson,SR Watson,Harbhajan Singh,0,0,,,,,,"",""
ball,2,7.5,Rajasthan Royals,SV Samson,SR Watson,Harbhajan Singh,1,0,,,,,,"",""
ball,2,7.6,Rajasthan Royals,SR Watson,SV Samson,Harbhajan Singh,1,0,,,,,,"",""
ball,2,7.7,Rajasthan Royals,SV Samson,SR Watson,Harbhajan Singh,4,0,,,,,,"",""
ball,2,8.1,Rajasthan Royals,SR Watson,SV Samson,J Suchith,0,0,,,,,,bowled,SR Watson
ball,2,8.2,Rajasthan Royals,SPD Smith,SV Samson,J Suchith,1,0,,,,,,"",""
ball,2,8.3,Rajasthan Royals,SV Samson,SPD Smith,J Suchith,3,0,,,,,,"",""
ball,2,8.4,Rajasthan Royals,SPD Smith,SV Samson,J Suchith,0,1,1,,,,,"",""
ball,2,8.5,Rajasthan Royals,SPD Smith,SV Samson,J Suchith,1,0,,,,,,"",""
ball,2,8.6,Rajasthan Royals,SV Samson,SPD Smith,J Suchith,1,0,,,,,,"",""
ball,2,8.7,Rajasthan Royals,SPD Smith,SV Samson,J Suchith,4,0,,,,,,"",""
ball,2,9.1,Rajasthan Royals,SV Samson,SPD Smith,Harbhajan Singh,0,0,,,,,,"",""
ball,2,9.2,Rajasthan Royals,SV Samson,SPD Smith,Harbhajan Singh,0,0,,,,,,"",""
ball,2,9.3,Rajasthan Royals,SV Samson,SPD Smith,Harbhajan Singh,2,0,,,,,,"",""
ball,2,9.4,Rajasthan Royals,SV Samson,SPD Smith,Harbhajan Singh,1,0,,,,,,"",""
ball,2,9.5,Rajasthan Royals,SPD Smith,SV Samson,Harbhajan Singh,1,0,,,,,,"",""
ball,2,9.6,Rajasthan Royals,SV Samson,SPD Smith,Harbhajan Singh,1,0,,,,,,"",""
ball,2,10.1,Rajasthan Royals,SV Samson,SPD Smith,J Suchith,1,0,,,,,,"",""
ball,2,10.2,Rajasthan Royals,SPD Smith,SV Samson,J Suchith,1,0,,,,,,"",""
ball,2,10.3,Rajasthan Royals,SV Samson,SPD Smith,J Suchith,6,0,,,,,,"",""
ball,2,10.4,Rajasthan Royals,SV Samson,SPD Smith,J Suchith,1,0,,,,,,"",""
ball,2,10.5,Rajasthan Royals,SPD Smith,SV Samson,J Suchith,1,0,,,,,,"",""
ball,2,10.6,Rajasthan Royals,SV Samson,SPD Smith,J Suchith,1,0,,,,,,"",""
ball,2,11.1,Rajasthan Royals,SV Samson,SPD Smith,Harbhajan Singh,1,0,,,,,,"",""
ball,2,11.2,Rajasthan Royals,SPD Smith,SV Samson,Harbhajan Singh,1,0,,,,,,"",""
ball,2,11.3,Rajasthan Royals,SV Samson,SPD Smith,Harbhajan Singh,0,0,,,,,,"",""
ball,2,11.4,Rajasthan Royals,SV Samson,SPD Smith,Harbhajan Singh,4,0,,,,,,"",""
ball,2,11.5,Rajasthan Royals,SV Samson,SPD Smith,Harbhajan Singh,1,0,,,,,,"",""
ball,2,11.6,Rajasthan Royals,SPD Smith,SV Samson,Harbhajan Singh,4,0,,,,,,"",""
ball,2,12.1,Rajasthan Royals,SV Samson,SPD Smith,SL Malinga,1,0,,,,,,"",""
ball,2,12.2,Rajasthan Royals,SPD Smith,SV Samson,SL Malinga,2,0,,,,,,"",""
ball,2,12.3,Rajasthan Royals,SPD Smith,SV Samson,SL Malinga,0,0,,,,,,"",""
ball,2,12.4,Rajasthan Royals,SPD Smith,SV Samson,SL Malinga,1,0,,,,,,"",""
ball,2,12.5,Rajasthan Royals,SV Samson,SPD Smith,SL Malinga,1,0,,,,,,"",""
ball,2,12.6,Rajasthan Royals,SPD Smith,SV Samson,SL Malinga,1,0,,,,,,"",""
ball,2,13.1,Rajasthan Royals,SPD Smith,SV Samson,Harbhajan Singh,1,0,,,,,,"",""
ball,2,13.2,Rajasthan Royals,SV Samson,SPD Smith,Harbhajan Singh,0,0,,,,,,"",""
ball,2,13.3,Rajasthan Royals,SV Samson,SPD Smith,Harbhajan Singh,1,0,,,,,,"",""
ball,2,13.4,Rajasthan Royals,SPD Smith,SV Samson,Harbhajan Singh,2,0,,,,,,"",""
ball,2,13.5,Rajasthan Royals,SPD Smith,SV Samson,Harbhajan Singh,1,0,,,,,,"",""
ball,2,13.6,Rajasthan Royals,SV Samson,SPD Smith,Harbhajan Singh,4,0,,,,,,"",""
ball,2,14.1,Rajasthan Royals,SPD Smith,SV Samson,MJ McClenaghan,0,1,1,,,,,"",""
ball,2,14.2,Rajasthan Royals,SPD Smith,SV Samson,MJ McClenaghan,0,0,,,,,,"",""
ball,2,14.3,Rajasthan Royals,SPD Smith,SV Samson,MJ McClenaghan,0,0,,,,,,"",""
ball,2,14.4,Rajasthan Royals,SPD Smith,SV Samson,MJ McClenaghan,0,0,,,,,,"",""
ball,2,14.5,Rajasthan Royals,SPD Smith,SV Samson,MJ McClenaghan,1,0,,,,,,"",""
ball,2,14.6,Rajasthan Royals,SV Samson,SPD Smith,MJ McClenaghan,1,0,,,,,,"",""
ball,2,14.7,Rajasthan Royals,SPD Smith,SV Samson,MJ McClenaghan,0,0,,,,,,caught,SPD Smith
ball,2,15.1,Rajasthan Royals,SV Samson,KK Nair,R Vinay Kumar,1,0,,,,,,"",""
ball,2,15.2,Rajasthan Royals,KK Nair,SV Samson,R Vinay Kumar,4,0,,,,,,"",""
ball,2,15.3,Rajasthan Royals,KK Nair,SV Samson,R Vinay Kumar,1,0,,,,,,"",""
ball,2,15.4,Rajasthan Royals,SV Samson,KK Nair,R Vinay Kumar,2,0,,,,,,"",""
ball,2,15.5,Rajasthan Royals,SV Samson,KK Nair,R Vinay Kumar,4,0,,,,,,"",""
ball,2,15.6,Rajasthan Royals,SV Samson,KK Nair,R Vinay Kumar,1,0,,,,,,"",""
ball,2,16.1,Rajasthan Royals,SV Samson,KK Nair,SL Malinga,1,0,,,,,,"",""
ball,2,16.2,Rajasthan Royals,KK Nair,SV Samson,SL Malinga,0,1,,,,1,,"",""
ball,2,16.3,Rajasthan Royals,SV Samson,KK Nair,SL Malinga,1,0,,,,,,"",""
ball,2,16.4,Rajasthan Royals,KK Nair,SV Samson,SL Malinga,1,0,,,,,,"",""
ball,2,16.5,Rajasthan Royals,SV Samson,KK Nair,SL Malinga,6,0,,,,,,"",""
ball,2,16.6,Rajasthan Royals,SV Samson,KK Nair,SL Malinga,4,0,,,,,,"",""
ball,2,17.1,Rajasthan Royals,KK Nair,SV Samson,MJ McClenaghan,1,0,,,,,,"",""
ball,2,17.2,Rajasthan Royals,SV Samson,KK Nair,MJ McClenaghan,0,0,,,,,,"",""
ball,2,17.3,Rajasthan Royals,SV Samson,KK Nair,MJ McClenaghan,6,0,,,,,,"",""
ball,2,17.4,Rajasthan Royals,SV Samson,KK Nair,MJ McClenaghan,0,0,,,,,,caught,SV Samson
ball,2,17.5,Rajasthan Royals,KK Nair,STR Binny,MJ McClenaghan,0,0,,,,,,caught,KK Nair
ball,2,17.6,Rajasthan Royals,DJ Hooda,STR Binny,MJ McClenaghan,1,0,,,,,,"",""
ball,2,18.1,Rajasthan Royals,DJ Hooda,STR Binny,SL Malinga,0,0,,,,,,caught,DJ Hooda
ball,2,18.2,Rajasthan Royals,STR Binny,TG Southee,SL Malinga,1,0,,,,,,"",""
ball,2,18.3,Rajasthan Royals,TG Southee,STR Binny,SL Malinga,1,0,,,,,,"",""
ball,2,18.4,Rajasthan Royals,STR Binny,TG Southee,SL Malinga,1,0,,,,,,"",""
ball,2,18.5,Rajasthan Royals,TG Southee,STR Binny,SL Malinga,2,0,,,,,,"",""
ball,2,18.6,Rajasthan Royals,TG Southee,STR Binny,SL Malinga,1,0,,,,,,"",""
ball,2,19.1,Rajasthan Royals,TG Southee,STR Binny,R Vinay Kumar,1,0,,,,,,"",""
ball,2,19.2,Rajasthan Royals,STR Binny,TG Southee,R Vinay Kumar,1,0,,,,,,"",""
ball,2,19.3,Rajasthan Royals,TG Southee,STR Binny,R Vinay Kumar,1,0,,,,,,"",""
ball,2,19.4,Rajasthan Royals,STR Binny,TG Southee,R Vinay Kumar,4,0,,,,,,"",""
ball,2,19.5,Rajasthan Royals,STR Binny,TG Southee,R Vinay Kumar,1,1,,1,,,,run out,TG Southee
ball,2,19.6,Rajasthan Royals,STR Binny,J Theron,R Vinay Kumar,1,0,,,,,,"",""
ball,2,19.7,Rajasthan Royals,J Theron,STR Binny,R Vinay Kumar,1,0,,,,,,"",""
