version,1.6.0
info,balls_per_over,6
info,team,Kings XI Punjab
info,team,Kolkata Knight Riders
info,gender,male
info,season,2015
info,date,2015/04/18
info,event,Indian Premier League
info,match_number,14
info,venue,Maharashtra Cricket Association Stadium
info,city,Pune
info,toss_winner,Kolkata Knight Riders
info,toss_decision,field
info,player_of_match,AD Russell
info,umpire,SD Fry
info,umpire,CK Nandan
info,reserve_umpire,Nitin Menon
info,tv_umpire,CB Gaffaney
info,match_referee,GF Labrooy
info,winner,Kolkata Knight Riders
info,winner_wickets,4
info,player,Kings XI Punjab,M Vijay
info,player,Kings XI Punjab,V Sehwag
info,player,Kings XI Punjab,WP Saha
info,player,Kings XI Punjab,GJ Maxwell
info,player,Kings XI Punjab,GJ Bailey
info,player,Kings XI Punjab,NLTC Perera
info,player,Kings XI Punjab,Gurkeerat Singh
info,player,Kings XI Punjab,AR Patel
info,player,Kings XI Punjab,MG Johnson
info,player,Kings XI Punjab,Anureet Singh
info,player,Kings XI Punjab,Sandeep Sharma
info,player,Kolkata Knight Riders,RV Uthappa
info,player,Kolkata Knight Riders,G Gambhir
info,player,Kolkata Knight Riders,MK Pandey
info,player,Kolkata Knight Riders,SA Yadav
info,player,Kolkata Knight Riders,YK Pathan
info,player,Kolkata Knight Riders,RN ten Doeschate
info,player,Kolkata Knight Riders,AD Russell
info,player,Kolkata Knight Riders,PP Chawla
info,player,Kolkata Knight Riders,SP Narine
info,player,Kolkata Knight Riders,M Morkel
info,player,Kolkata Knight Riders,UT Yadav
info,registry,people,AD Russell,bbd41817
info,registry,people,AR Patel,2e171977
info,registry,people,Anureet Singh,69be866a
info,registry,people,CB Gaffaney,d5ac41d8
info,registry,people,CK Nandan,012de9c4
info,registry,people,G Gambhir,bb345e0b
info,registry,people,GF Labrooy,8e088dbc
info,registry,people,GJ Bailey,5056011d
info,registry,people,GJ Maxwell,b681e71e
info,registry,people,Gurkeerat Singh,6eb146d2
info,registry,people,M Morkel,5bb5a915
info,registry,people,M Vijay,4b57e452
info,registry,people,MG Johnson,f5180fe6
info,registry,people,MK Pandey,93b4fc78
info,registry,people,NLTC Perera,0f12f9df
info,registry,people,Nitin Menon,e1d41d9e
info,registry,people,PP Chawla,98ae73b1
info,registry,people,RN ten Doeschate,4ec07775
info,registry,people,RV Uthappa,1c17e270
info,registry,people,SA Yadav,271f83cd
info,registry,people,SD Fry,6b725ed1
info,registry,people,SP Narine,9d430b40
info,registry,people,Sandeep Sharma,ce820073
info,registry,people,UT Yadav,cc1e8c68
info,registry,people,V Sehwag,8ba8195d
info,registry,people,WP Saha,fe11caa6
info,registry,people,YK Pathan,3c6ffae8
ball,1,0.1,Kings XI Punjab,M Vijay,V Sehwag,UT Yadav,0,0,,,,,,"",""
ball,1,0.2,Kings XI Punjab,M Vijay,V Sehwag,UT Yadav,0,0,,,,,,"",""
ball,1,0.3,Kings XI Punjab,M Vijay,V Sehwag,UT Yadav,0,0,,,,,,"",""
ball,1,0.4,Kings XI Punjab,M Vijay,V Sehwag,UT Yadav,0,0,,,,,,caught,M Vijay
ball,1,0.5,Kings XI Punjab,WP Saha,V Sehwag,UT Yadav,0,0,,,,,,"",""
ball,1,0.6,Kings XI Punjab,WP Saha,V Sehwag,UT Yadav,2,0,,,,,,"",""
ball,1,1.1,Kings XI Punjab,V Sehwag,WP Saha,M Morkel,1,0,,,,,,"",""
ball,1,1.2,Kings XI Punjab,WP Saha,V Sehwag,M Morkel,0,1,,,,1,,"",""
ball,1,1.3,Kings XI Punjab,V Sehwag,WP Saha,M Morkel,1,0,,,,,,"",""
ball,1,1.4,Kings XI Punjab,WP Saha,V Sehwag,M Morkel,1,0,,,,,,"",""
ball,1,1.5,Kings XI Punjab,V Sehwag,WP Saha,M Morkel,0,0,,,,,,"",""
ball,1,1.6,Kings XI Punjab,V Sehwag,WP Saha,M Morkel,0,0,,,,,,"",""
ball,1,2.1,Kings XI Punjab,WP Saha,V Sehwag,UT Yadav,0,0,,,,,,"",""
ball,1,2.2,Kings XI Punjab,WP Saha,V Sehwag,UT Yadav,0,0,,,,,,"",""
ball,1,2.3,Kings XI Punjab,WP Saha,V Sehwag,UT Yadav,4,0,,,,,,"",""
ball,1,2.4,Kings XI Punjab,WP Saha,V Sehwag,UT Yadav,2,0,,,,,,"",""
ball,1,2.5,Kings XI Punjab,WP Saha,V Sehwag,UT Yadav,6,0,,,,,,"",""
ball,1,2.6,Kings XI Punjab,WP Saha,V Sehwag,UT Yadav,0,0,,,,,,"",""
ball,1,3.1,Kings XI Punjab,V Sehwag,WP Saha,M Morkel,0,0,,,,,,"",""
ball,1,3.2,Kings XI Punjab,V Sehwag,WP Saha,M Morkel,0,0,,,,,,"",""
ball,1,3.3,Kings XI Punjab,V Sehwag,WP Saha,M Morkel,4,0,,,,,,"",""
ball,1,3.4,Kings XI Punjab,V Sehwag,WP Saha,M Morkel,1,0,,,,,,"",""
ball,1,3.5,Kings XI Punjab,WP Saha,V Sehwag,M Morkel,0,0,,,,,,caught,WP Saha
ball,1,3.6,Kings XI Punjab,GJ Maxwell,V Sehwag,M Morkel,0,0,,,,,,"",""
ball,1,4.1,Kings XI Punjab,V Sehwag,GJ Maxwell,AD Russell,4,0,,,,,,"",""
ball,1,4.2,Kings XI Punjab,V Sehwag,GJ Maxwell,AD Russell,0,0,,,,,,caught,V Sehwag
ball,1,4.3,Kings XI Punjab,GJ Bailey,GJ Maxwell,AD Russell,4,0,,,,,,"",""
ball,1,4.4,Kings XI Punjab,GJ Bailey,GJ Maxwell,AD Russell,4,0,,,,,,"",""
ball,1,4.5,Kings XI Punjab,GJ Bailey,GJ Maxwell,AD Russell,1,0,,,,,,"",""
ball,1,4.6,Kings XI Punjab,GJ Maxwell,GJ Bailey,AD Russell,1,0,,,,,,"",""
ball,1,5.1,Kings XI Punjab,GJ Maxwell,GJ Bailey,M Morkel,6,0,,,,,,"",""
ball,1,5.2,Kings XI Punjab,GJ Maxwell,GJ Bailey,M Morkel,4,0,,,,,,"",""
ball,1,5.3,Kings XI Punjab,GJ Maxwell,GJ Bailey,M Morkel,1,0,,,,,,"",""
ball,1,5.4,Kings XI Punjab,GJ Bailey,GJ Maxwell,M Morkel,0,0,,,,,,"",""
ball,1,5.5,Kings XI Punjab,GJ Bailey,GJ Maxwell,M Morkel,0,0,,,,,,"",""
ball,1,5.6,Kings XI Punjab,GJ Bailey,GJ Maxwell,M Morkel,0,0,,,,,,"",""
ball,1,6.1,Kings XI Punjab,GJ Maxwell,GJ Bailey,SP Narine,0,0,,,,,,"",""
ball,1,6.2,Kings XI Punjab,GJ Maxwell,GJ Bailey,SP Narine,0,0,,,,,,"",""
ball,1,6.3,Kings XI Punjab,GJ Maxwell,GJ Bailey,SP Narine,0,0,,,,,,"",""
ball,1,6.4,Kings XI Punjab,GJ Maxwell,GJ Bailey,SP Narine,0,0,,,,,,"",""
ball,1,6.5,Kings XI Punjab,GJ Maxwell,GJ Bailey,SP Narine,1,0,,,,,,"",""
ball,1,6.6,Kings XI Punjab,GJ Bailey,GJ Maxwell,SP Narine,1,0,,,,,,"",""
ball,1,7.1,Kings XI Punjab,GJ Bailey,GJ Maxwell,AD Russell,0,0,,,,,,"",""
ball,1,7.2,Kings XI Punjab,GJ Bailey,GJ Maxwell,AD Russell,0,0,,,,,,"",""
ball,1,7.3,Kings XI Punjab,GJ Bailey,GJ Maxwell,AD Russell,1,0,,,,,,"",""
ball,1,7.4,Kings XI Punjab,GJ Maxwell,GJ Bailey,AD Russell,0,0,,,,,,"",""
ball,1,7.5,Kings XI Punjab,GJ Maxwell,GJ Bailey,AD Russell,1,0,,,,,,"",""
ball,1,7.6,Kings XI Punjab,GJ Bailey,GJ Maxwell,AD Russell,2,0,,,,,,"",""
ball,1,8.1,Kings XI Punjab,GJ Maxwell,GJ Bailey,SP Narine,1,0,,,,,,"",""
ball,1,8.2,Kings XI Punjab,GJ Bailey,GJ Maxwell,SP Narine,1,0,,,,,,"",""
ball,1,8.3,Kings XI Punjab,GJ Maxwell,GJ Bailey,SP Narine,4,0,,,,,,"",""
ball,1,8.4,Kings XI Punjab,GJ Maxwell,GJ Bailey,SP Narine,0,0,,,,,,"",""
ball,1,8.5,Kings XI Punjab,GJ Maxwell,GJ Bailey,SP Narine,0,4,,,4,,,"",""
ball,1,8.6,Kings XI Punjab,GJ Maxwell,GJ Bailey,SP Narine,0,0,,,,,,"",""
ball,1,9.1,Kings XI Punjab,GJ Bailey,GJ Maxwell,AD Russell,1,0,,,,,,"",""
ball,1,9.2,Kings XI Punjab,GJ Maxwell,GJ Bailey,AD Russell,6,0,,,,,,"",""
ball,1,9.3,Kings XI Punjab,GJ Maxwell,GJ Bailey,AD Russell,0,1,1,,,,,"",""
ball,1,9.4,Kings XI Punjab,GJ Maxwell,GJ Bailey,AD Russell,0,1,1,,,,,"",""
ball,1,9.5,Kings XI Punjab,GJ Maxwell,GJ Bailey,AD Russell,1,0,,,,,,"",""
ball,1,9.6,Kings XI Punjab,GJ Bailey,GJ Maxwell,AD Russell,1,0,,,,,,"",""
ball,1,9.7,Kings XI Punjab,GJ Maxwell,GJ Bailey,AD Russell,0,0,,,,,,"",""
ball,1,9.8,Kings XI Punjab,GJ Maxwell,GJ Bailey,AD Russell,2,0,,,,,,"",""
ball,1,10.1,Kings XI Punjab,GJ Bailey,GJ Maxwell,PP Chawla,1,0,,,,,,"",""
ball,1,10.2,Kings XI Punjab,GJ Maxwell,GJ Bailey,PP Chawla,1,0,,,,,,"",""
ball,1,10.3,Kings XI Punjab,GJ Bailey,GJ Maxwell,PP Chawla,0,0,,,,,,"",""
ball,1,10.4,Kings XI Punjab,GJ Bailey,GJ Maxwell,PP Chawla,1,0,,,,,,"",""
ball,1,10.5,Kings XI Punjab,GJ Maxwell,GJ Bailey,PP Chawla,2,0,,,,,,"",""
ball,1,10.6,Kings XI Punjab,GJ Maxwell,GJ Bailey,PP Chawla,1,0,,,,,,"",""
ball,1,11.1,Kings XI Punjab,GJ Maxwell,GJ Bailey,UT Yadav,1,0,,,,,,"",""
ball,1,11.2,Kings XI Punjab,GJ Bailey,GJ Maxwell,UT Yadav,0,1,1,,,,,"",""
ball,1,11.3,Kings XI Punjab,GJ Bailey,GJ Maxwell,UT Yadav,4,0,,,,,,"",""
ball,1,11.4,Kings XI Punjab,GJ Bailey,GJ Maxwell,UT Yadav,1,0,,,,,,"",""
ball,1,11.5,Kings XI Punjab,GJ Maxwell,GJ Bailey,UT Yadav,0,0,,,,,,caught,GJ Maxwell
ball,1,11.6,Kings XI Punjab,GJ Bailey,NLTC Perera,UT Yadav,1,0,,,,,,"",""
ball,1,11.7,Kings XI Punjab,NLTC Perera,GJ Bailey,UT Yadav,0,0,,,,,,"",""
ball,1,12.1,Kings XI Punjab,GJ Bailey,NLTC Perera,PP Chawla,1,0,,,,,,"",""
ball,1,12.2,Kings XI Punjab,NLTC Perera,GJ Bailey,PP Chawla,1,0,,,,,,"",""
ball,1,12.3,Kings XI Punjab,GJ Bailey,NLTC Perera,PP Chawla,1,0,,,,,,"",""
ball,1,12.4,Kings XI Punjab,NLTC Perera,GJ Bailey,PP Chawla,1,0,,,,,,"",""
ball,1,12.5,Kings XI Punjab,GJ Bailey,NLTC Perera,PP Chawla,0,0,,,,,,"",""
ball,1,12.6,Kings XI Punjab,GJ Bailey,NLTC Perera,PP Chawla,0,0,,,,,,"",""
ball,1,13.1,Kings XI Punjab,NLTC Perera,GJ Bailey,AD Russell,6,0,,,,,,"",""
ball,1,13.2,Kings XI Punjab,NLTC Perera,GJ Bailey,AD Russell,0,4,,,4,,,"",""
ball,1,13.3,Kings XI Punjab,NLTC Perera,GJ Bailey,AD Russell,0,0,,,,,,"",""
ball,1,13.4,Kings XI Punjab,NLTC Perera,GJ Bailey,AD Russell,1,0,,,,,,"",""
ball,1,13.5,Kings XI Punjab,GJ Bailey,NLTC Perera,AD Russell,1,0,,,,,,"",""
ball,1,13.6,Kings XI Punjab,NLTC Perera,GJ Bailey,AD Russell,0,0,,,,,,caught,NLTC Perera
ball,1,14.1,Kings XI Punjab,GJ Bailey,Gurkeerat Singh,PP Chawla,1,0,,,,,,"",""
ball,1,14.2,Kings XI Punjab,Gurkeerat Singh,GJ Bailey,PP Chawla,1,0,,,,,,"",""
ball,1,14.3,Kings XI Punjab,GJ Bailey,Gurkeerat Singh,PP Chawla,1,0,,,,,,"",""
ball,1,14.4,Kings XI Punjab,Gurkeerat Singh,GJ Bailey,PP Chawla,0,0,,,,,,"",""
ball,1,14.5,Kings XI Punjab,Gurkeerat Singh,GJ Bailey,PP Chawla,1,0,,,,,,"",""
ball,1,14.6,Kings XI Punjab,GJ Bailey,Gurkeerat Singh,PP Chawla,1,0,,,,,,"",""
ball,1,15.1,Kings XI Punjab,GJ Bailey,Gurkeerat Singh,SP Narine,1,0,,,,,,"",""
ball,1,15.2,Kings XI Punjab,Gurkeerat Singh,GJ Bailey,SP Narine,0,0,,,,,,"",""
ball,1,15.3,Kings XI Punjab,Gurkeerat Singh,GJ Bailey,SP Narine,0,0,,,,,,"",""
ball,1,15.4,Kings XI Punjab,Gurkeerat Singh,GJ Bailey,SP Narine,1,0,,,,,,"",""
ball,1,15.5,Kings XI Punjab,GJ Bailey,Gurkeerat Singh,SP Narine,0,0,,,,,,"",""
ball,1,15.6,Kings XI Punjab,GJ Bailey,Gurkeerat Singh,SP Narine,1,0,,,,,,"",""
ball,1,16.1,Kings XI Punjab,GJ Bailey,Gurkeerat Singh,PP Chawla,1,0,,,,,,"",""
ball,1,16.2,Kings XI Punjab,Gurkeerat Singh,GJ Bailey,PP Chawla,6,0,,,,,,"",""
ball,1,16.3,Kings XI Punjab,Gurkeerat Singh,GJ Bailey,PP Chawla,1,0,,,,,,"",""
ball,1,16.4,Kings XI Punjab,GJ Bailey,Gurkeerat Singh,PP Chawla,0,0,,,,,,"",""
ball,1,16.5,Kings XI Punjab,GJ Bailey,Gurkeerat Singh,PP Chawla,0,0,,,,,,"",""
ball,1,16.6,Kings XI Punjab,GJ Bailey,Gurkeerat Singh,PP Chawla,6,0,,,,,,"",""
ball,1,17.1,Kings XI Punjab,Gurkeerat Singh,GJ Bailey,UT Yadav,1,0,,,,,,"",""
ball,1,17.2,Kings XI Punjab,GJ Bailey,Gurkeerat Singh,UT Yadav,1,0,,,,,,"",""
ball,1,17.3,Kings XI Punjab,Gurkeerat Singh,GJ Bailey,UT Yadav,0,0,,,,,,caught,Gurkeerat Singh
ball,1,17.4,Kings XI Punjab,AR Patel,GJ Bailey,UT Yadav,1,0,,,,,,"",""
ball,1,17.5,Kings XI Punjab,GJ Bailey,AR Patel,UT Yadav,4,0,,,,,,"",""
ball,1,17.6,Kings XI Punjab,GJ Bailey,AR Patel,UT Yadav,4,0,,,,,,"",""
ball,1,18.1,Kings XI Punjab,AR Patel,GJ Bailey,SP Narine,1,0,,,,,,"",""
ball,1,18.2,Kings XI Punjab,GJ Bailey,AR Patel,SP Narine,0,0,,,,,,"",""
ball,1,18.3,Kings XI Punjab,GJ Bailey,AR Patel,SP Narine,2,0,,,,,,"",""
ball,1,18.4,Kings XI Punjab,GJ Bailey,AR Patel,SP Narine,2,0,,,,,,"",""
ball,1,18.5,Kings XI Punjab,GJ Bailey,AR Patel,SP Narine,1,0,,,,,,"",""
ball,1,18.6,Kings XI Punjab,AR Patel,GJ Bailey,SP Narine,0,0,,,,,,caught,AR Patel
ball,1,19.1,Kings XI Punjab,MG Johnson,GJ Bailey,M Morkel,1,0,,,,,,"",""
ball,1,19.2,Kings XI Punjab,GJ Bailey,MG Johnson,M Morkel,6,0,,,,,,"",""
ball,1,19.3,Kings XI Punjab,GJ Bailey,MG Johnson,M Morkel,0,0,,,,,,"",""
ball,1,19.4,Kings XI Punjab,GJ Bailey,MG Johnson,M Morkel,1,0,,,,,,run out,GJ Bailey
ball,1,19.5,Kings XI Punjab,Anureet Singh,MG Johnson,M Morkel,0,1,,,1,,,"",""
ball,1,19.6,Kings XI Punjab,MG Johnson,Anureet Singh,M Morkel,0,0,,,,,,caught,MG Johnson
ball,2,0.1,Kolkata Knight Riders,RV Uthappa,G Gambhir,Sandeep Sharma,2,0,,,,,,"",""
ball,2,0.2,Kolkata Knight Riders,RV Uthappa,G Gambhir,Sandeep Sharma,0,0,,,,,,"",""
ball,2,0.3,Kolkata Knight Riders,RV Uthappa,G Gambhir,Sandeep Sharma,0,0,,,,,,"",""
ball,2,0.4,Kolkata Knight Riders,RV Uthappa,G Gambhir,Sandeep Sharma,1,0,,,,,,"",""
ball,2,0.5,Kolkata Knight Riders,G Gambhir,RV Uthappa,Sandeep Sharma,1,0,,,,,,"",""
ball,2,0.6,Kolkata Knight Riders,RV Uthappa,G Gambhir,Sandeep Sharma,4,0,,,,,,"",""
ball,2,1.1,Kolkata Knight Riders,G Gambhir,RV Uthappa,Anureet Singh,0,0,,,,,,"",""
ball,2,1.2,Kolkata Knight Riders,G Gambhir,RV Uthappa,Anureet Singh,0,1,,,,1,,"",""
ball,2,1.3,Kolkata Knight Riders,RV Uthappa,G Gambhir,Anureet Singh,4,0,,,,,,"",""
ball,2,1.4,Kolkata Knight Riders,RV Uthappa,G Gambhir,Anureet Singh,1,0,,,,,,"",""
ball,2,1.5,Kolkata Knight Riders,G Gambhir,RV Uthappa,Anureet Singh,1,0,,,,,,"",""
ball,2,1.6,Kolkata Knight Riders,RV Uthappa,G Gambhir,Anureet Singh,1,0,,,,,,"",""
ball,2,2.1,Kolkata Knight Riders,RV Uthappa,G Gambhir,Sandeep Sharma,0,0,,,,,,"",""
ball,2,2.2,Kolkata Knight Riders,RV Uthappa,G Gambhir,Sandeep Sharma,0,0,,,,,,lbw,RV Uthappa
ball,2,2.3,Kolkata Knight Riders,MK Pandey,G Gambhir,Sandeep Sharma,3,0,,,,,,"",""
ball,2,2.4,Kolkata Knight Riders,G Gambhir,MK Pandey,Sandeep Sharma,2,0,,,,,,"",""
ball,2,2.5,Kolkata Knight Riders,G Gambhir,MK Pandey,Sandeep Sharma,0,0,,,,,,"",""
ball,2,2.6,Kolkata Knight Riders,G Gambhir,MK Pandey,Sandeep Sharma,0,0,,,,,,"",""
ball,2,3.1,Kolkata Knight Riders,MK Pandey,G Gambhir,Anureet Singh,0,0,,,,,,"",""
ball,2,3.2,Kolkata Knight Riders,MK Pandey,G Gambhir,Anureet Singh,1,0,,,,,,"",""
ball,2,3.3,Kolkata Knight Riders,G Gambhir,MK Pandey,Anureet Singh,0,0,,,,,,"",""
ball,2,3.4,Kolkata Knight Riders,G Gambhir,MK Pandey,Anureet Singh,4,0,,,,,,"",""
ball,2,3.5,Kolkata Knight Riders,G Gambhir,MK Pandey,Anureet Singh,0,0,,,,,,"",""
ball,2,3.6,Kolkata Knight Riders,G Gambhir,MK Pandey,Anureet Singh,0,0,,,,,,"",""
ball,2,4.1,Kolkata Knight Riders,MK Pandey,G Gambhir,Sandeep Sharma,4,0,,,,,,"",""
ball,2,4.2,Kolkata Knight Riders,MK Pandey,G Gambhir,Sandeep Sharma,4,0,,,,,,"",""
ball,2,4.3,Kolkata Knight Riders,MK Pandey,G Gambhir,Sandeep Sharma,0,0,,,,,,caught,MK Pandey
ball,2,4.4,Kolkata Knight Riders,SA Yadav,G Gambhir,Sandeep Sharma,0,0,,,,,,"",""
ball,2,4.5,Kolkata Knight Riders,SA Yadav,G Gambhir,Sandeep Sharma,0,0,,,,,,"",""
ball,2,4.6,Kolkata Knight Riders,SA Yadav,G Gambhir,Sandeep Sharma,4,0,,,,,,"",""
ball,2,5.1,Kolkata Knight Riders,G Gambhir,SA Yadav,MG Johnson,0,0,,,,,,"",""
ball,2,5.2,Kolkata Knight Riders,G Gambhir,SA Yadav,MG Johnson,1,0,,,,,,"",""
ball,2,5.3,Kolkata Knight Riders,SA Yadav,G Gambhir,MG Johnson,6,0,,,,,,"",""
ball,2,5.4,Kolkata Knight Riders,SA Yadav,G Gambhir,MG Johnson,2,0,,,,,,"",""
ball,2,5.5,Kolkata Knight Riders,SA Yadav,G Gambhir,MG Johnson,0,0,,,,,,"",""
ball,2,5.6,Kolkata Knight Riders,SA Yadav,G Gambhir,MG Johnson,6,0,,,,,,"",""
ball,2,6.1,Kolkata Knight Riders,G Gambhir,SA Yadav,NLTC Perera,1,0,,,,,,"",""
ball,2,6.2,Kolkata Knight Riders,SA Yadav,G Gambhir,NLTC Perera,4,0,,,,,,"",""
ball,2,6.3,Kolkata Knight Riders,SA Yadav,G Gambhir,NLTC Perera,1,0,,,,,,"",""
ball,2,6.4,Kolkata Knight Riders,G Gambhir,SA Yadav,NLTC Perera,1,0,,,,,,"",""
ball,2,6.5,Kolkata Knight Riders,SA Yadav,G Gambhir,NLTC Perera,0,0,,,,,,caught,SA Yadav
ball,2,6.6,Kolkata Knight Riders,YK Pathan,G Gambhir,NLTC Perera,0,0,,,,,,"",""
ball,2,7.1,Kolkata Knight Riders,G Gambhir,YK Pathan,Sandeep Sharma,0,0,,,,,,"",""
ball,2,7.2,Kolkata Knight Riders,G Gambhir,YK Pathan,Sandeep Sharma,0,0,,,,,,"",""
ball,2,7.3,Kolkata Knight Riders,G Gambhir,YK Pathan,Sandeep Sharma,0,0,,,,,,"",""
ball,2,7.4,Kolkata Knight Riders,G Gambhir,YK Pathan,Sandeep Sharma,0,0,,,,,,caught,G Gambhir
ball,2,7.5,Kolkata Knight Riders,RN ten Doeschate,YK Pathan,Sandeep Sharma,0,0,,,,,,lbw,RN ten Doeschate
ball,2,7.6,Kolkata Knight Riders,AD Russell,YK Pathan,Sandeep Sharma,0,0,,,,,,"",""
ball,2,8.1,Kolkata Knight Riders,YK Pathan,AD Russell,AR Patel,0,0,,,,,,"",""
ball,2,8.2,Kolkata Knight Riders,YK Pathan,AD Russell,AR Patel,0,0,,,,,,"",""
ball,2,8.3,Kolkata Knight Riders,YK Pathan,AD Russell,AR Patel,0,0,,,,,,"",""
ball,2,8.4,Kolkata Knight Riders,YK Pathan,AD Russell,AR Patel,1,0,,,,,,"",""
ball,2,8.5,Kolkata Knight Riders,AD Russell,YK Pathan,AR Patel,2,0,,,,,,"",""
ball,2,8.6,Kolkata Knight Riders,AD Russell,YK Pathan,AR Patel,0,0,,,,,,"",""
ball,2,9.1,Kolkata Knight Riders,YK Pathan,AD Russell,NLTC Perera,0,0,,,,,,"",""
ball,2,9.2,Kolkata Knight Riders,YK Pathan,AD Russell,NLTC Perera,1,0,,,,,,"",""
ball,2,9.3,Kolkata Knight Riders,AD Russell,YK Pathan,NLTC Perera,4,0,,,,,,"",""
ball,2,9.4,Kolkata Knight Riders,AD Russell,YK Pathan,NLTC Perera,0,0,,,,,,"",""
ball,2,9.5,Kolkata Knight Riders,AD Russell,YK Pathan,NLTC Perera,0,0,,,,,,"",""
ball,2,9.6,Kolkata Knight Riders,AD Russell,YK Pathan,NLTC Perera,0,0,,,,,,"",""
ball,2,10.1,Kolkata Knight Riders,YK Pathan,AD Russell,MG Johnson,0,0,,,,,,"",""
ball,2,10.2,Kolkata Knight Riders,YK Pathan,AD Russell,MG Johnson,1,0,,,,,,"",""
ball,2,10.3,Kolkata Knight Riders,AD Russell,YK Pathan,MG Johnson,4,0,,,,,,"",""
ball,2,10.4,Kolkata Knight Riders,AD Russell,YK Pathan,MG Johnson,0,0,,,,,,"",""
ball,2,10.5,Kolkata Knight Riders,AD Russell,YK Pathan,MG Johnson,4,0,,,,,,"",""
ball,2,10.6,Kolkata Knight Riders,AD Russell,YK Pathan,MG Johnson,0,0,,,,,,"",""
ball,2,11.1,Kolkata Knight Riders,YK Pathan,AD Russell,NLTC Perera,0,1,1,,,,,"",""
ball,2,11.2,Kolkata Knight Riders,YK Pathan,AD Russell,NLTC Perera,1,0,,,,,,"",""
ball,2,11.3,Kolkata Knight Riders,AD Russell,YK Pathan,NLTC Perera,4,0,,,,,,"",""
ball,2,11.4,Kolkata Knight Riders,AD Russell,YK Pathan,NLTC Perera,0,0,,,,,,"",""
ball,2,11.5,Kolkata Knight Riders,AD Russell,YK Pathan,NLTC Perera,0,0,,,,,,"",""
ball,2,11.6,Kolkata Knight Riders,AD Russell,YK Pathan,NLTC Perera,0,0,,,,,,"",""
ball,2,11.7,Kolkata Knight Riders,AD Russell,YK Pathan,NLTC Perera,1,0,,,,,,"",""
ball,2,12.1,Kolkata Knight Riders,AD Russell,YK Pathan,AR Patel,4,0,,,,,,"",""
ball,2,12.2,Kolkata Knight Riders,AD Russell,YK Pathan,AR Patel,6,0,,,,,,"",""
ball,2,12.3,Kolkata Knight Riders,AD Russell,YK Pathan,AR Patel,4,0,,,,,,"",""
ball,2,12.4,Kolkata Knight Riders,AD Russell,YK Pathan,AR Patel,2,0,,,,,,"",""
ball,2,12.5,Kolkata Knight Riders,AD Russell,YK Pathan,AR Patel,2,0,,,,,,"",""
ball,2,12.6,Kolkata Knight Riders,AD Russell,YK Pathan,AR Patel,1,0,,,,,,"",""
ball,2,13.1,Kolkata Knight Riders,AD Russell,YK Pathan,MG Johnson,4,0,,,,,,"",""
ball,2,13.2,Kolkata Knight Riders,AD Russell,YK Pathan,MG Johnson,1,0,,,,,,"",""
ball,2,13.3,Kolkata Knight Riders,YK Pathan,AD Russell,MG Johnson,4,0,,,,,,"",""
ball,2,13.4,Kolkata Knight Riders,YK Pathan,AD Russell,MG Johnson,0,0,,,,,,"",""
ball,2,13.5,Kolkata Knight Riders,YK Pathan,AD Russell,MG Johnson,1,0,,,,,,"",""
ball,2,13.6,Kolkata Knight Riders,AD Russell,YK Pathan,MG Johnson,0,0,,,,,,"",""
ball,2,14.1,Kolkata Knight Riders,YK Pathan,AD Russell,Anureet Singh,0,0,,,,,,"",""
ball,2,14.2,Kolkata Knight Riders,YK Pathan,AD Russell,Anureet Singh,4,0,,,,,,"",""
ball,2,14.3,Kolkata Knight Riders,YK Pathan,AD Russell,Anureet Singh,1,0,,,,,,"",""
ball,2,14.4,Kolkata Knight Riders,AD Russell,YK Pathan,Anureet Singh,2,0,,,,,,"",""
ball,2,14.5,Kolkata Knight Riders,AD Russell,YK Pathan,Anureet Singh,1,0,,,,,,"",""
ball,2,14.6,Kolkata Knight Riders,YK Pathan,AD Russell,Anureet Singh,4,0,,,,,,"",""
ball,2,15.1,Kolkata Knight Riders,AD Russell,YK Pathan,NLTC Perera,4,0,,,,,,"",""
ball,2,15.2,Kolkata Knight Riders,AD Russell,YK Pathan,NLTC Perera,1,0,,,,,,"",""
ball,2,15.3,Kolkata Knight Riders,YK Pathan,AD Russell,NLTC Perera,1,0,,,,,,"",""
ball,2,15.4,Kolkata Knight Riders,AD Russell,YK Pathan,NLTC Perera,6,0,,,,,,"",""
ball,2,15.5,Kolkata Knight Riders,AD Russell,YK Pathan,NLTC Perera,1,0,,,,,,"",""
ball,2,15.6,Kolkata Knight Riders,YK Pathan,AD Russell,NLTC Perera,1,0,,,,,,"",""
ball,2,16.1,Kolkata Knight Riders,YK Pathan,AD Russell,Anureet Singh,4,0,,,,,,"",""
ball,2,16.2,Kolkata Knight Riders,YK Pathan,AD Russell,Anureet Singh,1,0,,,,,,"",""
ball,2,16.3,Kolkata Knight Riders,AD Russell,YK Pathan,Anureet Singh,2,0,,,,,,"",""
ball,2,16.4,Kolkata Knight Riders,AD Russell,YK Pathan,Anureet Singh,1,0,,,,,,"",""
ball,2,16.5,Kolkata Knight Riders,YK Pathan,AD Russell,Anureet Singh,1,0,,,,,,"",""
ball,2,16.6,Kolkata Knight Riders,AD Russell,YK Pathan,Anureet Singh,4,0,,,,,,"",""
ball,2,17.1,Kolkata Knight Riders,YK Pathan,AD Russell,MG Johnson,1,0,,,,,,"",""
ball,2,17.2,Kolkata Knight Riders,AD Russell,YK Pathan,MG Johnson,1,0,,,,,,"",""
ball,2,17.3,Kolkata Knight Riders,YK Pathan,AD Russell,MG Johnson,1,0,,,,,,"",""
ball,2,17.4,Kolkata Knight Riders,AD Russell,YK Pathan,MG Johnson,0,0,,,,,,bowled,AD Russell
ball,2,17.5,Kolkata Knight Riders,PP Chawla,YK Pathan,MG Johnson,4,0,,,,,,"",""
